id,external_id,merchant_id,amount,transaction_time,bank_reference,description,type,metadata_json
btxn_12e765fd9661,btxn_12e765fd9661,merch_1d7b999b,32007.4,2026-01-03T01:17:00,pay_4526a339be5c,Settlement setl_f5f86b073ce8,CREDIT,{}
btxn_0b0c7960b624,btxn_0b0c7960b624,merch_1d7b999b,5214.51,2026-01-25T19:05:00,pay_0526ece484b6,Settlement setl_66282a5ae109,CREDIT,{}
btxn_7365ac215c9b,btxn_7365ac215c9b,merch_1d7b999b,21034.04,2026-01-16T20:17:00,pay_e440a6dbf8a9,Settlement setl_5d874530863a,CREDIT,{}
btxn_043a3a90c362,btxn_043a3a90c362,merch_1d7b999b,17078.5,2026-01-06T08:48:00,pay_73bb16777706,Settlement setl_7c3a5fddb2f1,CREDIT,{}
btxn_fb4a6a7bb15e,btxn_fb4a6a7bb15e,merch_1d7b999b,26857.78,2026-01-31T14:05:00,pay_0c9044e9f91e,Settlement setl_a908d35c4a4b,CREDIT,{}
btxn_bd60cfd45c79,btxn_bd60cfd45c79,merch_1d7b999b,43099.17,2026-01-20T08:45:00,pay_0b905630a13d,Settlement setl_806539ab0edc,CREDIT,{}
btxn_ca0887cf8ab9,btxn_ca0887cf8ab9,merch_1d7b999b,38676.11,2026-01-04T09:55:00,pay_66dec4433b62,Settlement setl_c5fb5ee8618f,CREDIT,{}
btxn_568e433c31ce,btxn_568e433c31ce,merch_1d7b999b,31820.65,2026-01-13T07:23:00,pay_834be31b11e7,Settlement setl_f0a051812966,CREDIT,{}
btxn_d83a747d88ac,btxn_d83a747d88ac,merch_1d7b999b,8253.78,2026-01-14T10:59:00,pay_50196588bc45,Settlement setl_5c4c112c23d4,CREDIT,{}
btxn_d73fb6653809,btxn_d73fb6653809,merch_1d7b999b,38438.85,2026-01-03T09:52:00,pay_f1e3ab8e3fb4,Settlement setl_6bf15e8490d3,CREDIT,{}
btxn_aae4247f6dac,btxn_aae4247f6dac,merch_1d7b999b,3402.81,2026-01-31T20:56:00,pay_f0d37e69f2df,Settlement setl_6ab21b4a4600,CREDIT,{}
btxn_eb95e792c8f0,btxn_eb95e792c8f0,merch_1d7b999b,19842.03,2026-01-31T22:29:00,pay_3caa66cd188d,Settlement setl_e8c1a78b0578,CREDIT,{}
btxn_2521c2cfa2f8,btxn_2521c2cfa2f8,merch_1d7b999b,37274.95,2026-01-19T10:47:00,pay_32785ac492e9,Settlement setl_b86bc7042f47,CREDIT,{}
btxn_bcd4a190f81f,btxn_bcd4a190f81f,merch_1d7b999b,10823.23,2026-01-06T18:31:00,pay_5b11fd6cdbd0,Settlement setl_10aeed09dd0b,CREDIT,{}
btxn_6ef60bf64a0c,btxn_6ef60bf64a0c,merch_1d7b999b,7726.78,2026-01-07T23:27:00,pay_d5c799f1f884,Settlement setl_672e5255bac7,CREDIT,{}
btxn_7c5ff275238a,btxn_7c5ff275238a,merch_1d7b999b,34117.35,2026-01-19T10:49:00,pay_78a091eec140,Settlement setl_6c82b6b84e9f,CREDIT,{}
btxn_89e69b6b4d11,btxn_89e69b6b4d11,merch_1d7b999b,25433.32,2026-01-05T22:19:00,pay_41a1cd42f5f5,Settlement setl_5139228944a5,CREDIT,{}
btxn_10ca737e1364,btxn_10ca737e1364,merch_1d7b999b,18758.3,2026-01-07T19:49:00,pay_4353c66d0a44,Settlement setl_52c0fd36ea3f,CREDIT,{}
btxn_8667e6f1e78b,btxn_8667e6f1e78b,merch_1d7b999b,24481.42,2026-01-05T13:56:00,pay_c1aaf28f66ab,Settlement setl_5df2652b3f6f,CREDIT,{}
btxn_32eda1c85768,btxn_32eda1c85768,merch_1d7b999b,43912.68,2026-02-01T04:05:00,pay_5ad6d8ab2b1e,Settlement setl_36ccc82c21af,CREDIT,{}
btxn_f68685c64c9f,btxn_f68685c64c9f,merch_1d7b999b,26682.04,2026-01-06T06:42:00,pay_9a1ee9ae4dac,Settlement setl_e7d7edc93b60,CREDIT,{}
btxn_aaa5f6524d31,btxn_aaa5f6524d31,merch_1d7b999b,20009.72,2026-01-23T22:23:00,pay_37ac3a006ca0,Settlement setl_a91646732c31,CREDIT,{}
btxn_2e0dc784b83a,btxn_2e0dc784b83a,merch_1d7b999b,12470.49,2026-01-04T12:01:00,pay_3e91fbcfee3d,Settlement setl_8e730996fe10,CREDIT,{}
btxn_3698d3be004d,btxn_3698d3be004d,merch_1d7b999b,3569.70,2026-01-22T03:14:00,pay_ddb59e67b9c8,Settlement setl_a16e672f8e89,CREDIT,{}
btxn_8f7a894c0a8a,btxn_8f7a894c0a8a,merch_1d7b999b,3635.78,2026-01-09T10:42:00,pay_5a90f480575d,Settlement setl_87c0ca99373a,CREDIT,{}
btxn_9faf98226a6d,btxn_9faf98226a6d,merch_1d7b999b,36195.29,2026-01-30T20:36:00,pay_a70c9c866b51,Settlement setl_73133bf2caa1,CREDIT,{}
btxn_7eb2385cf047,btxn_7eb2385cf047,merch_1d7b999b,40394.1,2026-01-08T05:06:00,pay_39d8d3eda326,Settlement setl_e7c0429ce27a,CREDIT,{}
btxn_c72509aedafb,btxn_c72509aedafb,merch_1d7b999b,23404.53,2026-01-25T03:43:00,pay_e78bdedc423f,Settlement setl_e0076b6cd2fa,CREDIT,{}
btxn_2a8a646b26e1,btxn_2a8a646b26e1,merch_1d7b999b,17031.2,2026-01-29T05:15:00,pay_bab78aee2f39,Settlement setl_15427e150cc6,CREDIT,{}
btxn_f28110a8dc1e,btxn_f28110a8dc1e,merch_1d7b999b,7095.1,2026-01-07T10:29:00,pay_4e8ed9608eb7,Settlement setl_18b8f88cb970,CREDIT,{}
btxn_f330da07d77b,btxn_f330da07d77b,merch_1d7b999b,43081.32,2026-01-19T05:03:00,pay_f34ffeddd9ac,Settlement setl_a5a7f6f8f257,CREDIT,{}
btxn_8104fa090943,btxn_8104fa090943,merch_1d7b999b,46325.71,2026-01-29T09:10:00,pay_4d40ffe6f1b3,Settlement setl_a4ebc612a80b,CREDIT,{}
btxn_444b11ccc96a,btxn_444b11ccc96a,merch_1d7b999b,43246.05,2026-01-30T03:10:00,pay_89bdfcd4eaaf,Settlement setl_76f23020e28a,CREDIT,{}
btxn_d54b9160a1b0,btxn_d54b9160a1b0,merch_1d7b999b,13333.63,2026-01-27T16:18:00,pay_8788d2f9f9dc,Settlement setl_1d96f5e9d1e6,CREDIT,{}
btxn_0c02d1e55a48,btxn_0c02d1e55a48,merch_1d7b999b,3141.78,2026-01-12T03:03:00,wrong_pay_5671d9b13610,Settlement setl_70f36ffdd645,CREDIT,{}
btxn_4dab8568aa8a,btxn_4dab8568aa8a,merch_1d7b999b,26603.19,2026-01-03T18:05:00,pay_d2f29aed59b2,Settlement setl_dca688c8288c,CREDIT,{}
btxn_2092078d7e71,btxn_2092078d7e71,merch_1d7b999b,33793.11,2026-01-09T14:07:00,pay_21cf58960601,Settlement setl_dede62ab3b42,CREDIT,{}
btxn_e03309552ccf,btxn_e03309552ccf,merch_1d7b999b,31007.14,2026-01-15T23:37:00,pay_32db618778d0,Settlement setl_fc7bae6faca8,CREDIT,{}
btxn_2c56b07ea539,btxn_2c56b07ea539,merch_1d7b999b,10292.53,2026-01-24T12:15:00,pay_ad380a4f91b4,Settlement setl_a806001daa7f,CREDIT,{}
btxn_6df51ea0d5e3,btxn_6df51ea0d5e3,merch_1d7b999b,32310.49,2026-01-16T12:59:00,pay_6b020d93ad2d,Settlement setl_9d376033371d,CREDIT,{}
btxn_fb7c560e1e82,btxn_fb7c560e1e82,merch_1d7b999b,49922.88,2026-01-05T04:34:00,pay_34a26bfa586d,Settlement setl_d7ecd7d6f49f,CREDIT,{}
btxn_88a834009424,btxn_88a834009424,merch_1d7b999b,46669.64,2026-01-30T04:56:00,pay_68412a6c09a6,Settlement setl_fb92826d1bc2,CREDIT,{}
btxn_db5ca552387a,btxn_db5ca552387a,merch_1d7b999b,21965.41,2026-01-20T00:19:00,pay_2c2f274b851e,Settlement setl_02eede1a3865,CREDIT,{}
btxn_d18daad3e34a,btxn_d18daad3e34a,merch_1d7b999b,27774.65,2026-01-31T23:06:00,pay_6440a02fed9b,Settlement setl_980d6bc3e408,CREDIT,{}
btxn_b98f71e3f3ae,btxn_b98f71e3f3ae,merch_1d7b999b,5441.1,2026-01-19T06:17:00,pay_4b4abbf54ee2,Settlement setl_7601ba577dfd,CREDIT,{}
btxn_54d4a4202c72,btxn_54d4a4202c72,merch_1d7b999b,17209.73,2026-01-23T22:54:00,pay_381fed9ae44e,Settlement setl_f7897d801ebd,CREDIT,{}
btxn_fe55c0000f86,btxn_fe55c0000f86,merch_1d7b999b,45276.29,2026-01-29T03:05:00,pay_fd55d5e057fb,Settlement setl_539a66adda27,CREDIT,{}
btxn_f192dd4bb5c9,btxn_f192dd4bb5c9,merch_1d7b999b,16744.47,2026-01-06T22:16:00,pay_75d7510b52ed,Settlement setl_8dfbf76544b1,CREDIT,{}
btxn_695b2a37c4e7,btxn_695b2a37c4e7,merch_1d7b999b,21441.58,2026-01-02T05:04:00,pay_39579b668ab0,Settlement setl_c24ed4250882,CREDIT,{}
btxn_70c08bc8332a,btxn_70c08bc8332a,merch_1d7b999b,18523.88,2026-01-19T06:27:00,pay_15d82e6cb4a6,Settlement setl_26da2fbb250c,CREDIT,{}
btxn_3924b13e8dce,btxn_3924b13e8dce,merch_1d7b999b,44959.18,2026-01-27T03:57:00,pay_25d0d6e732c8,Settlement setl_ff950bab2c02,CREDIT,{}
btxn_7525c3172b74,btxn_7525c3172b74,merch_1d7b999b,46295.61,2026-01-09T07:51:00,pay_74100e0c8c25,Settlement setl_2e36dc9d0c59,CREDIT,{}
btxn_5d7115b9479a,btxn_5d7115b9479a,merch_1d7b999b,36854.57,2026-01-12T15:51:00,pay_ee129ac8f7e0,Settlement setl_6e832e09ae1c,CREDIT,{}
btxn_af188635a428,btxn_af188635a428,merch_1d7b999b,35093.78,2026-01-14T03:54:00,pay_ec29a43f767c,Settlement setl_adfdef9aae72,CREDIT,{}
btxn_559f73b0d44b,btxn_559f73b0d44b,merch_1d7b999b,45930.75,2026-01-13T11:52:00,pay_9c25e4b30b00,Settlement setl_aa5f096c88d6,CREDIT,{}
btxn_eb90ec2dd885,btxn_eb90ec2dd885,merch_1d7b999b,9737.18,2026-01-12T10:55:00,pay_301bf5ec69e9,Settlement setl_8d0233401d56,CREDIT,{}
btxn_811492c80e92,btxn_811492c80e92,merch_1d7b999b,25008.95,2026-01-23T19:21:00,pay_7b302e986fbf,Settlement setl_792e0ebabebb,CREDIT,{}
btxn_bd4a3bfcb1ef,btxn_bd4a3bfcb1ef,merch_1d7b999b,13134.64,2026-01-20T10:02:00,pay_6dbd2f831424,Settlement setl_8ac62ae93f14,CREDIT,{}
btxn_51e299e1d9d3,btxn_51e299e1d9d3,merch_1d7b999b,36454.4,2026-01-12T15:38:00,pay_92b34a632270,Settlement setl_70cab82b5fed,CREDIT,{}
btxn_ef1262267994,btxn_ef1262267994,merch_1d7b999b,28871.74,2026-01-10T03:45:00,pay_2a76510dfc88,Settlement setl_1405755b8e28,CREDIT,{}
btxn_52047dae7ddd,btxn_52047dae7ddd,merch_1d7b999b,40344.89,2026-01-24T01:47:00,pay_547ed4fcede6,Settlement setl_5498e6cc72c6,CREDIT,{}
btxn_2e059d778ab5,btxn_2e059d778ab5,merch_1d7b999b,46499.86,2026-01-31T12:39:00,pay_83e104a886de,Settlement setl_6c6adec5d9b3,CREDIT,{}
btxn_e5beeeca5963,btxn_e5beeeca5963,merch_1d7b999b,36015.74,2026-01-11T18:19:00,pay_48b297fef873,Settlement setl_818364b732f8,CREDIT,{}
btxn_2aa3eb0e5f2b,btxn_2aa3eb0e5f2b,merch_1d7b999b,8783.96,2026-01-20T11:25:00,pay_e33c6f0dcf1a,Settlement setl_fbca57d1ed5b,CREDIT,{}
btxn_0c4434c9c309,btxn_0c4434c9c309,merch_1d7b999b,10588.12,2026-01-27T20:38:00,pay_12e97fb0cf20,Settlement setl_e51536120851,CREDIT,{}
btxn_4f2ddb5d55fa,btxn_4f2ddb5d55fa,merch_1d7b999b,33813.8,2026-01-18T17:50:00,pay_c0ac6c829669,Settlement setl_40c404536b26,CREDIT,{}
btxn_1f3496467256,btxn_1f3496467256,merch_1d7b999b,25821.06,2026-01-22T21:21:00,pay_ee37639e675b,Settlement setl_24103478186b,CREDIT,{}
btxn_f9cedae9a512,btxn_f9cedae9a512,merch_1d7b999b,11309.57,2026-01-08T06:01:00,pay_0d39a54b888b,Settlement setl_745ee9955d19,CREDIT,{}
btxn_f029720b32da,btxn_f029720b32da,merch_1d7b999b,30602.57,2026-01-26T04:29:00,pay_246993b6fc54,Settlement setl_740726081ddb,CREDIT,{}
btxn_6fa32961d0fd,btxn_6fa32961d0fd,merch_1d7b999b,35945.46,2026-01-14T17:25:00,pay_5c0b8bab0f3a,Settlement setl_11e1e4fb3c96,CREDIT,{}
btxn_7529831f1500,btxn_7529831f1500,merch_1d7b999b,376.69,2026-01-26T05:49:00,pay_f0f5e2692db4,Settlement setl_44744dfb774a,CREDIT,{}
btxn_746a5c3121d6,btxn_746a5c3121d6,merch_1d7b999b,47902.51,2026-01-18T16:03:00,pay_38925e88db79,Settlement setl_f55b40f897d0,CREDIT,{}
btxn_11e4e581757c,btxn_11e4e581757c,merch_1d7b999b,40090.69,2026-01-23T18:35:00,pay_07839bfb840d,Settlement setl_5e0202c52a09,CREDIT,{}
btxn_5a1747a032c1,btxn_5a1747a032c1,merch_1d7b999b,35991.77,2026-01-18T15:53:00,wrong_pay_ad6452dcca98,Settlement setl_0a18806581bd,CREDIT,{}
btxn_a56945e7a811,btxn_a56945e7a811,merch_1d7b999b,37208.41,2026-01-17T16:16:00,pay_bf6f00149483,Settlement setl_b9c2531c00cc,CREDIT,{}
btxn_2cba79a179c8,btxn_2cba79a179c8,merch_1d7b999b,38905.97,2026-01-17T22:15:00,pay_73151759f16e,Settlement setl_a5a08e60ef33,CREDIT,{}
btxn_731bc5010efb,btxn_731bc5010efb,merch_1d7b999b,14357.83,2026-01-10T12:20:00,pay_4fb66db9c070,Settlement setl_c78ff40e210c,CREDIT,{}
btxn_6f8d12de0729,btxn_6f8d12de0729,merch_1d7b999b,11639.95,2026-01-24T06:45:00,pay_62390443df13,Settlement setl_b0864ff6d098,CREDIT,{}
btxn_ae814aed4548,btxn_ae814aed4548,merch_1d7b999b,16610.98,2026-01-16T15:03:00,pay_1f5a4da39243,Settlement setl_59515939a0e7,CREDIT,{}
btxn_e0e333200cb5,btxn_e0e333200cb5,merch_1d7b999b,38512.81,2026-02-02T00:01:00,pay_d6425b1a0b56,Settlement setl_e7726df2c969,CREDIT,{}
btxn_b4abd5d5bfcb,btxn_b4abd5d5bfcb,merch_1d7b999b,27352.0,2026-01-21T09:31:00,pay_10570d19b4f8,Settlement setl_9dccff085bd6,CREDIT,{}
btxn_7c6c577cbb04,btxn_7c6c577cbb04,merch_1d7b999b,1517.37,2026-01-12T23:43:00,pay_9a42dcfa8644,Settlement setl_a2a27456b625,CREDIT,{}
btxn_0dd451d78469,btxn_0dd451d78469,merch_1d7b999b,45985.13,2026-01-21T19:01:00,pay_6f69d55a335a,Settlement setl_6961486c1e1f,CREDIT,{}
btxn_404c530b180e,btxn_404c530b180e,merch_1d7b999b,1452.39,2026-01-22T15:08:00,pay_b6dcbd5ad11b,Settlement setl_5079884ab395,CREDIT,{}
btxn_a5124a933b04,btxn_a5124a933b04,merch_1d7b999b,19017.28,2026-01-08T16:20:00,pay_44d80f606c9d,Settlement setl_9b3c31c0b5ca,CREDIT,{}
btxn_09e7392db539,btxn_09e7392db539,merch_1d7b999b,47565.09,2026-01-15T10:53:00,pay_7a8f1f640942,Settlement setl_0714dd19b38c,CREDIT,{}
btxn_c02f0d50e413,btxn_c02f0d50e413,merch_1d7b999b,27017.01,2026-02-01T13:14:00,pay_094eef162d8c,Settlement setl_c56e450a76d3,CREDIT,{}
btxn_f84e4110fc16,btxn_f84e4110fc16,merch_1d7b999b,1648.4,2026-01-09T08:53:00,pay_ef9522c807f9,Settlement setl_e06264a6b69b,CREDIT,{}
btxn_1312abac9bdd,btxn_1312abac9bdd,merch_1d7b999b,6398.43,2026-01-23T05:36:00,pay_323f0add6551,Settlement setl_40a54001870b,CREDIT,{}
btxn_77f7c37ce524,btxn_77f7c37ce524,merch_1d7b999b,38368.22,2026-01-07T21:38:00,pay_dee36eaf93af,Settlement setl_bf39f422a98d,CREDIT,{}
btxn_2774058b939b,btxn_2774058b939b,merch_1d7b999b,5494.13,2026-01-02T11:36:00,pay_fb421fa7b217,Settlement setl_2a4321236779,CREDIT,{}
btxn_dc7c44c34306,btxn_dc7c44c34306,merch_1d7b999b,9996.66,2026-01-21T00:53:00,pay_697cb2f2bc41,Settlement setl_26227edb04d2,CREDIT,{}
btxn_73f54cf95944,btxn_73f54cf95944,merch_1d7b999b,15148.98,2026-01-23T21:51:00,pay_a10b7f5d3946,Settlement setl_a98c6ed0d7ef,CREDIT,{}
btxn_060699c42fde,btxn_060699c42fde,merch_1d7b999b,17425.47,2026-01-15T23:23:00,pay_694843324e73,Settlement setl_580f5b520610,CREDIT,{}
btxn_e3817267517b,btxn_e3817267517b,merch_1d7b999b,731.34,2026-01-15T17:06:00,pay_13b9dd4b9a19,Settlement setl_d2a3e12b3798,CREDIT,{}
btxn_4695f1372642,btxn_4695f1372642,merch_1d7b999b,41452.49,2026-01-24T06:27:00,pay_95a247691726,Settlement setl_f190346a2417,CREDIT,{}
btxn_726b00ab98de,btxn_726b00ab98de,merch_1d7b999b,13577.11,2026-01-27T19:49:00,pay_54d73955294b,Settlement setl_30bedcb0241f,CREDIT,{}
btxn_23359c4746df,btxn_23359c4746df,merch_1d7b999b,36578.21,2026-01-10T12:54:00,pay_2b92a694a65e,Settlement setl_0ee9cff81d0f,CREDIT,{}
btxn_1174fd848369,btxn_1174fd848369,merch_1d7b999b,22595.02,2026-01-26T16:36:00,pay_acdee13e58f3,Settlement setl_582001888198,CREDIT,{}
btxn_333863864325,btxn_333863864325,merch_1d7b999b,42562.55,2026-01-07T17:13:00,pay_ce8398da24a8,Settlement setl_2435b02eb57d,CREDIT,{}
btxn_017cc57f1ad9,btxn_017cc57f1ad9,merch_1d7b999b,44027.97,2026-01-24T10:35:00,pay_3f27af7211d1,Settlement setl_88792603a44a,CREDIT,{}
btxn_4250828e3d58,btxn_4250828e3d58,merch_1d7b999b,4372.09,2026-01-25T15:31:00,pay_9886e91454e1,Settlement setl_da880fde2687,CREDIT,{}
btxn_29d2a25b7bcb,btxn_29d2a25b7bcb,merch_1d7b999b,24591.98,2026-01-27T02:05:00,pay_f573dd5f6280,Settlement setl_9b4a7b04d03a,CREDIT,{}
btxn_a428b6cb584e,btxn_a428b6cb584e,merch_1d7b999b,12240.93,2026-01-23T20:23:00,pay_37837dd8e1dc,Settlement setl_95decaa7d80e,CREDIT,{}
btxn_9613d95f7620,btxn_9613d95f7620,merch_1d7b999b,21332.64,2026-01-25T19:21:00,pay_e1d9e2c5bcff,Settlement setl_fde0f382d88f,CREDIT,{}
btxn_4c0af35229ef,btxn_4c0af35229ef,merch_1d7b999b,47548.79,2026-01-24T07:12:00,pay_4656e9720ece,Settlement setl_0655d4842307,CREDIT,{}
btxn_1b4da8f66118,btxn_1b4da8f66118,merch_1d7b999b,29520.39,2026-01-26T18:38:00,pay_87e057ee018a,Settlement setl_30c24fef46b0,CREDIT,{}
btxn_625ea5584c42,btxn_625ea5584c42,merch_1d7b999b,14882.7,2026-01-13T07:19:00,pay_2f09ee6561fd,Settlement setl_f9702c1a65c9,CREDIT,{}
btxn_9e2d6c2c146f,btxn_9e2d6c2c146f,merch_1d7b999b,2323.81,2026-01-03T19:18:00,pay_0b7cfd91415a,Settlement setl_2d506ae3f747,CREDIT,{}
btxn_7a9be01a8385,btxn_7a9be01a8385,merch_1d7b999b,24594.85,2026-01-29T02:36:00,pay_150cc2f6835a,Settlement setl_1c66b31cb1cd,CREDIT,{}
btxn_0c9723ef773b,btxn_0c9723ef773b,merch_1d7b999b,17101.23,2026-02-01T03:16:00,pay_5e54882b3f22,Settlement setl_6007270779ac,CREDIT,{}
btxn_5f963b1b25d9,btxn_5f963b1b25d9,merch_1d7b999b,20095.3,2026-01-04T20:40:00,pay_a735a5b0fd24,Settlement setl_d2843f6f3e79,CREDIT,{}
btxn_8c91f8575b29,btxn_8c91f8575b29,merch_1d7b999b,30355.25,2026-01-27T21:14:00,pay_d1c64144db96,Settlement setl_23348103428a,CREDIT,{}
btxn_f642b942b842,btxn_f642b942b842,merch_1d7b999b,22191.78,2026-01-29T20:27:00,pay_8417f7dee46c,Settlement setl_e68d4a08c677,CREDIT,{}
btxn_3e23174c2b0f,btxn_3e23174c2b0f,merch_1d7b999b,30520.58,2026-01-25T05:48:00,pay_2f9ac1252ab3,Settlement setl_f299fe34b9d0,CREDIT,{}
btxn_8e5fb5256c04,btxn_8e5fb5256c04,merch_1d7b999b,33055.36,2026-01-07T09:11:00,pay_5d10c1c7b76d,Settlement setl_605c10f30c54,CREDIT,{}
btxn_041785ed9baa,btxn_041785ed9baa,merch_1d7b999b,22580.13,2026-01-21T17:18:00,pay_26f273c1a259,Settlement setl_85c1ec5ba9c6,CREDIT,{}
btxn_112082c36b2d,btxn_112082c36b2d,merch_1d7b999b,14207.65,2026-01-29T16:04:00,pay_0b17f623eed5,Settlement setl_2587c54926ae,CREDIT,{}
btxn_3e1b4a822209,btxn_3e1b4a822209,merch_1d7b999b,31290.39,2026-01-23T08:27:00,pay_bb23bc11fa3a,Settlement setl_b0c126eae0a3,CREDIT,{}
btxn_0e86b690482e,btxn_0e86b690482e,merch_1d7b999b,7534.57,2026-01-10T06:04:00,pay_d47e0e39e4d9,Settlement setl_5bce98250432,CREDIT,{}
btxn_6dcb13d08fa8,btxn_6dcb13d08fa8,merch_1d7b999b,29792.7,2026-01-28T20:58:00,pay_27d9e7321176,Settlement setl_9ba69798be22,CREDIT,{}
btxn_9f1269650bed,btxn_9f1269650bed,merch_1d7b999b,34465.03,2026-01-24T14:17:00,pay_f6ceeb797e65,Settlement setl_505533b7cfef,CREDIT,{}
btxn_64680aa3854e,btxn_64680aa3854e,merch_1d7b999b,4114.05,2026-01-03T15:47:00,pay_0ae1b1d63d97,Settlement setl_72de2ce346be,CREDIT,{}
btxn_a6cf1822c48b,btxn_a6cf1822c48b,merch_1d7b999b,4657.21,2026-02-01T23:53:00,pay_1821fdfa46b9,Settlement setl_3b7b7bb1aaef,CREDIT,{}
btxn_06cab2425031,btxn_06cab2425031,merch_1d7b999b,28854.72,2026-01-26T07:30:00,pay_874aae185f46,Settlement setl_502fef8624d6,CREDIT,{}
btxn_f9e85d8aba0e,btxn_f9e85d8aba0e,merch_1d7b999b,13980.01,2026-01-20T15:40:00,pay_7e995d99e2e5,Settlement setl_c294163212e8,CREDIT,{}
btxn_699b84df26d9,btxn_699b84df26d9,merch_1d7b999b,20476.57,2026-01-12T23:06:00,pay_f051b2cbe294,Settlement setl_a6189504af2f,CREDIT,{}
btxn_1299709cca2f,btxn_1299709cca2f,merch_1d7b999b,24823.9,2026-01-23T14:52:00,pay_dd41954612ad,Settlement setl_15004987cf83,CREDIT,{}
btxn_fabb8ff4efa7,btxn_fabb8ff4efa7,merch_1d7b999b,12694.7,2026-01-05T14:55:00,pay_12d626f39ec5,Settlement setl_c65a699110af,CREDIT,{}
btxn_eb01c13f0e2d,btxn_eb01c13f0e2d,merch_1d7b999b,27175.42,2026-01-15T03:12:00,pay_ea81943ea36c,Settlement setl_88876c6491b9,CREDIT,{}
btxn_d1bee4143e1e,btxn_d1bee4143e1e,merch_1d7b999b,24974.81,2026-01-16T03:13:00,pay_86b86db6fd58,Settlement setl_a449b8c6b7e7,CREDIT,{}
btxn_d865dbf2db9f,btxn_d865dbf2db9f,merch_1d7b999b,14472.65,2026-01-31T00:31:00,pay_7a1a1d45e1c0,Settlement setl_86e389d93bb3,CREDIT,{}
btxn_0dbf805ded52,btxn_0dbf805ded52,merch_1d7b999b,30482.7,2026-01-10T00:10:00,pay_bf8bd8bd675e,Settlement setl_24075dfbd1f1,CREDIT,{}
btxn_fbd3ef631163,btxn_fbd3ef631163,merch_1d7b999b,20458.74,2026-01-09T05:29:00,pay_1af4a2a6a4d4,Settlement setl_5b1a5f3ee1e5,CREDIT,{}
btxn_4c156d542660,btxn_4c156d542660,merch_1d7b999b,24968.94,2026-01-24T11:32:00,pay_11859529e4dd,Settlement setl_41ca4376a5d1,CREDIT,{}
btxn_95a53c2440f4,btxn_95a53c2440f4,merch_1d7b999b,49014.21,2026-01-09T16:35:00,pay_7fa60804e37a,Settlement setl_dba325c2015b,CREDIT,{}
btxn_7cbbf05f6148,btxn_7cbbf05f6148,merch_1d7b999b,41890.05,2026-01-20T23:31:00,pay_031f1e779826,Settlement setl_ac92d672e0d6,CREDIT,{}
btxn_2838d58ddffa,btxn_2838d58ddffa,merch_1d7b999b,16975.25,2026-01-19T19:24:00,pay_5970690860b8,Settlement setl_9256d683abbf,CREDIT,{}
btxn_123df9af80b4,btxn_123df9af80b4,merch_1d7b999b,49040.65,2026-01-09T20:24:00,pay_d46b5d855a68,Settlement setl_3e1f5318e7f6,CREDIT,{}
btxn_f9d634362326,btxn_f9d634362326,merch_1d7b999b,37260.79,2026-01-24T14:24:00,pay_3b9f5313c43f,Settlement setl_a1192e53eb6e,CREDIT,{}
btxn_95697b9f8639,btxn_95697b9f8639,merch_1d7b999b,6399.69,2026-02-01T20:21:00,pay_3f114fc7c068,Settlement setl_a626fb732121,CREDIT,{}
btxn_dbeaf492331e,btxn_dbeaf492331e,merch_1d7b999b,45531.04,2026-01-03T01:09:00,pay_f62ab2977159,Settlement setl_f4745bb3928b,CREDIT,{}
btxn_24b348d316d0,btxn_24b348d316d0,merch_1d7b999b,3833.93,2026-01-27T10:21:00,pay_c5c7032f76ef,Settlement setl_36d04c99d98f,CREDIT,{}
btxn_01452ce7ee56,btxn_01452ce7ee56,merch_1d7b999b,37994.15,2026-01-29T19:02:00,pay_f7c42e078ff9,Settlement setl_25590eb2e1c9,CREDIT,{}
btxn_2ad9457de5ae,btxn_2ad9457de5ae,merch_1d7b999b,35224.15,2026-01-05T16:10:00,pay_e845876c32d9,Settlement setl_9c13c3647727,CREDIT,{}
btxn_fd15eb20a0f5,btxn_fd15eb20a0f5,merch_1d7b999b,39827.56,2026-01-11T13:23:00,pay_c51f476628c1,Settlement setl_cd542f2cc569,CREDIT,{}
btxn_07406929f6a1,btxn_07406929f6a1,merch_1d7b999b,20661.38,2026-01-23T07:10:00,pay_0f787f1754b4,Settlement setl_b8335d5fd1ff,CREDIT,{}
btxn_3971a35f0193,btxn_3971a35f0193,merch_1d7b999b,19188.96,2026-01-23T09:31:00,pay_40dc18d21d5b,Settlement setl_408f7010e94f,CREDIT,{}
btxn_22eeb661f5d8,btxn_22eeb661f5d8,merch_1d7b999b,12773.47,2026-01-10T23:00:00,pay_5d9c2cce5ff0,Settlement setl_85eb8a331454,CREDIT,{}
btxn_b73d2c2249aa,btxn_b73d2c2249aa,merch_1d7b999b,7982.98,2026-01-16T13:37:00,pay_07d61afe078f,Settlement setl_b58ca0598680,CREDIT,{}
btxn_c28c58de995d,btxn_c28c58de995d,merch_1d7b999b,34546.64,2026-01-16T11:12:00,pay_5442b4c7ff74,Settlement setl_7ab40671f030,CREDIT,{}
btxn_bf7efd4804aa,btxn_bf7efd4804aa,merch_1d7b999b,19130.08,2026-01-13T20:18:00,pay_5eb28c6173df,Settlement setl_8bd1edc857f1,CREDIT,{}
btxn_293b70a3aefc,btxn_293b70a3aefc,merch_1d7b999b,41658.66,2026-01-30T11:49:00,pay_0bca19334090,Settlement setl_d9e8f3b7f8f1,CREDIT,{}
btxn_2d7a02d7682e,btxn_2d7a02d7682e,merch_1d7b999b,11028.33,2026-01-08T21:16:00,pay_bbdb74608c4d,Settlement setl_bdbd41201924,CREDIT,{}
btxn_4cdd13d152b4,btxn_4cdd13d152b4,merch_1d7b999b,31410.16,2026-01-03T11:50:00,pay_71a38b3d604b,Settlement setl_df4b4f80dc6d,CREDIT,{}
btxn_639e3bafa5fe,btxn_639e3bafa5fe,merch_1d7b999b,36644.75,2026-01-04T11:20:00,pay_70dc777705d2,Settlement setl_dcd6efa22599,CREDIT,{}
btxn_e923e1e58f66,btxn_e923e1e58f66,merch_1d7b999b,39346.99,2026-01-30T13:33:00,pay_0774a405d7cb,Settlement setl_b37c1ee65e75,CREDIT,{}
btxn_02e86dd4dd91,btxn_02e86dd4dd91,merch_1d7b999b,12922.81,2026-01-28T17:51:00,pay_b0c6af5d7d80,Settlement setl_64967db9e21a,CREDIT,{}
btxn_aa9562444674,btxn_aa9562444674,merch_1d7b999b,48999.12,2026-02-01T19:23:00,pay_2f66bd19ba64,Settlement setl_64a6090dcb06,CREDIT,{}
btxn_30b5a71d54bc,btxn_30b5a71d54bc,merch_1d7b999b,26874.96,2026-01-16T13:43:00,pay_a3b0736e27ee,Settlement setl_616494dc8520,CREDIT,{}
btxn_e1e7eb0368fb,btxn_e1e7eb0368fb,merch_1d7b999b,31963.61,2026-01-13T05:43:00,pay_581dab27f9b3,Settlement setl_f10a39c4c587,CREDIT,{}
btxn_6e779033027a,btxn_6e779033027a,merch_1d7b999b,44223.32,2026-01-19T12:58:00,pay_7ab91374b8d4,Settlement setl_0731b7ee90ec,CREDIT,{}
btxn_32a410500a4f,btxn_32a410500a4f,merch_1d7b999b,41210.38,2026-02-01T00:19:00,pay_ef3b57720f79,Settlement setl_767ff0a6c924,CREDIT,{}
btxn_aa404870d40d,btxn_aa404870d40d,merch_1d7b999b,46372.08,2026-01-11T17:07:00,pay_9d8d2ec716c4,Settlement setl_8633a42412d8,CREDIT,{}
btxn_40c86748d425,btxn_40c86748d425,merch_1d7b999b,6869.64,2026-01-16T13:42:00,pay_ba4b56f15737,Settlement setl_c5f2325a5971,CREDIT,{}
btxn_aae54a22b910,btxn_aae54a22b910,merch_1d7b999b,36357.3,2026-01-30T15:41:00,pay_bd49dba8614f,Settlement setl_fc1c35d34131,CREDIT,{}
btxn_7d9b3763ea34,btxn_7d9b3763ea34,merch_1d7b999b,46958.75,2026-01-10T03:44:00,pay_6fbe88a7f46c,Settlement setl_360fd4357eed,CREDIT,{}
btxn_d617f91d2079,btxn_d617f91d2079,merch_1d7b999b,47532.7,2026-01-29T13:06:00,wrong_pay_64c8c53d1cc3,Settlement setl_9857357fda85,CREDIT,{}
btxn_31e97a7eb9ca,btxn_31e97a7eb9ca,merch_1d7b999b,32276.86,2026-01-03T14:17:00,pay_0a6f4f990729,Settlement setl_9059f8a1b310,CREDIT,{}
btxn_cccb4e29697b,btxn_cccb4e29697b,merch_1d7b999b,41227.13,2026-01-04T23:13:00,pay_1fd90dda980f,Settlement setl_f598dc91efe6,CREDIT,{}
btxn_44f59fc5ec54,btxn_44f59fc5ec54,merch_1d7b999b,12254.09,2026-01-06T20:13:00,pay_f73997792880,Settlement setl_af616585a47a,CREDIT,{}
btxn_4cd2234f8af4,btxn_4cd2234f8af4,merch_1d7b999b,10875.97,2026-01-29T09:21:00,pay_bec7c289b336,Settlement setl_0e4a3a072ed3,CREDIT,{}
btxn_64b9f12d1ee2,btxn_64b9f12d1ee2,merch_1d7b999b,42934.47,2026-01-06T06:34:00,pay_4ee6c3757aa8,Settlement setl_88e72771c80b,CREDIT,{}
btxn_384025d0a627,btxn_384025d0a627,merch_1d7b999b,43335.75,2026-01-06T02:22:00,pay_f55d1d2c74cb,Settlement setl_d41bfe31af8e,CREDIT,{}
btxn_23cc41d8f0ea,btxn_23cc41d8f0ea,merch_1d7b999b,8794.89,2026-01-03T06:47:00,pay_a7d1985087d9,Settlement setl_2a464cf1d318,CREDIT,{}
btxn_e7aa98bae7aa,btxn_e7aa98bae7aa,merch_1d7b999b,3271.55,2026-01-16T13:32:00,pay_499131c0876b,Settlement setl_586396a0b968,CREDIT,{}
btxn_361fddebe6d0,btxn_361fddebe6d0,merch_1d7b999b,47276.24,2026-01-04T01:50:00,pay_8759e04e144c,Settlement setl_044566159790,CREDIT,{}
btxn_672ec2015550,btxn_672ec2015550,merch_1d7b999b,48204.91,2026-01-03T17:54:00,pay_7ca008804ac6,Settlement setl_0bc11c53324c,CREDIT,{}
btxn_554dc8d9f52f,btxn_554dc8d9f52f,merch_1d7b999b,24564.42,2026-01-31T16:04:00,pay_6e18fbe1983e,Settlement setl_2b93f2b09a0b,CREDIT,{}
btxn_6c8809f0ba89,btxn_6c8809f0ba89,merch_1d7b999b,3377.54,2026-01-10T21:40:00,pay_f9e5bd5940fc,Settlement setl_958e02f722e6,CREDIT,{}
btxn_72514cc0b95c,btxn_72514cc0b95c,merch_1d7b999b,29909.85,2026-01-11T16:32:00,pay_9bad84ea56f4,Settlement setl_f1a82c050fc4,CREDIT,{}
btxn_3b0210d1600b,btxn_3b0210d1600b,merch_1d7b999b,5809.26,2026-01-22T22:56:00,pay_fdde06bf105d,Settlement setl_3d5c449066e9,CREDIT,{}
btxn_a8941899668f,btxn_a8941899668f,merch_1d7b999b,11501.83,2026-01-12T16:25:00,pay_a33a296d7409,Settlement setl_b1c7f785bf4f,CREDIT,{}
btxn_250eda1b3bfd,btxn_250eda1b3bfd,merch_1d7b999b,15694.93,2026-01-10T13:09:00,pay_d2cb366a0c6a,Settlement setl_147d46510c9d,CREDIT,{}
btxn_8a1136a24a89,btxn_8a1136a24a89,merch_1d7b999b,4359.68,2026-01-15T05:47:00,pay_af0d9b3c2b3a,Settlement setl_57647ac12b70,CREDIT,{}
btxn_d5d97a8b0727,btxn_d5d97a8b0727,merch_1d7b999b,29364.61,2026-01-19T19:21:00,pay_787da72c5c57,Settlement setl_ca3c266226ac,CREDIT,{}
btxn_a37b9e6e52eb,btxn_a37b9e6e52eb,merch_1d7b999b,33300.49,2026-01-26T15:55:00,pay_18291ff906be,Settlement setl_ba9815493813,CREDIT,{}
btxn_0913f9795cf4,btxn_0913f9795cf4,merch_1d7b999b,17647.14,2026-01-20T18:13:00,pay_cbf4832df579,Settlement setl_b704ccad7175,CREDIT,{}
btxn_b9a018f7557c,btxn_b9a018f7557c,merch_1d7b999b,42379.01,2026-01-13T19:23:00,pay_a2a12721270b,Settlement setl_9d351df4b5ef,CREDIT,{}
btxn_60e3588628b1,btxn_60e3588628b1,merch_1d7b999b,40380.35,2026-01-29T19:49:00,wrong_pay_bdb2f387f573,Settlement setl_ee378c7c7dba,CREDIT,{}
btxn_4f9cd9c730a2,btxn_4f9cd9c730a2,merch_1d7b999b,41490.09,2026-01-10T02:11:00,wrong_pay_d80ea44a54e9,Settlement setl_64d3d3b01eb7,CREDIT,{}
btxn_52c9a8d82b00,btxn_52c9a8d82b00,merch_1d7b999b,17616.07,2026-01-07T06:36:00,pay_0aa5472e00d7,Settlement setl_115ce776a0aa,CREDIT,{}
btxn_d9eca8397054,btxn_d9eca8397054,merch_1d7b999b,31695.28,2026-01-02T04:47:00,pay_1d5c4098313b,Settlement setl_093dde57bd47,CREDIT,{}
btxn_fe4e2cfdd201,btxn_fe4e2cfdd201,merch_1d7b999b,22736.92,2026-01-07T13:19:00,pay_736ffc3e7c97,Settlement setl_ea4fa00c0398,CREDIT,{}
btxn_eb0a63f0d2f2,btxn_eb0a63f0d2f2,merch_1d7b999b,44178.78,2026-01-06T07:48:00,pay_a5e5d99235da,Settlement setl_282c1aa18e04,CREDIT,{}
btxn_6f2b0433b390,btxn_6f2b0433b390,merch_1d7b999b,22211.34,2026-01-15T17:38:00,pay_5eefb550053e,Settlement setl_dda749fdcffe,CREDIT,{}
btxn_7980c1d67769,btxn_7980c1d67769,merch_1d7b999b,37771.66,2026-01-05T13:27:00,pay_9da990102a85,Settlement setl_0025f923b5a1,CREDIT,{}
btxn_a6abdea217e2,btxn_a6abdea217e2,merch_1d7b999b,29697.4,2026-01-18T23:19:00,pay_9d95057803ec,Settlement setl_fe00c270b813,CREDIT,{}
btxn_23ce4889fe97,btxn_23ce4889fe97,merch_1d7b999b,14543.41,2026-01-05T02:31:00,pay_4ea4d98b65ac,Settlement setl_b7b8f4934b00,CREDIT,{}
btxn_bfb56b1157c9,btxn_bfb56b1157c9,merch_1d7b999b,26675.86,2026-01-09T18:35:00,pay_f2d07e65e650,Settlement setl_3e3e67c440b5,CREDIT,{}
btxn_fa1defb0f89e,btxn_fa1defb0f89e,merch_1d7b999b,37127.86,2026-01-15T02:29:00,pay_337938ed93e1,Settlement setl_8b022601c862,CREDIT,{}
btxn_4ebc77f3378a,btxn_4ebc77f3378a,merch_1d7b999b,28712.64,2026-01-24T22:26:00,pay_56e88d01bd62,Settlement setl_3075b10ed937,CREDIT,{}
btxn_283893812575,btxn_283893812575,merch_1d7b999b,48313.36,2026-01-07T21:29:00,pay_81017e768a70,Settlement setl_47524d8420f6,CREDIT,{}
btxn_83f9170aa08b,btxn_83f9170aa08b,merch_1d7b999b,5382.57,2026-01-15T20:25:00,pay_96e33f4db629,Settlement setl_6d9a708845d5,CREDIT,{}
btxn_161077d7d448,btxn_161077d7d448,merch_1d7b999b,15582.7,2026-01-12T09:21:00,pay_f3befbc12af0,Settlement setl_83453bb3d00a,CREDIT,{}
btxn_6d7db8fc663e,btxn_6d7db8fc663e,merch_1d7b999b,40965.54,2026-01-28T06:15:00,pay_0b20b4de844d,Settlement setl_d863eb3292db,CREDIT,{}
btxn_38b682ef44b4,btxn_38b682ef44b4,merch_1d7b999b,8757.6,2026-01-06T22:04:00,pay_6ccbf8791a10,Settlement setl_835fee8305b3,CREDIT,{}
btxn_0cf5ebf435b8,btxn_0cf5ebf435b8,merch_1d7b999b,37746.85,2026-01-26T20:28:00,pay_cd8f4d6fb51e,Settlement setl_49fd43bf88f8,CREDIT,{}
btxn_220099ab5456,btxn_220099ab5456,merch_1d7b999b,22044.16,2026-01-17T16:40:00,pay_3ee46400db7b,Settlement setl_c3e6e0aae70a,CREDIT,{}
btxn_c4c3b7bb2b0e,btxn_c4c3b7bb2b0e,merch_1d7b999b,17661.92,2026-01-04T11:29:00,pay_65ee227e85a7,Settlement setl_086316430b2e,CREDIT,{}
btxn_79874f894d83,btxn_79874f894d83,merch_1d7b999b,41601.66,2026-01-04T22:55:00,pay_80eaa25d1e45,Settlement setl_b906306195ef,CREDIT,{}
btxn_a8c7dd55b344,btxn_a8c7dd55b344,merch_1d7b999b,19285.68,2026-01-20T19:50:00,wrong_pay_8256410c0add,Settlement setl_4246b4fbf5ca,CREDIT,{}
btxn_e14c9b3c6308,btxn_e14c9b3c6308,merch_1d7b999b,28625.67,2026-01-08T12:38:00,pay_311d00cff77c,Settlement setl_42fd189faaaa,CREDIT,{}
btxn_f3b27b43e68c,btxn_f3b27b43e68c,merch_1d7b999b,3187.5,2026-01-05T12:45:00,pay_33ae18fb2c37,Settlement setl_a4103b8f34ed,CREDIT,{}
btxn_17ee2e6d5894,btxn_17ee2e6d5894,merch_1d7b999b,2053.19,2026-01-24T16:28:00,pay_e94740ba545a,Settlement setl_00bafa2638bf,CREDIT,{}
btxn_b899dc84b897,btxn_b899dc84b897,merch_1d7b999b,18258.51,2026-01-31T11:24:00,pay_0e288fff4a86,Settlement setl_805420960a6d,CREDIT,{}
btxn_8540ff6bbe28,btxn_8540ff6bbe28,merch_1d7b999b,2713.04,2026-01-22T22:21:00,pay_1da137c81cd0,Settlement setl_902f97496b17,CREDIT,{}
btxn_442b8e929e27,btxn_442b8e929e27,merch_1d7b999b,33951.13,2026-01-11T10:46:00,pay_89e852977236,Settlement setl_14941ffa1922,CREDIT,{}
btxn_c9aaf5f0b227,btxn_c9aaf5f0b227,merch_1d7b999b,33214.24,2026-01-31T13:19:00,pay_3993865545a5,Settlement setl_43ddc04db275,CREDIT,{}
btxn_5b811c47d2c1,btxn_5b811c47d2c1,merch_1d7b999b,46906.31,2026-01-11T19:24:00,pay_fe1ecc7e0372,Settlement setl_d1793f6400ee,CREDIT,{}
btxn_a61c237c34a5,btxn_a61c237c34a5,merch_1d7b999b,41465.05,2026-01-25T23:58:00,pay_76789dccd722,Settlement setl_e38842652621,CREDIT,{}
btxn_e1e21c3d36cd,btxn_e1e21c3d36cd,merch_1d7b999b,21227.98,2026-01-13T02:23:00,pay_c21c8593fdc0,Settlement setl_a26a479134c9,CREDIT,{}
btxn_d41bd45ffb85,btxn_d41bd45ffb85,merch_1d7b999b,17152.44,2026-01-26T17:12:00,pay_0f6568f7e50b,Settlement setl_af272b7dc3e7,CREDIT,{}
btxn_c83003d9d5d0,btxn_c83003d9d5d0,merch_1d7b999b,14860.03,2026-01-27T05:32:00,pay_99d951e541b7,Settlement setl_4caeda9e25b2,CREDIT,{}
btxn_a5bf0213b104,btxn_a5bf0213b104,merch_1d7b999b,16904.54,2026-01-26T21:08:00,pay_1b395c8434e1,Settlement setl_c2e0b7ff8528,CREDIT,{}
btxn_255f6fab742b,btxn_255f6fab742b,merch_1d7b999b,41584.12,2026-01-26T21:51:00,pay_10040126c429,Settlement setl_2195cc02528f,CREDIT,{}
btxn_b26c5c8c4ac9,btxn_b26c5c8c4ac9,merch_1d7b999b,18278.54,2026-01-25T09:28:00,pay_9087a1b5c787,Settlement setl_e405be5669f3,CREDIT,{}
btxn_90c9ab3ee660,btxn_90c9ab3ee660,merch_1d7b999b,12034.51,2026-02-01T17:57:00,pay_3919778d4982,Settlement setl_71f989ca7e55,CREDIT,{}
btxn_6ebd1cd4f91c,btxn_6ebd1cd4f91c,merch_1d7b999b,28563.93,2026-01-16T16:49:00,pay_ec7f1ddbf6b1,Settlement setl_bc6b813dbbe1,CREDIT,{}
btxn_7a7523136eb2,btxn_7a7523136eb2,merch_1d7b999b,20991.18,2026-01-07T08:51:00,pay_6038cef54da5,Settlement setl_410ee4054ac6,CREDIT,{}
btxn_eb24283e6b89,btxn_eb24283e6b89,merch_1d7b999b,23599.84,2026-01-13T19:59:00,pay_2730a1da8bd7,Settlement setl_2967ead73ace,CREDIT,{}
btxn_a32059306a71,btxn_a32059306a71,merch_1d7b999b,14324.64,2026-01-26T07:17:00,pay_05a9e80fcbf8,Settlement setl_7979111298aa,CREDIT,{}
btxn_0b49d8469797,btxn_0b49d8469797,merch_1d7b999b,21929.88,2026-02-01T09:52:00,pay_683e3dc7de71,Settlement setl_752bb754b451,CREDIT,{}
btxn_a9abec85b0ec,btxn_a9abec85b0ec,merch_1d7b999b,20803.36,2026-01-14T18:23:00,pay_df2f23d44354,Settlement setl_e6e9ee3cfafd,CREDIT,{}
btxn_b63c3fe58920,btxn_b63c3fe58920,merch_1d7b999b,18808.14,2026-01-02T12:59:00,pay_dfa4c471ea7c,Settlement setl_9853eff0fe54,CREDIT,{}
btxn_8a021272f8c3,btxn_8a021272f8c3,merch_1d7b999b,23508.6,2026-01-21T02:57:00,pay_4c28a0108595,Settlement setl_32a2599b6792,CREDIT,{}
btxn_f744881ef81c,btxn_f744881ef81c,merch_1d7b999b,41764.66,2026-01-20T01:38:00,pay_9e276c3bfd74,Settlement setl_2e6abac27bde,CREDIT,{}
btxn_82c0f9d1ea1e,btxn_82c0f9d1ea1e,merch_1d7b999b,14476.27,2026-01-11T05:03:00,pay_bcdaef4d5dab,Settlement setl_61a6043ce6a1,CREDIT,{}
btxn_2fed40204689,btxn_2fed40204689,merch_1d7b999b,31178.25,2026-01-04T05:53:00,pay_7a28e6a93c2f,Settlement setl_a11c556146d8,CREDIT,{}
btxn_ef2b0de5e698,btxn_ef2b0de5e698,merch_1d7b999b,31634.55,2026-01-20T09:45:00,pay_2218a6d41304,Settlement setl_fd5652f3ac05,CREDIT,{}
btxn_5763708d4514,btxn_5763708d4514,merch_1d7b999b,30779.0,2026-01-09T20:26:00,pay_dbfb0a9a3872,Settlement setl_528cc0efda0a,CREDIT,{}
btxn_b7815c5db9c9,btxn_b7815c5db9c9,merch_1d7b999b,26221.88,2026-01-13T04:33:00,pay_fb4fca32aa63,Settlement setl_74f189f0921a,CREDIT,{}
btxn_f0d7e98408a8,btxn_f0d7e98408a8,merch_1d7b999b,25430.37,2026-01-02T14:55:00,pay_e4db0726c51c,Settlement setl_11bded457093,CREDIT,{}
btxn_cd124eb87277,btxn_cd124eb87277,merch_1d7b999b,49053.87,2026-01-11T01:01:00,pay_32b1494e5cc5,Settlement setl_6c73f9a90b17,CREDIT,{}
btxn_6175ddc41480,btxn_6175ddc41480,merch_1d7b999b,36673.76,2026-01-22T05:49:00,pay_14cb4cd0d662,Settlement setl_0ab09f3c9fd6,CREDIT,{}
btxn_e53694dec41a,btxn_e53694dec41a,merch_1d7b999b,27346.09,2026-01-28T22:11:00,pay_4b84c461ab6b,Settlement setl_879a9e0fdf32,CREDIT,{}
btxn_4eb8248cdaf3,btxn_4eb8248cdaf3,merch_1d7b999b,40593.73,2026-01-05T00:49:00,pay_bd39498e092b,Settlement setl_eb8dcc301b5f,CREDIT,{}
btxn_21f147b32ddd,btxn_21f147b32ddd,merch_1d7b999b,2285.93,2026-01-08T03:20:00,pay_99973f0f362d,Settlement setl_8631df1583eb,CREDIT,{}
btxn_9f42e73cb862,btxn_9f42e73cb862,merch_1d7b999b,40788.76,2026-01-17T10:02:00,pay_fa06a33e31be,Settlement setl_16194c101f8e,CREDIT,{}
btxn_1f0b0ca29b72,btxn_1f0b0ca29b72,merch_1d7b999b,39063.99,2026-01-29T22:21:00,pay_e1a4ecdabfbc,Settlement setl_c5142a26a527,CREDIT,{}
btxn_a81d03660d28,btxn_a81d03660d28,merch_1d7b999b,21903.87,2026-01-15T01:28:00,pay_e024e83527d6,Settlement setl_1c9e1b196c80,CREDIT,{}
btxn_6a92bd65a6e1,btxn_6a92bd65a6e1,merch_1d7b999b,24860.54,2026-01-17T13:59:00,pay_b0a391fca18d,Settlement setl_22a70275050b,CREDIT,{}
btxn_761afbc7d1ff,btxn_761afbc7d1ff,merch_1d7b999b,36381.36,2026-01-04T15:38:00,pay_029635b398fc,Settlement setl_4d3e8d69c071,CREDIT,{}
btxn_4682a6a41191,btxn_4682a6a41191,merch_1d7b999b,5219.64,2026-01-12T23:18:00,pay_8fba314b4307,Settlement setl_60814b0482cd,CREDIT,{}
btxn_c0d8af948791,btxn_c0d8af948791,merch_1d7b999b,45589.2,2026-01-21T15:17:00,pay_2b2ee3296ec1,Settlement setl_364268aa73de,CREDIT,{}
btxn_f0e1d3a8db1d,btxn_f0e1d3a8db1d,merch_1d7b999b,20369.89,2026-01-19T01:43:00,pay_efca6eda8f1c,Settlement setl_8a2e31f520f9,CREDIT,{}
btxn_b78eb1967386,btxn_b78eb1967386,merch_1d7b999b,30417.89,2026-01-27T16:02:00,pay_f2f0042716f6,Settlement setl_5ff987811bd2,CREDIT,{}
btxn_27ccd33565ff,btxn_27ccd33565ff,merch_1d7b999b,32293.63,2026-01-13T14:36:00,pay_1ca89828d299,Settlement setl_00496155ed03,CREDIT,{}
btxn_98d97f32c570,btxn_98d97f32c570,merch_1d7b999b,22551.14,2026-01-13T13:28:00,pay_b1bcbb39d708,Settlement setl_1db451ee9a8c,CREDIT,{}
btxn_2d5329e0b820,btxn_2d5329e0b820,merch_1d7b999b,18410.8,2026-01-12T22:17:00,pay_4091a6a7ca8c,Settlement setl_794146750e70,CREDIT,{}
btxn_54e10e8db56d,btxn_54e10e8db56d,merch_1d7b999b,35231.49,2026-01-08T21:18:00,pay_86827276873c,Settlement setl_a69254927bc3,CREDIT,{}
btxn_a8356a8ff5e4,btxn_a8356a8ff5e4,merch_1d7b999b,42656.03,2026-01-16T07:57:00,pay_73c5ddd990b9,Settlement setl_5db4a55596b2,CREDIT,{}
btxn_4f4c9dd8b1e5,btxn_4f4c9dd8b1e5,merch_1d7b999b,48381.31,2026-01-12T23:22:00,pay_f7296ce16013,Settlement setl_202128c1273a,CREDIT,{}
btxn_53c644cc1a4a,btxn_53c644cc1a4a,merch_1d7b999b,44577.45,2026-01-29T07:45:00,pay_73799fe43205,Settlement setl_46cd431b1741,CREDIT,{}
btxn_3bc898f1e254,btxn_3bc898f1e254,merch_1d7b999b,6155.99,2026-01-08T06:15:00,pay_157868b7afea,Settlement setl_0f93ee737f64,CREDIT,{}
btxn_ba15b58abdc8,btxn_ba15b58abdc8,merch_1d7b999b,28656.64,2026-01-16T19:08:00,pay_ce3f133e36fa,Settlement setl_149e6ea56a35,CREDIT,{}
btxn_0f093fdcd052,btxn_0f093fdcd052,merch_1d7b999b,49979.79,2026-01-25T17:33:00,pay_a72346635967,Settlement setl_b088714c7305,CREDIT,{}
btxn_c280dda2bc73,btxn_c280dda2bc73,merch_1d7b999b,3780.16,2026-01-12T22:04:00,pay_56c3b6f0430d,Settlement setl_69085c09e0a4,CREDIT,{}
btxn_d870bd3beebb,btxn_d870bd3beebb,merch_1d7b999b,17291.29,2026-01-30T19:40:00,pay_e79a07964af6,Settlement setl_aef72d062de6,CREDIT,{}
btxn_5f2fc02765f8,btxn_5f2fc02765f8,merch_1d7b999b,45544.54,2026-01-03T05:33:00,pay_80e84a4ee6fa,Settlement setl_2baf3436d37e,CREDIT,{}
btxn_bd4a49f0a0b9,btxn_bd4a49f0a0b9,merch_1d7b999b,15876.75,2026-01-24T09:22:00,pay_d1068a3289c9,Settlement setl_f3ea2cf31369,CREDIT,{}
btxn_ee0efc869a28,btxn_ee0efc869a28,merch_1d7b999b,12605.2,2026-01-22T19:17:00,pay_fbacb5a9652e,Settlement setl_42c5358181e0,CREDIT,{}
btxn_0eb5fe0e5d7c,btxn_0eb5fe0e5d7c,merch_1d7b999b,26720.55,2026-01-18T22:10:00,pay_d7d7b381b240,Settlement setl_32c40f198430,CREDIT,{}
btxn_a1004abeed31,btxn_a1004abeed31,merch_1d7b999b,36059.58,2026-01-21T12:53:00,pay_0e247983a901,Settlement setl_5f808cbce586,CREDIT,{}
btxn_8e4a360607b2,btxn_8e4a360607b2,merch_1d7b999b,47432.49,2026-01-26T20:16:00,pay_d34eefd1bdd4,Settlement setl_c62d73386d89,CREDIT,{}
btxn_3095cad25a73,btxn_3095cad25a73,merch_1d7b999b,31985.66,2026-01-17T22:34:00,pay_f6356274bd71,Settlement setl_2c9c10dbfd50,CREDIT,{}
btxn_d8161fa5c867,btxn_d8161fa5c867,merch_1d7b999b,24198.95,2026-01-27T23:25:00,pay_a6ec9a65bf09,Settlement setl_6831e2b87ec0,CREDIT,{}
btxn_418fa992a527,btxn_418fa992a527,merch_1d7b999b,3089.66,2026-01-16T15:30:00,pay_704eb607fc09,Settlement setl_9855bb15fdd4,CREDIT,{}
btxn_c616b94ace7f,btxn_c616b94ace7f,merch_1d7b999b,7269.07,2026-01-30T00:20:00,pay_e90711788602,Settlement setl_b3f18afd20a6,CREDIT,{}
btxn_9f89f6eb1954,btxn_9f89f6eb1954,merch_1d7b999b,18589.96,2026-01-19T05:20:00,pay_8aabdc325e6b,Settlement setl_61d8b62e1a8f,CREDIT,{}
btxn_dcda80fd8f5f,btxn_dcda80fd8f5f,merch_1d7b999b,22084.14,2026-01-06T05:03:00,pay_ab7bc277e247,Settlement setl_1551e158e21f,CREDIT,{}
btxn_7121d2629a84,btxn_7121d2629a84,merch_1d7b999b,9381.27,2026-01-07T17:32:00,pay_270e8a1a1ee6,Settlement setl_eb2a4abd3e39,CREDIT,{}
btxn_c2750882c516,btxn_c2750882c516,merch_1d7b999b,24918.78,2026-01-04T14:32:00,pay_9109cdb563e6,Settlement setl_ab036a6369de,CREDIT,{}
btxn_9f55c3d10f88,btxn_9f55c3d10f88,merch_1d7b999b,17709.46,2026-01-03T11:31:00,pay_8938945c94df,Settlement setl_fbf78aec206f,CREDIT,{}
btxn_f6e9ab35a849,btxn_f6e9ab35a849,merch_1d7b999b,18360.27,2026-01-14T03:36:00,pay_6df485030f09,Settlement setl_6ab3229e4bec,CREDIT,{}
btxn_bfce52d025cf,btxn_bfce52d025cf,merch_1d7b999b,3769.23,2026-01-18T16:48:00,pay_2e82b72404bd,Settlement setl_728574f5b3b1,CREDIT,{}
btxn_3d83f4d44460,btxn_3d83f4d44460,merch_1d7b999b,6028.67,2026-01-05T14:23:00,pay_d7cce9c72c98,Settlement setl_d3b77ca4379f,CREDIT,{}
btxn_edfc2124bf03,btxn_edfc2124bf03,merch_1d7b999b,37772.76,2026-01-08T21:32:00,pay_d4594c4b2356,Settlement setl_1d455142ee45,CREDIT,{}
btxn_35a6c5899617,btxn_35a6c5899617,merch_1d7b999b,2041.81,2026-01-24T12:51:00,pay_fde88d12e09d,Settlement setl_1a01a1c3ae0a,CREDIT,{}
btxn_f1a3f60a9e2a,btxn_f1a3f60a9e2a,merch_1d7b999b,30352.4,2026-01-18T06:20:00,pay_208380f4504c,Settlement setl_50f237f0569c,CREDIT,{}
btxn_0bce256e4504,btxn_0bce256e4504,merch_1d7b999b,30863.37,2026-01-28T11:37:00,pay_00643b594d96,Settlement setl_7e825cc3c22c,CREDIT,{}
btxn_601f2960baef,btxn_601f2960baef,merch_1d7b999b,26663.76,2026-01-24T20:19:00,pay_d93dd929e927,Settlement setl_5ebecb708bcc,CREDIT,{}
btxn_67dc8608cf9d,btxn_67dc8608cf9d,merch_1d7b999b,33722.94,2026-01-15T20:19:00,pay_e37dd9983f20,Settlement setl_b5227268e8de,CREDIT,{}
btxn_1a65977563e5,btxn_1a65977563e5,merch_1d7b999b,48356.83,2026-01-27T20:36:00,pay_4953edde38da,Settlement setl_f2b6518e776d,CREDIT,{}
btxn_ed9d335a26b1,btxn_ed9d335a26b1,merch_1d7b999b,8608.55,2026-01-23T01:39:00,pay_951c11f0b7ef,Settlement setl_d13718cf59ed,CREDIT,{}
btxn_c5768069b4d4,btxn_c5768069b4d4,merch_1d7b999b,12185.61,2026-01-21T00:07:00,pay_34bf1fb69bd2,Settlement setl_8dcfc2cad7dd,CREDIT,{}
btxn_ca4ce4923d60,btxn_ca4ce4923d60,merch_1d7b999b,46034.0,2026-01-30T01:46:00,pay_46619de4b5fe,Settlement setl_cc06024e8eb5,CREDIT,{}
btxn_7260567c6bcd,btxn_7260567c6bcd,merch_1d7b999b,28088.25,2026-01-23T17:33:00,pay_61f175a71982,Settlement setl_656807ac6bc9,CREDIT,{}
btxn_9cf2dda8b60d,btxn_9cf2dda8b60d,merch_1d7b999b,36074.14,2026-01-23T00:16:00,pay_380f90d90cb6,Settlement setl_8244594fc8c9,CREDIT,{}
btxn_d1b1026ccdf2,btxn_d1b1026ccdf2,merch_1d7b999b,14022.42,2026-01-11T09:19:00,pay_7fa10acb58d5,Settlement setl_2ab2b18ba874,CREDIT,{}
btxn_d43218a97d7a,btxn_d43218a97d7a,merch_1d7b999b,24501.25,2026-01-17T13:35:00,pay_4710934e3fb4,Settlement setl_437062589056,CREDIT,{}
btxn_19110c176e39,btxn_19110c176e39,merch_1d7b999b,33863.45,2026-01-14T14:52:00,pay_409034d1fc07,Settlement setl_93bad0ed5c51,CREDIT,{}
btxn_f77d1df3edb7,btxn_f77d1df3edb7,merch_1d7b999b,14452.75,2026-01-24T04:22:00,pay_e08d9d628dfe,Settlement setl_5186d83c498b,CREDIT,{}
btxn_ec9011e924b4,btxn_ec9011e924b4,merch_1d7b999b,24006.06,2026-01-08T19:17:00,pay_3783c10de80d,Settlement setl_1d63bc153a24,CREDIT,{}
btxn_c90650065c61,btxn_c90650065c61,merch_1d7b999b,37070.46,2026-01-09T09:03:00,pay_a8cfc733c962,Settlement setl_d9a5cfca446a,CREDIT,{}
btxn_0b3df3405e34,btxn_0b3df3405e34,merch_1d7b999b,2719.31,2026-01-15T12:45:00,pay_eea1e498a4b0,Settlement setl_a0c87f23be40,CREDIT,{}
btxn_f506ed109c0c,btxn_f506ed109c0c,merch_1d7b999b,6959.61,2026-02-01T19:59:00,pay_e0b8ba355107,Settlement setl_76cd1a59d424,CREDIT,{}
btxn_663b62e9f94a,btxn_663b62e9f94a,merch_1d7b999b,44044.31,2026-01-17T17:41:00,pay_756d92a6f652,Settlement setl_f8e50b10eef4,CREDIT,{}
btxn_55e29010343f,btxn_55e29010343f,merch_1d7b999b,42531.62,2026-01-03T07:26:00,pay_2dedda436649,Settlement setl_6992950fe575,CREDIT,{}
btxn_225eca11b932,btxn_225eca11b932,merch_1d7b999b,19910.03,2026-01-17T07:59:00,pay_83743c24e767,Settlement setl_359069325337,CREDIT,{}
btxn_090ade5b0eb3,btxn_090ade5b0eb3,merch_1d7b999b,28441.3,2026-01-05T12:18:00,pay_1af800fde5a9,Settlement setl_04e670cebfe8,CREDIT,{}
btxn_a39f32b9c9f4,btxn_a39f32b9c9f4,merch_1d7b999b,24746.23,2026-02-01T06:54:00,pay_8dc4391c55a6,Settlement setl_9fc615e85002,CREDIT,{}
btxn_25ba2954d230,btxn_25ba2954d230,merch_1d7b999b,40459.81,2026-01-12T07:46:00,pay_f13e005a30ea,Settlement setl_c8aff0350cab,CREDIT,{}
btxn_37f7c69f5e1f,btxn_37f7c69f5e1f,merch_1d7b999b,9391.33,2026-01-25T12:50:00,pay_5fa36e705b18,Settlement setl_0d26d3552006,CREDIT,{}
btxn_ef78d01ce235,btxn_ef78d01ce235,merch_1d7b999b,9738.75,2026-01-21T22:57:00,pay_d9ad2a2f4a3a,Settlement setl_5b6a235afd29,CREDIT,{}
btxn_06067cd751ea,btxn_06067cd751ea,merch_1d7b999b,4428.21,2026-01-23T05:11:00,pay_a025dcb5791a,Settlement setl_7c2c2823b726,CREDIT,{}
btxn_37f28f2b1888,btxn_37f28f2b1888,merch_1d7b999b,12477.55,2026-01-10T14:15:00,pay_a5fff6898024,Settlement setl_b52e4508cf4c,CREDIT,{}
btxn_f1334f038c07,btxn_f1334f038c07,merch_1d7b999b,15167.1,2026-01-25T20:00:00,pay_773b86204553,Settlement setl_015855012110,CREDIT,{}
btxn_2cfb7ec843fe,btxn_2cfb7ec843fe,merch_1d7b999b,11891.5,2026-01-23T05:29:00,pay_6a2ec40e37d9,Settlement setl_4cd0213dde10,CREDIT,{}
btxn_4da1a5da80e6,btxn_4da1a5da80e6,merch_1d7b999b,25175.77,2026-01-31T00:49:00,pay_de809202d9a4,Settlement setl_fcd80cfd113e,CREDIT,{}
btxn_5504a8aea875,btxn_5504a8aea875,merch_1d7b999b,47037.72,2026-01-13T21:14:00,pay_c4a558a16cad,Settlement setl_92c6192c2553,CREDIT,{}
btxn_e7e30c19d40a,btxn_e7e30c19d40a,merch_1d7b999b,43669.44,2026-01-04T18:28:00,pay_42224a4610e7,Settlement setl_02f517e7f37e,CREDIT,{}
btxn_0546635c521a,btxn_0546635c521a,merch_1d7b999b,28252.02,2026-01-03T19:57:00,pay_88c5848bd822,Settlement setl_b2083cbd9d10,CREDIT,{}
btxn_49b36f26e8a9,btxn_49b36f26e8a9,merch_1d7b999b,7577.63,2026-01-12T18:28:00,pay_05ae692d0a48,Settlement setl_ff70a52aa1b8,CREDIT,{}
btxn_db34a4bc8d38,btxn_db34a4bc8d38,merch_1d7b999b,29199.07,2026-01-04T18:28:00,pay_81e4956472a4,Settlement setl_88d5af246781,CREDIT,{}
btxn_3e61407f93e4,btxn_3e61407f93e4,merch_1d7b999b,20829.69,2026-01-20T03:35:00,pay_f25361c27de7,Settlement setl_25fa7ac28426,CREDIT,{}
btxn_481b7ea12b08,btxn_481b7ea12b08,merch_1d7b999b,36191.68,2026-01-14T10:52:00,pay_4192362a5e08,Settlement setl_2a20ddc05473,CREDIT,{}
btxn_07bf14fd8121,btxn_07bf14fd8121,merch_1d7b999b,2359.96,2026-01-14T00:04:00,pay_2d9313cfda6f,Settlement setl_8faca916db11,CREDIT,{}
btxn_3cb041a9c066,btxn_3cb041a9c066,merch_1d7b999b,3544.06,2026-01-31T17:02:00,pay_dd757911a8c4,Settlement setl_3307bf1d08b1,CREDIT,{}
btxn_9670353f2edd,btxn_9670353f2edd,merch_1d7b999b,6857.9,2026-01-23T01:41:00,pay_fa6ef2a8ac35,Settlement setl_750d5b418d0d,CREDIT,{}
btxn_65487fc0857c,btxn_65487fc0857c,merch_1d7b999b,19185.73,2026-01-29T14:24:00,pay_92f590f908ee,Settlement setl_41140d804ce6,CREDIT,{}
btxn_49e1decfc284,btxn_49e1decfc284,merch_1d7b999b,43740.23,2026-01-06T22:55:00,pay_3f03411ee59f,Settlement setl_33f1ce44faf6,CREDIT,{}
btxn_e36f18ae8389,btxn_e36f18ae8389,merch_1d7b999b,48926.69,2026-01-16T23:46:00,pay_f7b81964b8a6,Settlement setl_d4a7ec658446,CREDIT,{}
btxn_86ee604d8f25,btxn_86ee604d8f25,merch_1d7b999b,41185.69,2026-01-09T16:22:00,pay_7f058fac86c9,Settlement setl_5a57b6324af9,CREDIT,{}
btxn_830aad5cf2f5,btxn_830aad5cf2f5,merch_1d7b999b,44199.46,2026-01-02T09:13:00,pay_0b1a1bf115e9,Settlement setl_ccab7905edf2,CREDIT,{}
btxn_dba20602b391,btxn_dba20602b391,merch_1d7b999b,20173.04,2026-01-09T19:13:00,pay_36291fda342e,Settlement setl_419aec7f48fe,CREDIT,{}
btxn_9e2ce469202f,btxn_9e2ce469202f,merch_1d7b999b,14534.25,2026-01-29T01:36:00,pay_7f937e00ec66,Settlement setl_d255d4ec4983,CREDIT,{}
btxn_435a914a71cc,btxn_435a914a71cc,merch_1d7b999b,33659.34,2026-01-12T09:19:00,pay_78630abacce6,Settlement setl_b60571e09c06,CREDIT,{}
btxn_f8b2843e7cb7,btxn_f8b2843e7cb7,merch_1d7b999b,20736.65,2026-01-10T03:35:00,pay_3e09675e41e9,Settlement setl_5402222c649a,CREDIT,{}
btxn_6b89f50ec476,btxn_6b89f50ec476,merch_1d7b999b,27836.95,2026-01-03T13:41:00,pay_9cd35ec26eae,Settlement setl_f37d06245b02,CREDIT,{}
btxn_dbab37501eb6,btxn_dbab37501eb6,merch_1d7b999b,20874.6,2026-01-06T11:24:00,pay_6a594d21d527,Settlement setl_1cf024f7a25f,CREDIT,{}
btxn_94e69e9dac42,btxn_94e69e9dac42,merch_1d7b999b,42482.11,2026-01-12T00:09:00,pay_ecd6a7d17788,Settlement setl_5e9731601c20,CREDIT,{}
btxn_82a56492dc89,btxn_82a56492dc89,merch_1d7b999b,48392.53,2026-01-19T18:08:00,pay_ea5353d5262b,Settlement setl_fdbf759589ad,CREDIT,{}
btxn_13fe073f0bfb,btxn_13fe073f0bfb,merch_1d7b999b,16580.12,2026-01-04T16:54:00,pay_e3466a5a5906,Settlement setl_9e7cdfcaa09a,CREDIT,{}
btxn_fc8d95c98fad,btxn_fc8d95c98fad,merch_1d7b999b,41487.37,2026-01-03T10:24:00,pay_eb5f5da8a4b5,Settlement setl_88d4adc0cd82,CREDIT,{}
btxn_118606669d5d,btxn_118606669d5d,merch_1d7b999b,38108.65,2026-01-25T23:35:00,pay_06ea4382611f,Settlement setl_d7f63c1f81b2,CREDIT,{}
btxn_8b0e79f6c763,btxn_8b0e79f6c763,merch_1d7b999b,37741.1,2026-01-31T09:44:00,wrong_pay_e7bc55174f49,Settlement setl_73213c95fa49,CREDIT,{}
btxn_435b08d1465f,btxn_435b08d1465f,merch_1d7b999b,27648.76,2026-01-26T11:24:00,pay_1255bffbbfb6,Settlement setl_d30e1d8cef5d,CREDIT,{}
btxn_061bac4185bf,btxn_061bac4185bf,merch_1d7b999b,15490.27,2026-01-13T18:56:00,pay_b42a19513c55,Settlement setl_3777b441aebf,CREDIT,{}
btxn_ea8b2a7935af,btxn_ea8b2a7935af,merch_1d7b999b,49067.79,2026-01-17T12:58:00,pay_9b096a06a17b,Settlement setl_cba4539dd41d,CREDIT,{}
btxn_572db44d3191,btxn_572db44d3191,merch_1d7b999b,2381.2,2026-01-29T09:47:00,pay_ba30f8c1c57a,Settlement setl_5b57ad17e284,CREDIT,{}
btxn_dede64e56730,btxn_dede64e56730,merch_1d7b999b,46744.44,2026-01-21T01:26:00,pay_9a544e36b960,Settlement setl_8a04c2ab25f7,CREDIT,{}
btxn_b6b68aa74095,btxn_b6b68aa74095,merch_1d7b999b,24482.19,2026-01-25T22:47:00,pay_733fd0ead66f,Settlement setl_d51230078a96,CREDIT,{}
btxn_80dbad7c2f86,btxn_80dbad7c2f86,merch_1d7b999b,39769.28,2026-01-07T06:46:00,pay_4fe2d48a72cb,Settlement setl_2f9003917de4,CREDIT,{}
btxn_20920e791d5b,btxn_20920e791d5b,merch_1d7b999b,44479.29,2026-01-22T03:33:00,pay_a972ce3ffa20,Settlement setl_4f11b5e1db49,CREDIT,{}
btxn_310992de2513,btxn_310992de2513,merch_1d7b999b,33443.96,2026-01-26T02:26:00,pay_8c0d88341c78,Settlement setl_37ba37d465e2,CREDIT,{}
btxn_dd323d4d4d97,btxn_dd323d4d4d97,merch_1d7b999b,35387.76,2026-01-02T08:32:00,pay_ea9317f82ce3,Settlement setl_95212d5f9609,CREDIT,{}
btxn_44868a6dfca0,btxn_44868a6dfca0,merch_1d7b999b,31922.66,2026-01-31T21:58:00,pay_8ff18eb809d4,Settlement setl_98cca8499e5f,CREDIT,{}
btxn_d4bf489e05be,btxn_d4bf489e05be,merch_1d7b999b,26833.33,2026-01-11T02:32:00,pay_dde3c42cf1ca,Settlement setl_72de266dc1b1,CREDIT,{}
btxn_f5a5cb54ea88,btxn_f5a5cb54ea88,merch_1d7b999b,4906.06,2026-01-06T09:12:00,pay_80d67ebe7673,Settlement setl_8a7204a5bd08,CREDIT,{}
btxn_6513f6b69ffc,btxn_6513f6b69ffc,merch_1d7b999b,13439.5,2026-01-14T04:23:00,pay_626cc0f293ad,Settlement setl_675efa4ddbe8,CREDIT,{}
btxn_92a07f18ff13,btxn_92a07f18ff13,merch_1d7b999b,49512.63,2026-01-09T11:43:00,pay_e733345b3899,Settlement setl_862c7736e7d3,CREDIT,{}
btxn_621b14c885af,btxn_621b14c885af,merch_1d7b999b,32529.73,2026-01-03T04:25:00,pay_a6f4d3905b32,Settlement setl_f32f64f1050b,CREDIT,{}
btxn_1579331c5d4c,btxn_1579331c5d4c,merch_1d7b999b,2842.14,2026-01-03T00:10:00,pay_ccc355174088,Settlement setl_8667a35a331d,CREDIT,{}
btxn_d0a0583ead5f,btxn_d0a0583ead5f,merch_1d7b999b,32280.87,2026-01-12T20:54:00,wrong_pay_caf31d6b9706,Settlement setl_107b92a413de,CREDIT,{}
btxn_90dabc3a14c3,btxn_90dabc3a14c3,merch_1d7b999b,11565.35,2026-01-31T00:56:00,pay_5227c2c180d9,Settlement setl_eac9875310c0,CREDIT,{}
btxn_33360078179b,btxn_33360078179b,merch_1d7b999b,3809.97,2026-01-31T10:57:00,pay_eec63bb78a2d,Settlement setl_7216c49526c4,CREDIT,{}
btxn_c636d35b2bcc,btxn_c636d35b2bcc,merch_1d7b999b,9049.79,2026-01-29T12:01:00,pay_9e8400266fad,Settlement setl_92cd7635f093,CREDIT,{}
btxn_30cbcdf2c553,btxn_30cbcdf2c553,merch_1d7b999b,41052.47,2026-01-28T14:59:00,pay_69b71c63f53a,Settlement setl_8cc5885147ac,CREDIT,{}
btxn_403b6cc0a9ae,btxn_403b6cc0a9ae,merch_1d7b999b,12099.56,2026-01-28T14:43:00,pay_8d09b19be718,Settlement setl_e4eae0008169,CREDIT,{}
btxn_068f11b31447,btxn_068f11b31447,merch_1d7b999b,17358.39,2026-01-05T15:14:00,pay_52ce2b2c45c5,Settlement setl_55335e95cfbf,CREDIT,{}
btxn_fbc7c8ba2f79,btxn_fbc7c8ba2f79,merch_1d7b999b,30731.88,2026-01-21T14:49:00,pay_9dfd488a85ed,Settlement setl_c1f191912daf,CREDIT,{}
btxn_8a951c5475ce,btxn_8a951c5475ce,merch_1d7b999b,39199.05,2026-01-16T17:14:00,pay_846d7e363d5c,Settlement setl_05d58afd1d48,CREDIT,{}
btxn_bd1a5b0407f5,btxn_bd1a5b0407f5,merch_1d7b999b,14839.44,2026-01-10T00:04:00,pay_bba164d52215,Settlement setl_e322bf1b1d2b,CREDIT,{}
btxn_844d2dbc4790,btxn_844d2dbc4790,merch_1d7b999b,35612.69,2026-01-22T06:47:00,pay_57c06c7c2861,Settlement setl_cf67d54687db,CREDIT,{}
btxn_0bdc1a1b6580,btxn_0bdc1a1b6580,merch_1d7b999b,4666.87,2026-02-01T11:28:00,pay_ce40e18aac98,Settlement setl_ce6314dad5b1,CREDIT,{}
btxn_fd0f1646ebc3,btxn_fd0f1646ebc3,merch_1d7b999b,4456.13,2026-01-15T16:35:00,pay_1477ec63c53c,Settlement setl_f445d8297bd6,CREDIT,{}
btxn_3d36ff17cb4a,btxn_3d36ff17cb4a,merch_1d7b999b,4571.98,2026-01-19T04:38:00,pay_b06457e32e10,Settlement setl_66ddef6ce888,CREDIT,{}
btxn_b0c0379e9212,btxn_b0c0379e9212,merch_1d7b999b,20749.12,2026-01-26T04:46:00,pay_c8f16f1aa0ba,Settlement setl_e9c4c1480bda,CREDIT,{}
btxn_b3cdfcba665a,btxn_b3cdfcba665a,merch_1d7b999b,34297.27,2026-01-07T06:17:00,pay_6f6ed62dd984,Settlement setl_506b1e0d0838,CREDIT,{}
btxn_ffb56264e92b,btxn_ffb56264e92b,merch_1d7b999b,3257.03,2026-01-15T10:26:00,pay_5669aaa26cff,Settlement setl_80b3c6c24874,CREDIT,{}
btxn_bd5e7f83d770,btxn_bd5e7f83d770,merch_1d7b999b,18120.13,2026-02-01T09:46:00,pay_e7da276eee78,Settlement setl_d39d39c30bb3,CREDIT,{}
btxn_c257e071e1e4,btxn_c257e071e1e4,merch_1d7b999b,22488.35,2026-01-06T11:00:00,pay_de3ffb48b53a,Settlement setl_872e9d0d3545,CREDIT,{}
btxn_dc08b96dec40,btxn_dc08b96dec40,merch_1d7b999b,19056.51,2026-01-29T12:28:00,pay_604cd5701e92,Settlement setl_0bd9053b9ec4,CREDIT,{}
btxn_2b7fbca7e5a1,btxn_2b7fbca7e5a1,merch_1d7b999b,42989.47,2026-01-21T06:19:00,pay_d63276520b42,Settlement setl_81a82a7f027a,CREDIT,{}
btxn_c07c63017321,btxn_c07c63017321,merch_1d7b999b,31681.83,2026-02-01T20:50:00,pay_b170597da898,Settlement setl_1937c89c2dfe,CREDIT,{}
btxn_b61a69eaa915,btxn_b61a69eaa915,merch_1d7b999b,40843.08,2026-01-14T13:07:00,pay_63e242c85c10,Settlement setl_68ed3a868cca,CREDIT,{}
btxn_fb15a8306edf,btxn_fb15a8306edf,merch_1d7b999b,9078.37,2026-01-26T19:01:00,pay_afb5a013efda,Settlement setl_b489d1a351fb,CREDIT,{}
btxn_3eedc183f58a,btxn_3eedc183f58a,merch_1d7b999b,14637.43,2026-01-24T04:52:00,pay_aae088633c6f,Settlement setl_4af14e678451,CREDIT,{}
btxn_13ada1dbba43,btxn_13ada1dbba43,merch_1d7b999b,31703.47,2026-01-09T10:42:00,pay_819f19a01b4f,Settlement setl_006dbbec12e6,CREDIT,{}
btxn_0efe05d27ffe,btxn_0efe05d27ffe,merch_1d7b999b,3790.86,2026-01-21T17:37:00,pay_473b528126ef,Settlement setl_8698df90cae6,CREDIT,{}
btxn_f20e4f9c4f2e,btxn_f20e4f9c4f2e,merch_1d7b999b,32914.32,2026-01-13T07:41:00,pay_68dbc319226d,Settlement setl_47931341a968,CREDIT,{}
btxn_cf2c6859d9b7,btxn_cf2c6859d9b7,merch_1d7b999b,33905.85,2026-01-14T12:50:00,pay_242c49ff2fb7,Settlement setl_1595ea109e57,CREDIT,{}
btxn_31cd11ddfaef,btxn_31cd11ddfaef,merch_1d7b999b,13011.04,2026-01-19T01:33:00,pay_2a7e5ef5d28a,Settlement setl_1dc0ad908e93,CREDIT,{}
btxn_2176d6c66fb6,btxn_2176d6c66fb6,merch_1d7b999b,23206.85,2026-01-23T20:44:00,pay_befe0b9d0bf4,Settlement setl_276ec824b952,CREDIT,{}
btxn_474b80719bea,btxn_474b80719bea,merch_1d7b999b,1325.68,2026-01-05T11:26:00,pay_eb9964043c3f,Settlement setl_6a78edc1b23b,CREDIT,{}
btxn_9a85dfab1d62,btxn_9a85dfab1d62,merch_1d7b999b,36534.52,2026-01-13T11:21:00,pay_6d87e4451e84,Settlement setl_b1ce4a0ec114,CREDIT,{}
btxn_87d067732e22,btxn_87d067732e22,merch_1d7b999b,17480.18,2026-01-05T16:46:00,pay_25c56e99e963,Settlement setl_f8c569b37ee6,CREDIT,{}
btxn_18fb98c07bfa,btxn_18fb98c07bfa,merch_1d7b999b,2329.68,2026-01-24T05:01:00,pay_24b058a3c5b3,Settlement setl_3049a0aca814,CREDIT,{}
btxn_9d60781099f9,btxn_9d60781099f9,merch_1d7b999b,40022.5,2026-02-01T01:15:00,pay_5325bef586f1,Settlement setl_67cf61ddecee,CREDIT,{}
btxn_9e12d8cbbe6f,btxn_9e12d8cbbe6f,merch_1d7b999b,16616.38,2026-01-15T16:14:00,pay_37553dac3965,Settlement setl_a99b5109bdb6,CREDIT,{}
btxn_6eb62b0196c6,btxn_6eb62b0196c6,merch_1d7b999b,32059.9,2026-01-15T14:01:00,pay_694ca482e9f0,Settlement setl_cb1f9e0bc9fd,CREDIT,{}
btxn_c0bef17712ee,btxn_c0bef17712ee,merch_1d7b999b,19502.91,2026-01-24T08:13:00,pay_21330b1451fd,Settlement setl_1b399f071789,CREDIT,{}
btxn_ad4812e6ea40,btxn_ad4812e6ea40,merch_1d7b999b,39995.17,2026-01-19T07:23:00,pay_20985434427c,Settlement setl_abdf743f63be,CREDIT,{}
btxn_7d3b6f48f3ca,btxn_7d3b6f48f3ca,merch_1d7b999b,13191.43,2026-01-29T17:33:00,pay_30b192f04ce0,Settlement setl_620ec4e5b282,CREDIT,{}
btxn_f560fc5a7e4f,btxn_f560fc5a7e4f,merch_1d7b999b,19687.95,2026-01-05T13:22:00,pay_c1abcfd3f5a7,Settlement setl_dc731cc9a2e2,CREDIT,{}
btxn_8d151a7dc5c3,btxn_8d151a7dc5c3,merch_1d7b999b,33712.08,2026-01-27T11:58:00,pay_65b56bdc54fb,Settlement setl_97f8545cde82,CREDIT,{}
btxn_fe3b4b439c3a,btxn_fe3b4b439c3a,merch_1d7b999b,5981.3,2026-01-11T05:11:00,pay_5d77c7fcebf2,Settlement setl_dbd2f013f134,CREDIT,{}
btxn_37d8671f8280,btxn_37d8671f8280,merch_1d7b999b,20970.13,2026-01-06T20:24:00,pay_2d82ff730f3f,Settlement setl_ffcbd801ea5d,CREDIT,{}
btxn_c30e8533f166,btxn_c30e8533f166,merch_1d7b999b,26915.23,2026-01-31T22:59:00,pay_5a911627154a,Settlement setl_1f11ed740d9f,CREDIT,{}
btxn_e9580a4bc723,btxn_e9580a4bc723,merch_1d7b999b,14512.86,2026-01-07T12:53:00,pay_13c80083beeb,Settlement setl_7ddf00e5079f,CREDIT,{}
btxn_17f8454aee62,btxn_17f8454aee62,merch_1d7b999b,18016.05,2026-01-02T17:08:00,pay_dc668fd66d4a,Settlement setl_d707af97c19e,CREDIT,{}
btxn_f2fbbda96ac7,btxn_f2fbbda96ac7,merch_1d7b999b,22248.2,2026-01-07T04:36:00,pay_0cecd6d52764,Settlement setl_62bc6dc217ea,CREDIT,{}
btxn_ea82838a6885,btxn_ea82838a6885,merch_1d7b999b,41181.81,2026-01-13T19:52:00,pay_aba0d0dcd0e6,Settlement setl_0afbd1a3a744,CREDIT,{}
btxn_ca03a1536650,btxn_ca03a1536650,merch_1d7b999b,48500.01,2026-01-06T01:53:00,pay_c12aed935108,Settlement setl_e0ab493a76a1,CREDIT,{}
btxn_f8d2dcb452a6,btxn_f8d2dcb452a6,merch_1d7b999b,1674.13,2026-01-10T13:55:00,pay_700a505fa101,Settlement setl_c0a500b84b6e,CREDIT,{}
btxn_a09b5c7f4446,btxn_a09b5c7f4446,merch_1d7b999b,5957.56,2026-01-27T09:13:00,pay_349a70bc1780,Settlement setl_655e3b7cf4f3,CREDIT,{}
btxn_8877ce3a8217,btxn_8877ce3a8217,merch_1d7b999b,8382.48,2026-01-06T08:52:00,pay_cd7ba0198587,Settlement setl_93f84f369358,CREDIT,{}
btxn_5a82c3151a4c,btxn_5a82c3151a4c,merch_1d7b999b,26660.81,2026-01-21T19:10:00,pay_04cfa0b41957,Settlement setl_aaa064bd663d,CREDIT,{}
btxn_8437abe9b6bf,btxn_8437abe9b6bf,merch_1d7b999b,13440.42,2026-01-29T18:57:00,pay_986f310c0f02,Settlement setl_095d44550599,CREDIT,{}
btxn_eaec1f4f073f,btxn_eaec1f4f073f,merch_1d7b999b,39305.98,2026-01-31T03:17:00,pay_edc6735cee3b,Settlement setl_6ab2fd706e77,CREDIT,{}
btxn_76b0eb72fa7b,btxn_76b0eb72fa7b,merch_1d7b999b,35598.6,2026-01-28T09:48:00,pay_9153825cdeaf,Settlement setl_d970325e2fc5,CREDIT,{}
btxn_63019381fea4,btxn_63019381fea4,merch_1d7b999b,31656.86,2026-01-22T15:24:00,pay_1068135cde98,Settlement setl_f7dfa5ad719c,CREDIT,{}
btxn_617ede413ab3,btxn_617ede413ab3,merch_1d7b999b,44018.24,2026-01-04T14:32:00,pay_108011fe7e65,Settlement setl_2d9211aaebdc,CREDIT,{}
btxn_063a6161ecba,btxn_063a6161ecba,merch_1d7b999b,24453.42,2026-01-20T02:55:00,pay_9f36faec71b5,Settlement setl_93c540128a12,CREDIT,{}
btxn_4d55abfa86e0,btxn_4d55abfa86e0,merch_1d7b999b,34894.72,2026-01-29T04:50:00,pay_ca783f2ff420,Settlement setl_4a91444a730a,CREDIT,{}
btxn_66d5bc552344,btxn_66d5bc552344,merch_1d7b999b,21539.19,2026-01-08T17:17:00,pay_5db7a4e39989,Settlement setl_9c51b5194a63,CREDIT,{}
btxn_8ff49ea56aaa,btxn_8ff49ea56aaa,merch_1d7b999b,2392.55,2026-01-22T16:01:00,pay_0829f7ad67eb,Settlement setl_cda7cc64f80b,CREDIT,{}
btxn_36e376bc1dae,btxn_36e376bc1dae,merch_1d7b999b,133.73,2026-02-01T15:12:00,pay_26ec6e49556d,Settlement setl_04c3ec94de01,CREDIT,{}
btxn_0e5bc8fdfe61,btxn_0e5bc8fdfe61,merch_1d7b999b,43733.73,2026-01-30T10:05:00,pay_6ec6f5e1dd03,Settlement setl_e3405d875802,CREDIT,{}
btxn_0608e8a8247d,btxn_0608e8a8247d,merch_1d7b999b,33258.99,2026-01-22T07:03:00,pay_9af217e579a1,Settlement setl_b98e0597af43,CREDIT,{}
btxn_d9c0721e8abe,btxn_d9c0721e8abe,merch_1d7b999b,35002.12,2026-01-09T15:41:00,pay_46720b597317,Settlement setl_7dd4a46f234a,CREDIT,{}
btxn_9a857180dff1,btxn_9a857180dff1,merch_1d7b999b,23892.65,2026-01-06T20:14:00,pay_e4ebaae47acb,Settlement setl_30ef99a79c90,CREDIT,{}
btxn_942291802c35,btxn_942291802c35,merch_1d7b999b,502.32,2026-01-12T05:55:00,pay_a65774363093,Settlement setl_87ed60068c9f,CREDIT,{}
btxn_6f3a75b391e0,btxn_6f3a75b391e0,merch_1d7b999b,11524.45,2026-01-05T01:51:00,pay_451ad9dc02a9,Settlement setl_384a64d57255,CREDIT,{}
btxn_7683e78d6b8b,btxn_7683e78d6b8b,merch_1d7b999b,44061.35,2026-01-06T14:49:00,pay_601d4a9581f4,Settlement setl_0ed0b1739eae,CREDIT,{}
btxn_c4a7adf5a65a,btxn_c4a7adf5a65a,merch_1d7b999b,7228.37,2026-01-18T20:00:00,pay_a51a2d12592d,Settlement setl_8a10b73e8fa1,CREDIT,{}
btxn_0ff1d5f934d9,btxn_0ff1d5f934d9,merch_1d7b999b,10731.47,2026-01-25T06:58:00,pay_cb8a0ec6a2c3,Settlement setl_20c1f3f594f8,CREDIT,{}
btxn_63023736c0fb,btxn_63023736c0fb,merch_1d7b999b,17641.63,2026-01-15T12:50:00,pay_aaa9b9e4631d,Settlement setl_5c087e0147a4,CREDIT,{}
btxn_3096287ba877,btxn_3096287ba877,merch_1d7b999b,4217.93,2026-01-19T21:38:00,pay_efb0611f7e0d,Settlement setl_630916b4326f,CREDIT,{}
btxn_634220f4099c,btxn_634220f4099c,merch_1d7b999b,14847.55,2026-01-03T09:31:00,pay_13104cc1825a,Settlement setl_1edcf467c802,CREDIT,{}
btxn_1cde0edf212a,btxn_1cde0edf212a,merch_1d7b999b,31940.31,2026-01-04T18:56:00,pay_744819278724,Settlement setl_da94b1ca5835,CREDIT,{}
btxn_a64301d0623c,btxn_a64301d0623c,merch_1d7b999b,6685.95,2026-01-29T20:26:00,pay_5e2ec3d9d644,Settlement setl_ee21177843f0,CREDIT,{}
btxn_b57eab673aae,btxn_b57eab673aae,merch_1d7b999b,38160.02,2026-02-01T04:01:00,pay_aa69fb2e54bc,Settlement setl_df9bbea1fb66,CREDIT,{}
btxn_fe1435158b7c,btxn_fe1435158b7c,merch_1d7b999b,38378.79,2026-01-16T00:25:00,pay_0045cc3fae54,Settlement setl_ab6a387424db,CREDIT,{}
btxn_ce2402f50789,btxn_ce2402f50789,merch_1d7b999b,30840.75,2026-01-10T04:19:00,wrong_pay_a2b33ae6a567,Settlement setl_593eed40a7b7,CREDIT,{}
btxn_5a15138aa784,btxn_5a15138aa784,merch_1d7b999b,48718.24,2026-01-06T19:20:00,pay_75e1f1f8cbdd,Settlement setl_c8c2d84ad684,CREDIT,{}
btxn_37e9cf6ef75c,btxn_37e9cf6ef75c,merch_1d7b999b,42338.76,2026-01-03T09:05:00,pay_7fac807328cd,Settlement setl_ef78a0bca052,CREDIT,{}
btxn_574a690f9322,btxn_574a690f9322,merch_1d7b999b,30480.74,2026-01-11T23:47:00,pay_cd145059b008,Settlement setl_a75b9ba1401b,CREDIT,{}
btxn_60fb71edc065,btxn_60fb71edc065,merch_1d7b999b,6946.87,2026-01-02T07:31:00,pay_abfccfbc50d1,Settlement setl_0a6b326470cc,CREDIT,{}
btxn_fa4505552c11,btxn_fa4505552c11,merch_1d7b999b,5991.03,2026-01-30T02:21:00,pay_36474209696f,Settlement setl_a3e861dd10dd,CREDIT,{}
btxn_941ff42417c1,btxn_941ff42417c1,merch_1d7b999b,13221.19,2026-01-20T22:04:00,pay_30fee68ea09f,Settlement setl_89963b25eede,CREDIT,{}
btxn_486fc9664d5d,btxn_486fc9664d5d,merch_1d7b999b,2866.41,2026-01-29T20:10:00,pay_c4c0fa619a35,Settlement setl_69436069874e,CREDIT,{}
btxn_2c6c1b5e92ec,btxn_2c6c1b5e92ec,merch_1d7b999b,228.17,2026-01-29T02:15:00,pay_da3c886ae313,Settlement setl_b990bf40b26d,CREDIT,{}
btxn_2a725846fa86,btxn_2a725846fa86,merch_1d7b999b,46019.3,2026-01-07T03:35:00,pay_e7deac9fbcab,Settlement setl_cf4732276902,CREDIT,{}
btxn_1727cd7efc38,btxn_1727cd7efc38,merch_1d7b999b,20871.2,2026-01-25T12:17:00,pay_bb75cab3800d,Settlement setl_64febcc77cc3,CREDIT,{}
btxn_81179b46ab3b,btxn_81179b46ab3b,merch_1d7b999b,25151.84,2026-01-30T03:11:00,pay_3f3534f08ebf,Settlement setl_f10f9688e534,CREDIT,{}
btxn_b77adfabbbf7,btxn_b77adfabbbf7,merch_1d7b999b,47708.56,2026-01-04T16:55:00,pay_c41ea5b35556,Settlement setl_5713fccc0528,CREDIT,{}
btxn_0eb099330691,btxn_0eb099330691,merch_1d7b999b,27699.26,2026-01-02T13:12:00,pay_11209e06ec48,Settlement setl_50d6e912eaac,CREDIT,{}
btxn_3c15f959f59a,btxn_3c15f959f59a,merch_1d7b999b,27373.31,2026-01-27T09:09:00,pay_c96bdc88a8c4,Settlement setl_2dcad87cdf6c,CREDIT,{}
btxn_214d75ac32f3,btxn_214d75ac32f3,merch_1d7b999b,27123.11,2026-01-23T00:56:00,pay_7615a7ed0a18,Settlement setl_1bc99226e390,CREDIT,{}
btxn_ddfac7398c39,btxn_ddfac7398c39,merch_1d7b999b,32899.46,2026-01-30T01:46:00,pay_da328e1198eb,Settlement setl_df75f75d23eb,CREDIT,{}
btxn_5f57b8e8b919,btxn_5f57b8e8b919,merch_1d7b999b,49157.48,2026-01-15T17:03:00,pay_d56b276995cf,Settlement setl_cc01ea6d341e,CREDIT,{}
btxn_89f6c64f0bc9,btxn_89f6c64f0bc9,merch_1d7b999b,46071.59,2026-01-30T18:26:00,pay_f3cdc0404736,Settlement setl_1cc4bfd98084,CREDIT,{}
btxn_65643c96b872,btxn_65643c96b872,merch_1d7b999b,4336.63,2026-01-05T18:08:00,pay_e9c682fb02d9,Settlement setl_19da531c4e49,CREDIT,{}
btxn_200752376885,btxn_200752376885,merch_1d7b999b,3143.75,2026-01-23T06:15:00,pay_ffef920a3f3d,Settlement setl_f7f42e503a13,CREDIT,{}
btxn_d4f28250c027,btxn_d4f28250c027,merch_1d7b999b,46309.49,2026-01-15T00:53:00,pay_d53b8dc7b412,Settlement setl_89f0020dd524,CREDIT,{}
btxn_ccb7622881f4,btxn_ccb7622881f4,merch_1d7b999b,11757.2,2026-02-01T08:08:00,pay_9f467511bbd4,Settlement setl_fc4f5cc32778,CREDIT,{}
btxn_13b669d8a2a6,btxn_13b669d8a2a6,merch_1d7b999b,22533.38,2026-01-12T15:07:00,pay_00049c013616,Settlement setl_4c8174b98a8a,CREDIT,{}
btxn_ab6cbd25e4a1,btxn_ab6cbd25e4a1,merch_1d7b999b,10461.05,2026-01-11T16:16:00,pay_8a56fae98133,Settlement setl_52135c9db870,CREDIT,{}
btxn_a368516db18b,btxn_a368516db18b,merch_1d7b999b,34334.14,2026-01-29T00:44:00,pay_a9433503b7a4,Settlement setl_4449c8b8600e,CREDIT,{}
btxn_b102b519da08,btxn_b102b519da08,merch_1d7b999b,16456.9,2026-01-05T00:15:00,pay_04db8471210d,Settlement setl_ad6f8922b69c,CREDIT,{}
btxn_afab002f08ee,btxn_afab002f08ee,merch_1d7b999b,33891.45,2026-01-10T07:01:00,pay_de59c96ca8be,Settlement setl_e10c9b528302,CREDIT,{}
btxn_8e3c95dc18af,btxn_8e3c95dc18af,merch_1d7b999b,27551.03,2026-01-05T16:06:00,pay_883ac8dcbb94,Settlement setl_5a0db3a5c4e5,CREDIT,{}
btxn_ca0ccd4cd6c7,btxn_ca0ccd4cd6c7,merch_1d7b999b,41535.58,2026-01-09T06:12:00,pay_9ca516c7b544,Settlement setl_01f395a62a7a,CREDIT,{}
btxn_f852a84dd614,btxn_f852a84dd614,merch_1d7b999b,46884.99,2026-01-04T20:37:00,pay_9e808fb2756a,Settlement setl_cccaf311267e,CREDIT,{}
btxn_f9efaae4930b,btxn_f9efaae4930b,merch_1d7b999b,3317.15,2026-01-30T22:28:00,wrong_pay_a79c7fd84a17,Settlement setl_78dab7ce60f4,CREDIT,{}
btxn_0f81c3ce5158,btxn_0f81c3ce5158,merch_1d7b999b,41484.87,2026-01-12T05:02:00,pay_2f6adb7b5a76,Settlement setl_ff0b3d056106,CREDIT,{}
btxn_bee70679b844,btxn_bee70679b844,merch_1d7b999b,28736.82,2026-01-29T01:25:00,pay_040d803a5187,Settlement setl_eb14558aed4a,CREDIT,{}
btxn_2a9604c3412b,btxn_2a9604c3412b,merch_1d7b999b,21390.53,2026-01-13T08:58:00,pay_c621d5f478c0,Settlement setl_4a7722b9876d,CREDIT,{}
btxn_8102e8378131,btxn_8102e8378131,merch_1d7b999b,44182.85,2026-01-03T21:39:00,pay_a98459e53039,Settlement setl_6bda51ef0e43,CREDIT,{}
btxn_884fb88e6f67,btxn_884fb88e6f67,merch_1d7b999b,20658.41,2026-01-19T17:03:00,pay_b8d882c8f407,Settlement setl_99ab81b3b10b,CREDIT,{}
btxn_3efd384a60bd,btxn_3efd384a60bd,merch_1d7b999b,21019.82,2026-01-22T18:15:00,pay_cc8c17357654,Settlement setl_fcc8755a6af2,CREDIT,{}
btxn_d41b6119e581,btxn_d41b6119e581,merch_1d7b999b,39117.6,2026-01-13T17:34:00,wrong_pay_74f6ce183e9b,Settlement setl_0c341b43ac65,CREDIT,{}
btxn_c1d77fb09984,btxn_c1d77fb09984,merch_1d7b999b,25169.42,2026-01-14T10:11:00,pay_28d567e1c6b2,Settlement setl_46ec29fb9362,CREDIT,{}
btxn_5faa10bd511e,btxn_5faa10bd511e,merch_1d7b999b,1562.24,2026-01-27T10:03:00,pay_fb17430e2ab9,Settlement setl_b91b4184f193,CREDIT,{}
btxn_b70ef28ef9f0,btxn_b70ef28ef9f0,merch_1d7b999b,29241.05,2026-01-09T07:06:00,pay_9693b8b5fa73,Settlement setl_dff00bf2c93f,CREDIT,{}
btxn_766a974199a7,btxn_766a974199a7,merch_1d7b999b,26196.49,2026-01-28T01:03:00,pay_33991c31a0c2,Settlement setl_461ecb71bcda,CREDIT,{}
btxn_f779858bb286,btxn_f779858bb286,merch_1d7b999b,39889.8,2026-01-13T07:11:00,pay_cfaef8db8fff,Settlement setl_fd5a18b25933,CREDIT,{}
btxn_25911bb62102,btxn_25911bb62102,merch_1d7b999b,36931.44,2026-01-13T20:01:00,pay_cb472c5abb12,Settlement setl_9e6dac219674,CREDIT,{}
btxn_566dd454ba87,btxn_566dd454ba87,merch_1d7b999b,28199.13,2026-01-08T17:34:00,pay_7079a97ab95c,Settlement setl_bb5d6ec74ce7,CREDIT,{}
btxn_69a902503147,btxn_69a902503147,merch_1d7b999b,4603.84,2026-01-09T21:14:00,pay_b5638fac388b,Settlement setl_249a187dc34f,CREDIT,{}
btxn_79441058ceaf,btxn_79441058ceaf,merch_1d7b999b,45947.16,2026-01-29T12:03:00,pay_6bbaf85284e9,Settlement setl_4cbd681a8668,CREDIT,{}
btxn_f91ea1c0e596,btxn_f91ea1c0e596,merch_1d7b999b,45869.48,2026-01-26T05:54:00,pay_44d3c0741798,Settlement setl_6fe5e334c2aa,CREDIT,{}
btxn_ff952db77d8a,btxn_ff952db77d8a,merch_1d7b999b,18742.18,2026-02-01T23:25:00,pay_66a3a13696a2,Settlement setl_23afc89189c3,CREDIT,{}
btxn_907a893f66ee,btxn_907a893f66ee,merch_1d7b999b,6908.94,2026-01-08T01:27:00,pay_227949b9ad8e,Settlement setl_915133c926f3,CREDIT,{}
btxn_539d5acbd4a4,btxn_539d5acbd4a4,merch_1d7b999b,35388.43,2026-01-20T00:56:00,pay_23c3a9a54ac3,Settlement setl_720b9ac27994,CREDIT,{}
btxn_1c58cd6017e2,btxn_1c58cd6017e2,merch_1d7b999b,40741.27,2026-01-14T11:46:00,pay_84a96ea8a6d3,Settlement setl_9bb9c2d5b482,CREDIT,{}
btxn_270369d86ad9,btxn_270369d86ad9,merch_1d7b999b,189.72,2026-01-24T20:25:00,pay_d645ef940fd9,Settlement setl_a41e9875f8d9,CREDIT,{}
btxn_f8e933d78802,btxn_f8e933d78802,merch_1d7b999b,46059.81,2026-02-01T21:14:00,pay_e62bb9201fe5,Settlement setl_d5adb209d1db,CREDIT,{}
btxn_1dd8ba238a92,btxn_1dd8ba238a92,merch_1d7b999b,36546.78,2026-01-09T13:20:00,pay_db5b3a4aa4b5,Settlement setl_550f1ff69255,CREDIT,{}
btxn_88016345b56e,btxn_88016345b56e,merch_1d7b999b,4527.43,2026-01-24T23:40:00,pay_a6ff1ac60d0e,Settlement setl_94db1f0c022c,CREDIT,{}
btxn_9bec73ae57ec,btxn_9bec73ae57ec,merch_1d7b999b,2502.56,2026-01-17T01:26:00,pay_eac4812edfea,Settlement setl_593fda087d9d,CREDIT,{}
btxn_a1918037da44,btxn_a1918037da44,merch_1d7b999b,18997.76,2026-01-19T14:06:00,pay_5142c4173acb,Settlement setl_81057016c3b1,CREDIT,{}
btxn_c0f89beeb8ba,btxn_c0f89beeb8ba,merch_1d7b999b,34389.3,2026-01-07T16:04:00,pay_9650018d9909,Settlement setl_5811c0d8a9fe,CREDIT,{}
btxn_80e4dbb8bcb8,btxn_80e4dbb8bcb8,merch_1d7b999b,13130.27,2026-01-05T04:21:00,pay_e7855e2c9a8a,Settlement setl_cea3f8117c14,CREDIT,{}
btxn_158d66367ec6,btxn_158d66367ec6,merch_1d7b999b,3842.62,2026-02-01T04:21:00,pay_3dad3811f88a,Settlement setl_c274ef27e117,CREDIT,{}
btxn_530a0f1f500f,btxn_530a0f1f500f,merch_1d7b999b,32716.4,2026-01-21T15:10:00,pay_164f4e33197c,Settlement setl_c732869ccf7c,CREDIT,{}
btxn_440f76894bce,btxn_440f76894bce,merch_1d7b999b,48722.48,2026-01-16T00:35:00,pay_1d11a92a532b,Settlement setl_06be5555fed8,CREDIT,{}
btxn_66bae97f198b,btxn_66bae97f198b,merch_1d7b999b,14940.29,2026-01-05T03:25:00,pay_e20cabceeb93,Settlement setl_5eecca7d93ba,CREDIT,{}
btxn_a77a38e7490f,btxn_a77a38e7490f,merch_1d7b999b,290.4,2026-01-04T11:52:00,pay_85bb09db7322,Settlement setl_0b10ffaffa3d,CREDIT,{}
btxn_a3984cf95256,btxn_a3984cf95256,merch_1d7b999b,10426.95,2026-01-22T11:05:00,pay_5b6557146bc5,Settlement setl_ace95f1bbf51,CREDIT,{}
btxn_03bf392d19dc,btxn_03bf392d19dc,merch_1d7b999b,19933.62,2026-01-17T23:16:00,pay_4bbfa3b630df,Settlement setl_78e16757cf3c,CREDIT,{}
btxn_b387c5ce379c,btxn_b387c5ce379c,merch_1d7b999b,9325.57,2026-01-30T14:23:00,pay_949e6fcdcadc,Settlement setl_b8fc137f2507,CREDIT,{}
btxn_58fd9f5c3df8,btxn_58fd9f5c3df8,merch_1d7b999b,22043.05,2026-01-10T09:53:00,pay_a25bac32d8bc,Settlement setl_3733d70be252,CREDIT,{}
btxn_f377c5f525ca,btxn_f377c5f525ca,merch_1d7b999b,37636.53,2026-01-23T05:05:00,pay_7a48288a8987,Settlement setl_701c22a7e383,CREDIT,{}
btxn_0cc35a0fadfc,btxn_0cc35a0fadfc,merch_1d7b999b,37847.2,2026-01-09T19:03:00,pay_22fcf28b8720,Settlement setl_040d37d54edd,CREDIT,{}
btxn_4b7d68f5ed37,btxn_4b7d68f5ed37,merch_1d7b999b,26822.17,2026-01-29T17:36:00,pay_75c5bc35ee87,Settlement setl_12bfb968b8a9,CREDIT,{}
btxn_4b3ed6bdd716,btxn_4b3ed6bdd716,merch_1d7b999b,19800.74,2026-01-30T00:02:00,wrong_pay_7c53a7ea3554,Settlement setl_bdf43586d1f9,CREDIT,{}
btxn_f42b2f3986f1,btxn_f42b2f3986f1,merch_1d7b999b,40042.47,2026-01-23T21:09:00,pay_4cc7dd8ce177,Settlement setl_6326be1ca6ad,CREDIT,{}
btxn_912e9c64624e,btxn_912e9c64624e,merch_1d7b999b,49219.96,2026-01-08T08:08:00,pay_3d9e27369968,Settlement setl_c2d72569474a,CREDIT,{}
btxn_f8571ad59f10,btxn_f8571ad59f10,merch_1d7b999b,34187.96,2026-01-08T22:09:00,wrong_pay_f36147518651,Settlement setl_f740780ed984,CREDIT,{}
btxn_44edd9ce3f11,btxn_44edd9ce3f11,merch_1d7b999b,45717.28,2026-01-04T04:24:00,pay_774a69e2dd91,Settlement setl_927906bbdd5b,CREDIT,{}
btxn_feaec0f6909e,btxn_feaec0f6909e,merch_1d7b999b,13882.42,2026-01-16T02:50:00,pay_3f2eac7d933e,Settlement setl_28e777e7260d,CREDIT,{}
btxn_622dc48a249c,btxn_622dc48a249c,merch_1d7b999b,7567.15,2026-01-20T20:37:00,pay_037a2c7b5c41,Settlement setl_70381b96c227,CREDIT,{}
btxn_b54d60f663a5,btxn_b54d60f663a5,merch_1d7b999b,5139.42,2026-01-11T19:56:00,pay_f1e3c65562e1,Settlement setl_d8462b8a60a2,CREDIT,{}
btxn_93f69d40b74b,btxn_93f69d40b74b,merch_1d7b999b,32773.9,2026-01-20T21:30:00,pay_458662fa9d6e,Settlement setl_6b5e331993ef,CREDIT,{}
btxn_de6dff88cb14,btxn_de6dff88cb14,merch_1d7b999b,7278.25,2026-01-21T23:44:00,pay_a4c787053763,Settlement setl_d39989f28eec,CREDIT,{}
btxn_ee9b5ddc1d18,btxn_ee9b5ddc1d18,merch_1d7b999b,43959.99,2026-01-24T09:03:00,wrong_pay_a1e866e624d1,Settlement setl_878651dbbd79,CREDIT,{}
btxn_ce027c92fd43,btxn_ce027c92fd43,merch_1d7b999b,1087.43,2026-01-28T11:19:00,pay_40f36a4c3c0a,Settlement setl_edd0d9ed890a,CREDIT,{}
btxn_29bd20e7cdea,btxn_29bd20e7cdea,merch_1d7b999b,16111.33,2026-01-25T15:38:00,pay_22b678793ed3,Settlement setl_2c27215e3a13,CREDIT,{}
btxn_2d656c60558c,btxn_2d656c60558c,merch_1d7b999b,45680.3,2026-01-16T01:31:00,pay_6f1478a01183,Settlement setl_18e54bb74e87,CREDIT,{}
btxn_62eefc45185a,btxn_62eefc45185a,merch_1d7b999b,25811.96,2026-01-07T04:19:00,pay_eb9a1818d3cf,Settlement setl_43f1c7bfb935,CREDIT,{}
btxn_d4371f837fc6,btxn_d4371f837fc6,merch_1d7b999b,41728.05,2026-01-30T20:01:00,pay_33eb70ab20b3,Settlement setl_b8dc06546d95,CREDIT,{}
btxn_c72b6ac97543,btxn_c72b6ac97543,merch_1d7b999b,10116.27,2026-01-03T09:02:00,wrong_pay_2dcd04369011,Settlement setl_8005a79cd0c2,CREDIT,{}
btxn_f8162a962ac5,btxn_f8162a962ac5,merch_1d7b999b,35261.23,2026-01-10T13:52:00,pay_bde2aae8019d,Settlement setl_7999988c903d,CREDIT,{}
btxn_11443b5e5c4b,btxn_11443b5e5c4b,merch_1d7b999b,46161.37,2026-01-23T02:15:00,pay_8f37443a580c,Settlement setl_d384de1003c1,CREDIT,{}
btxn_ac510f180e49,btxn_ac510f180e49,merch_1d7b999b,8961.43,2026-01-29T17:37:00,pay_77f26676b5d6,Settlement setl_5fc4f62df7bb,CREDIT,{}
btxn_1553dadc6059,btxn_1553dadc6059,merch_1d7b999b,44735.15,2026-01-26T00:05:00,pay_0a494268daa7,Settlement setl_a14a406b82c8,CREDIT,{}
btxn_e90772845935,btxn_e90772845935,merch_1d7b999b,8229.08,2026-01-20T08:54:00,pay_0f07814fd5e1,Settlement setl_aa2df503b6b7,CREDIT,{}
btxn_e81d4af40982,btxn_e81d4af40982,merch_1d7b999b,10415.88,2026-01-22T15:32:00,pay_e40fe4a4f93e,Settlement setl_2d378814e7f8,CREDIT,{}
btxn_d2d4cdd1121e,btxn_d2d4cdd1121e,merch_1d7b999b,45584.62,2026-01-22T07:38:00,pay_bc36e0d48715,Settlement setl_88672e871ca1,CREDIT,{}
btxn_b86118544dce,btxn_b86118544dce,merch_1d7b999b,40273.77,2026-01-12T00:45:00,wrong_pay_955d12058a49,Settlement setl_57b8fc9ada45,CREDIT,{}
btxn_f5c5845bba93,btxn_f5c5845bba93,merch_1d7b999b,42594.15,2026-01-16T10:13:00,pay_906cd208cfd3,Settlement setl_18ed84bf16a4,CREDIT,{}
btxn_0430096a6ba2,btxn_0430096a6ba2,merch_1d7b999b,41233.11,2026-01-14T20:06:00,pay_6c0cfcf79fc7,Settlement setl_195a3d0176c7,CREDIT,{}
btxn_dee954185d62,btxn_dee954185d62,merch_1d7b999b,48327.62,2026-01-28T13:35:00,pay_60130e123999,Settlement setl_bd7fcfde07b5,CREDIT,{}
btxn_1ba9491336a2,btxn_1ba9491336a2,merch_1d7b999b,24138.75,2026-01-12T10:40:00,pay_4a1e2048ae52,Settlement setl_4bca62f26450,CREDIT,{}
btxn_2c42ce66c18d,btxn_2c42ce66c18d,merch_1d7b999b,35583.58,2026-01-30T22:19:00,pay_fb522b410975,Settlement setl_79d11455b44b,CREDIT,{}
btxn_6dda34172f6c,btxn_6dda34172f6c,merch_1d7b999b,12091.07,2026-01-03T21:25:00,pay_b5802a6644b8,Settlement setl_624563c5ead3,CREDIT,{}
btxn_0cc94b89a30a,btxn_0cc94b89a30a,merch_1d7b999b,1370.22,2026-01-17T11:16:00,pay_025aa011639e,Settlement setl_67c6bf910d35,CREDIT,{}
btxn_8d957a0d02d0,btxn_8d957a0d02d0,merch_1d7b999b,11195.92,2026-01-19T22:50:00,pay_c413b0822ed0,Settlement setl_e6599a2bc4ec,CREDIT,{}
btxn_84d24fe5aae1,btxn_84d24fe5aae1,merch_1d7b999b,15079.72,2026-01-07T23:56:00,pay_08e298340ec6,Settlement setl_aa9f29d42dde,CREDIT,{}
btxn_f28051322210,btxn_f28051322210,merch_1d7b999b,6484.41,2026-01-11T01:51:00,wrong_pay_e2a55628a108,Settlement setl_50f1683b8a19,CREDIT,{}
btxn_f7e852a6fb76,btxn_f7e852a6fb76,merch_1d7b999b,32756.29,2026-01-09T13:14:00,pay_6b5155fc7300,Settlement setl_1c98f7188bb1,CREDIT,{}
btxn_654319f9f7db,btxn_654319f9f7db,merch_1d7b999b,16632.73,2026-01-10T20:18:00,pay_245f46f9d2d5,Settlement setl_19ba205563f1,CREDIT,{}
btxn_6cf3b4c7c2fa,btxn_6cf3b4c7c2fa,merch_1d7b999b,42466.37,2026-01-20T20:39:00,pay_4d47c8d0c432,Settlement setl_c6c18d03621d,CREDIT,{}
btxn_0b441787c3ea,btxn_0b441787c3ea,merch_1d7b999b,25073.82,2026-01-29T23:24:00,pay_1b6cf9538272,Settlement setl_debb31fb1767,CREDIT,{}
btxn_ec89d887c516,btxn_ec89d887c516,merch_1d7b999b,43555.37,2026-01-06T06:12:00,pay_3d3e2db4d805,Settlement setl_5fcbfd7ccbb7,CREDIT,{}
btxn_dc9ff812c771,btxn_dc9ff812c771,merch_1d7b999b,44652.97,2026-01-16T06:20:00,pay_0f35a671c567,Settlement setl_63d95a28acd4,CREDIT,{}
btxn_44aad365c3f0,btxn_44aad365c3f0,merch_1d7b999b,31588.54,2026-01-07T12:40:00,pay_3c4928b4782f,Settlement setl_2d38f551408f,CREDIT,{}
btxn_bb9f131c3c0a,btxn_bb9f131c3c0a,merch_1d7b999b,10548.18,2026-01-26T07:36:00,pay_2dc562d5160b,Settlement setl_5ec7829c828d,CREDIT,{}
btxn_a8ae412dc245,btxn_a8ae412dc245,merch_1d7b999b,39009.65,2026-01-06T21:27:00,pay_b10e0d152bac,Settlement setl_b17e09091960,CREDIT,{}
btxn_705474a04420,btxn_705474a04420,merch_1d7b999b,23922.27,2026-01-02T03:34:00,pay_6d2e3b0deb7a,Settlement setl_596683f6d8c4,CREDIT,{}
btxn_68a790c5c352,btxn_68a790c5c352,merch_1d7b999b,44611.12,2026-01-26T18:12:00,pay_fe60a4807025,Settlement setl_0903d148bb14,CREDIT,{}
btxn_261ad37998c7,btxn_261ad37998c7,merch_1d7b999b,36706.8,2026-01-10T00:56:00,pay_75c035ae9756,Settlement setl_75f32dd5f338,CREDIT,{}
btxn_5d2faf067352,btxn_5d2faf067352,merch_1d7b999b,19239.17,2026-01-20T11:10:00,pay_f07e7832710a,Settlement setl_30cbb504ac43,CREDIT,{}
btxn_c1a01397df40,btxn_c1a01397df40,merch_1d7b999b,14612.31,2026-01-25T18:38:00,pay_4ab9cd3bca9c,Settlement setl_8ec961201a10,CREDIT,{}
btxn_53f3e35f5f48,btxn_53f3e35f5f48,merch_1d7b999b,6647.17,2026-01-25T02:37:00,pay_4c1422d906f8,Settlement setl_c6b61d032b1a,CREDIT,{}
btxn_a18d8757461a,btxn_a18d8757461a,merch_1d7b999b,35584.39,2026-01-27T03:24:00,pay_13d782153990,Settlement setl_69ab3c33b1c2,CREDIT,{}
btxn_7d1d6c5952ec,btxn_7d1d6c5952ec,merch_1d7b999b,29736.81,2026-01-03T23:06:00,pay_5da1959b21c5,Settlement setl_552aa465bcde,CREDIT,{}
btxn_dd4530462e91,btxn_dd4530462e91,merch_1d7b999b,10354.2,2026-01-23T22:00:00,pay_909435f49dfd,Settlement setl_b702fe520a76,CREDIT,{}
btxn_eaed5249cb67,btxn_eaed5249cb67,merch_1d7b999b,33157.9,2026-01-10T21:38:00,pay_451de0044f12,Settlement setl_f5e30965ffb5,CREDIT,{}
btxn_d0e006c68ab3,btxn_d0e006c68ab3,merch_1d7b999b,5335.22,2026-01-25T21:07:00,pay_9e154f7153e0,Settlement setl_e46db179ef5a,CREDIT,{}
btxn_b8b15553a96f,btxn_b8b15553a96f,merch_1d7b999b,24937.18,2026-01-21T08:49:00,pay_32236cc0b4dd,Settlement setl_f3b0f816a3f3,CREDIT,{}
btxn_ecd62aae8bfc,btxn_ecd62aae8bfc,merch_1d7b999b,17960.3,2026-01-15T11:10:00,pay_fed878342a5c,Settlement setl_52ab071a5828,CREDIT,{}
btxn_bc7d2f8c39fe,btxn_bc7d2f8c39fe,merch_1d7b999b,10463.93,2026-01-31T17:21:00,pay_990681bbba2f,Settlement setl_e111396154f5,CREDIT,{}
btxn_21982ae666c3,btxn_21982ae666c3,merch_1d7b999b,4541.24,2026-01-05T20:42:00,pay_7232115bcc54,Settlement setl_e1d14c3e3b0f,CREDIT,{}
btxn_de1d54730d1c,btxn_de1d54730d1c,merch_1d7b999b,38998.36,2026-01-05T01:46:00,pay_6c1991c0f6be,Settlement setl_342c4a3d02a4,CREDIT,{}
btxn_07437aef17cc,btxn_07437aef17cc,merch_1d7b999b,22891.89,2026-01-11T10:29:00,pay_02f2dd13a8b6,Settlement setl_496cf7c84333,CREDIT,{}
btxn_348ed59e3160,btxn_348ed59e3160,merch_1d7b999b,4840.42,2026-01-26T03:00:00,pay_f9aeda167002,Settlement setl_ed73f4264453,CREDIT,{}
btxn_7ca51df27843,btxn_7ca51df27843,merch_1d7b999b,16500.18,2026-01-30T16:39:00,pay_4717640aa98b,Settlement setl_d4eb6b42bccb,CREDIT,{}
btxn_0b956f8ce179,btxn_0b956f8ce179,merch_1d7b999b,17201.86,2026-01-05T14:25:00,pay_c41305c60155,Settlement setl_ef820a025219,CREDIT,{}
btxn_b9df3f5805d1,btxn_b9df3f5805d1,merch_1d7b999b,34526.13,2026-01-17T15:41:00,pay_1a8ef632d73e,Settlement setl_a04950bbae52,CREDIT,{}
btxn_61b840a768b5,btxn_61b840a768b5,merch_1d7b999b,36347.91,2026-02-01T07:06:00,pay_5b2857ef5446,Settlement setl_bccc2f1e37b2,CREDIT,{}
btxn_81cd2e578481,btxn_81cd2e578481,merch_1d7b999b,28490.28,2026-01-16T07:39:00,pay_7a83ccfc3fe1,Settlement setl_2f4a7e37ca9f,CREDIT,{}
btxn_806a1d23f794,btxn_806a1d23f794,merch_1d7b999b,43142.53,2026-01-31T01:57:00,wrong_pay_f7e57e206058,Settlement setl_da183f370950,CREDIT,{}
btxn_ecf6898e28f1,btxn_ecf6898e28f1,merch_1d7b999b,5735.58,2026-01-15T16:02:00,pay_a5f445dde8c2,Settlement setl_46e04f5b2233,CREDIT,{}
btxn_d3567c036607,btxn_d3567c036607,merch_1d7b999b,702.43,2026-01-29T23:33:00,pay_1d320a642233,Settlement setl_99fbcacd01e7,CREDIT,{}
btxn_4cf5e620a65a,btxn_4cf5e620a65a,merch_1d7b999b,26003.07,2026-01-25T00:39:00,pay_ab18619aa622,Settlement setl_0e7e3a982a69,CREDIT,{}
btxn_10f2c0fd6f0c,btxn_10f2c0fd6f0c,merch_1d7b999b,12503.99,2026-01-13T23:43:00,pay_3f5dd365ba44,Settlement setl_6a2f48c90d2e,CREDIT,{}
btxn_eee1101fc8ba,btxn_eee1101fc8ba,merch_1d7b999b,27402.15,2026-01-21T03:00:00,pay_2307fe4e7731,Settlement setl_84070d45dd6e,CREDIT,{}
btxn_2f610669001a,btxn_2f610669001a,merch_1d7b999b,42608.37,2026-01-29T07:04:00,pay_4d045c3a02ff,Settlement setl_11082ab4bd09,CREDIT,{}
btxn_78de9372b9d2,btxn_78de9372b9d2,merch_1d7b999b,48510.24,2026-01-03T18:14:00,pay_9689f9c4849c,Settlement setl_54a231c8f758,CREDIT,{}
btxn_fda1cc7f2eb0,btxn_fda1cc7f2eb0,merch_1d7b999b,4033.65,2026-01-16T20:28:00,pay_8f520ceb92e2,Settlement setl_e3c1c12aac07,CREDIT,{}
btxn_5540ff4d1a87,btxn_5540ff4d1a87,merch_1d7b999b,6023.47,2026-01-18T01:41:00,pay_38a5696f1fb9,Settlement setl_22ee1584473f,CREDIT,{}
btxn_06ab6aa7568c,btxn_06ab6aa7568c,merch_1d7b999b,1888.01,2026-01-19T02:52:00,pay_6099d63e43dd,Settlement setl_0c1cbd3d57fa,CREDIT,{}
btxn_a45941b38151,btxn_a45941b38151,merch_1d7b999b,31913.15,2026-01-30T18:35:00,pay_6f1c41ff63a6,Settlement setl_14b79b58df00,CREDIT,{}
btxn_d7ee1ae03b97,btxn_d7ee1ae03b97,merch_1d7b999b,47522.72,2026-01-13T03:52:00,pay_fa4f8f643bd3,Settlement setl_f48d32b8bf40,CREDIT,{}
btxn_29014793ab99,btxn_29014793ab99,merch_1d7b999b,38394.08,2026-01-21T17:45:00,pay_29fc260ac62b,Settlement setl_23889e8a856c,CREDIT,{}
btxn_e97af0f17ab1,btxn_e97af0f17ab1,merch_1d7b999b,37990.07,2026-01-09T02:21:00,pay_9e6f36994c25,Settlement setl_423ba027cd42,CREDIT,{}
btxn_8f0f460756ce,btxn_8f0f460756ce,merch_1d7b999b,14669.98,2026-01-18T13:44:00,wrong_pay_e1154c064396,Settlement setl_5de80a54ad92,CREDIT,{}
btxn_caec7c41360b,btxn_caec7c41360b,merch_1d7b999b,24671.86,2026-01-29T00:47:00,pay_ef116b008d69,Settlement setl_6c304a43dc16,CREDIT,{}
btxn_584d062654c7,btxn_584d062654c7,merch_1d7b999b,5477.51,2026-01-15T03:59:00,pay_3a891abd39d2,Settlement setl_4713077a9b0f,CREDIT,{}
btxn_34318cadc3ef,btxn_34318cadc3ef,merch_1d7b999b,27705.99,2026-01-15T20:30:00,pay_d1fcd7fcb581,Settlement setl_d319bb3aa319,CREDIT,{}
btxn_2f1764260c9d,btxn_2f1764260c9d,merch_1d7b999b,8765.15,2026-01-28T06:06:00,pay_7144c836240d,Settlement setl_84d9480509a1,CREDIT,{}
btxn_9ced4d459305,btxn_9ced4d459305,merch_1d7b999b,44146.52,2026-01-18T14:26:00,pay_bef93bc0e8a1,Settlement setl_598e62f92063,CREDIT,{}
btxn_65fca09b6a8e,btxn_65fca09b6a8e,merch_1d7b999b,17208.65,2026-01-11T16:51:00,pay_e6f5cdf95cf3,Settlement setl_b84df8c11465,CREDIT,{}
btxn_a7fd46652081,btxn_a7fd46652081,merch_1d7b999b,34361.9,2026-01-31T23:08:00,pay_e894801f9659,Settlement setl_54b9773b2ca4,CREDIT,{}
btxn_8fc3edf55e2b,btxn_8fc3edf55e2b,merch_1d7b999b,31880.18,2026-01-24T05:48:00,pay_e815242903f8,Settlement setl_44552b610994,CREDIT,{}
btxn_4056489e0826,btxn_4056489e0826,merch_1d7b999b,28003.35,2026-01-24T00:26:00,pay_7427bff8d7d7,Settlement setl_bc26b0b4303a,CREDIT,{}
btxn_ed1f08fe6272,btxn_ed1f08fe6272,merch_1d7b999b,21177.08,2026-01-02T18:06:00,pay_7d5590a94a5b,Settlement setl_c0dcc43d476f,CREDIT,{}
btxn_ff05c35790b5,btxn_ff05c35790b5,merch_1d7b999b,33545.68,2026-01-08T10:48:00,pay_79e43bf685f8,Settlement setl_31cf43b03c1b,CREDIT,{}
btxn_653ffeeccf6e,btxn_653ffeeccf6e,merch_1d7b999b,1712.09,2026-01-28T16:06:00,pay_e1129456d2ca,Settlement setl_a01be82c7d81,CREDIT,{}
btxn_c081138f9249,btxn_c081138f9249,merch_1d7b999b,11956.01,2026-01-28T00:18:00,pay_9a9091916024,Settlement setl_15305be805a9,CREDIT,{}
btxn_9f47eae96201,btxn_9f47eae96201,merch_1d7b999b,32416.86,2026-01-26T20:34:00,pay_95d542024966,Settlement setl_58c03ae5171e,CREDIT,{}
btxn_1a00876cb676,btxn_1a00876cb676,merch_1d7b999b,8953.55,2026-01-23T04:11:00,pay_38b9ba26fe89,Settlement setl_0b94abe078d2,CREDIT,{}
btxn_b49422017376,btxn_b49422017376,merch_1d7b999b,2127.65,2026-01-10T19:16:00,pay_3cc9a94108bd,Settlement setl_94897d926b01,CREDIT,{}
btxn_e7d39b39694b,btxn_e7d39b39694b,merch_1d7b999b,12825.31,2026-01-12T16:45:00,pay_db7e771ace3f,Settlement setl_4225fc42bfa7,CREDIT,{}
btxn_9afee030db3a,btxn_9afee030db3a,merch_1d7b999b,16199.24,2026-01-03T22:39:00,pay_1487516d3c9b,Settlement setl_7e78aea7d538,CREDIT,{}
btxn_7c72f83c6495,btxn_7c72f83c6495,merch_1d7b999b,27552.99,2026-01-05T00:20:00,pay_a4f6fd89ff18,Settlement setl_fc4e3756bbc0,CREDIT,{}
btxn_33c3dedd139c,btxn_33c3dedd139c,merch_1d7b999b,26078.25,2026-01-27T18:10:00,pay_c0654d75562f,Settlement setl_c4af99450f41,CREDIT,{}
btxn_b208db14b10b,btxn_b208db14b10b,merch_1d7b999b,4688.08,2026-01-09T08:42:00,pay_7c82e35f7da9,Settlement setl_519207875306,CREDIT,{}
btxn_97fc663f2d12,btxn_97fc663f2d12,merch_1d7b999b,11000.42,2026-01-26T21:33:00,pay_96104ad5a350,Settlement setl_a7112fb6854d,CREDIT,{}
btxn_b1c6067d3b86,btxn_b1c6067d3b86,merch_1d7b999b,49058.55,2026-01-02T05:42:00,pay_9d6383c04e2a,Settlement setl_9c63cd0544e8,CREDIT,{}
btxn_263f0a7360ea,btxn_263f0a7360ea,merch_1d7b999b,31506.01,2026-01-31T21:15:00,pay_19a33b9b10ee,Settlement setl_3c38904fd247,CREDIT,{}
btxn_65ad7ea56fe8,btxn_65ad7ea56fe8,merch_1d7b999b,1332.82,2026-01-18T13:32:00,pay_93edc5771696,Settlement setl_6a07a8bd5448,CREDIT,{}
btxn_1cbe6e2feff7,btxn_1cbe6e2feff7,merch_1d7b999b,14892.06,2026-01-22T08:20:00,pay_1b894150cb5c,Settlement setl_737b8b37836d,CREDIT,{}
btxn_7e03a45a5a6e,btxn_7e03a45a5a6e,merch_1d7b999b,8453.0,2026-02-01T19:34:00,pay_867c6b6aa6db,Settlement setl_c258245d8c16,CREDIT,{}
btxn_abc069c33a13,btxn_abc069c33a13,merch_1d7b999b,33549.72,2026-01-26T08:55:00,pay_20ce2f86417b,Settlement setl_abdffd8b9da0,CREDIT,{}
btxn_96059ac9a286,btxn_96059ac9a286,merch_1d7b999b,41454.56,2026-01-31T01:49:00,pay_86520e11874a,Settlement setl_391259217506,CREDIT,{}
btxn_e30e883519c4,btxn_e30e883519c4,merch_1d7b999b,3698.81,2026-01-23T06:01:00,pay_dd61fe96e045,Settlement setl_c27fd28fbcb8,CREDIT,{}
btxn_ab742a505b49,btxn_ab742a505b49,merch_1d7b999b,3755.08,2026-01-07T10:35:00,pay_edcffe130ad4,Settlement setl_cd76267d055e,CREDIT,{}
btxn_8a8b1159e241,btxn_8a8b1159e241,merch_1d7b999b,45558.23,2026-01-15T14:28:00,pay_5ccf5243e9b5,Settlement setl_c1dfb37061d8,CREDIT,{}
btxn_ab9c5c5b5d19,btxn_ab9c5c5b5d19,merch_1d7b999b,19536.14,2026-01-05T19:00:00,pay_3e24248900f2,Settlement setl_474c820dee00,CREDIT,{}
btxn_63117104b24b,btxn_63117104b24b,merch_1d7b999b,42427.74,2026-01-13T18:06:00,pay_90f8671a352d,Settlement setl_e46b11f64cb3,CREDIT,{}
btxn_ba7eccfbc583,btxn_ba7eccfbc583,merch_1d7b999b,4416.61,2026-01-26T16:24:00,pay_151c9dc1474f,Settlement setl_f943771a9e0d,CREDIT,{}
btxn_64950af08693,btxn_64950af08693,merch_1d7b999b,7900.54,2026-01-09T06:47:00,pay_659d88f1895c,Settlement setl_f05a873527fd,CREDIT,{}
btxn_63e352105b1e,btxn_63e352105b1e,merch_1d7b999b,31738.88,2026-01-11T23:56:00,pay_e949506ecee5,Settlement setl_50d1ab98a107,CREDIT,{}
btxn_51fb1e3a531e,btxn_51fb1e3a531e,merch_1d7b999b,27797.98,2026-01-05T03:00:00,pay_843a445ea7a1,Settlement setl_801048e61d12,CREDIT,{}
btxn_aa1b489debbe,btxn_aa1b489debbe,merch_1d7b999b,4347.83,2026-01-09T01:47:00,pay_4d5b87cf938e,Settlement setl_591073ca2dd5,CREDIT,{}
btxn_cf048a73fbd2,btxn_cf048a73fbd2,merch_1d7b999b,32331.98,2026-01-18T06:10:00,pay_0c03f63c5d31,Settlement setl_0ec24ca522fa,CREDIT,{}
btxn_a1048c8261da,btxn_a1048c8261da,merch_1d7b999b,12711.81,2026-01-05T07:42:00,pay_578f947ac1d6,Settlement setl_3f50c1e6ce54,CREDIT,{}
btxn_83c0c72977fa,btxn_83c0c72977fa,merch_1d7b999b,27528.26,2026-01-11T23:04:00,pay_0d334f156b87,Settlement setl_5215f1276585,CREDIT,{}
btxn_5dd80dce6ac9,btxn_5dd80dce6ac9,merch_1d7b999b,29071.72,2026-02-01T12:22:00,pay_d92bdcdfbc3f,Settlement setl_81417a4974f8,CREDIT,{}
btxn_3a7d6b53ef29,btxn_3a7d6b53ef29,merch_1d7b999b,5092.25,2026-01-21T04:57:00,pay_e72fb6d4c642,Settlement setl_0260af62bb7f,CREDIT,{}
btxn_5f53452af210,btxn_5f53452af210,merch_1d7b999b,16484.47,2026-01-23T11:44:00,pay_539a952b50d3,Settlement setl_83347544f323,CREDIT,{}
btxn_944c0fba8f09,btxn_944c0fba8f09,merch_1d7b999b,40404.22,2026-02-01T15:10:00,pay_7e658db3cc69,Settlement setl_dc10eb61da1b,CREDIT,{}
btxn_3acf06d3b077,btxn_3acf06d3b077,merch_1d7b999b,11154.13,2026-01-25T22:27:00,pay_982a5114a7da,Settlement setl_81c0b96527e8,CREDIT,{}
btxn_66e6167f6063,btxn_66e6167f6063,merch_1d7b999b,23911.87,2026-01-05T07:41:00,pay_a7947be5169a,Settlement setl_15590ef063ab,CREDIT,{}
btxn_9eef3aef2d94,btxn_9eef3aef2d94,merch_1d7b999b,7086.08,2026-01-19T08:16:00,wrong_pay_6136e939b656,Settlement setl_19ec0795ec8e,CREDIT,{}
btxn_23acf0f4c19a,btxn_23acf0f4c19a,merch_1d7b999b,42494.4,2026-01-22T02:52:00,pay_3efcfe84786f,Settlement setl_a57812dcd07b,CREDIT,{}
btxn_9679e0f5932b,btxn_9679e0f5932b,merch_1d7b999b,1929.15,2026-01-10T19:57:00,pay_00234e7b64da,Settlement setl_5315977e0358,CREDIT,{}
btxn_91011ffa308c,btxn_91011ffa308c,merch_1d7b999b,7516.79,2026-01-14T09:57:00,pay_bde0834cf19b,Settlement setl_186fe4b127f1,CREDIT,{}
btxn_2c63e6715a54,btxn_2c63e6715a54,merch_1d7b999b,25569.56,2026-01-14T13:32:00,pay_66e1c81b43ac,Settlement setl_ff9cf7f10324,CREDIT,{}
btxn_8b308b098f4e,btxn_8b308b098f4e,merch_1d7b999b,48203.61,2026-01-21T23:10:00,pay_c7d2f5a81172,Settlement setl_e1eeac192686,CREDIT,{}
btxn_6fb322f61b76,btxn_6fb322f61b76,merch_1d7b999b,9039.34,2026-02-01T20:42:00,pay_624e4454a4d8,Settlement setl_216707e2520f,CREDIT,{}
btxn_e0c3367ba93e,btxn_e0c3367ba93e,merch_1d7b999b,2116.95,2026-01-26T17:14:00,pay_874b7054ab98,Settlement setl_a049fdb2ccc7,CREDIT,{}
btxn_79c4fb571ae0,btxn_79c4fb571ae0,merch_1d7b999b,2236.14,2026-01-08T18:58:00,pay_28fceff57b74,Settlement setl_313a23548cf0,CREDIT,{}
btxn_adfb4cdd39ae,btxn_adfb4cdd39ae,merch_1d7b999b,26116.51,2026-01-28T10:53:00,pay_4d2130aab113,Settlement setl_c66a044513e1,CREDIT,{}
btxn_79659bb1d45d,btxn_79659bb1d45d,merch_1d7b999b,8775.11,2026-01-22T14:23:00,pay_3c15dce9fea7,Settlement setl_c36979842a3a,CREDIT,{}
btxn_ef62e6eb9b85,btxn_ef62e6eb9b85,merch_1d7b999b,48636.44,2026-01-09T18:25:00,pay_2d91976767cb,Settlement setl_569042e2aa23,CREDIT,{}
btxn_743442fc9616,btxn_743442fc9616,merch_1d7b999b,24157.29,2026-01-21T02:32:00,pay_fbdd31cb26f6,Settlement setl_a55ad9e7b0c5,CREDIT,{}
btxn_dfc60e34f3a7,btxn_dfc60e34f3a7,merch_1d7b999b,3946.7,2026-01-22T10:13:00,pay_57b320f05711,Settlement setl_aa8a8ba95fca,CREDIT,{}
btxn_46ba1b2afeb3,btxn_46ba1b2afeb3,merch_1d7b999b,30140.81,2026-01-28T05:42:00,pay_8c14ce0b48d0,Settlement setl_c0735864da92,CREDIT,{}
btxn_1d43d31ff311,btxn_1d43d31ff311,merch_1d7b999b,36040.76,2026-01-17T23:30:00,pay_43f1d3e128de,Settlement setl_0e69d2ec3fe9,CREDIT,{}
btxn_83f41479fd38,btxn_83f41479fd38,merch_1d7b999b,32398.24,2026-01-15T02:15:00,pay_7f214387a24d,Settlement setl_602ada0b71a5,CREDIT,{}
btxn_28deb4de7352,btxn_28deb4de7352,merch_1d7b999b,8140.34,2026-01-22T18:02:00,pay_ae1fe418c6a6,Settlement setl_b64b0b9466ca,CREDIT,{}
btxn_7563885fcf38,btxn_7563885fcf38,merch_1d7b999b,46130.1,2026-01-18T14:38:00,pay_1b23d5d3f7f6,Settlement setl_a3e755ba19f7,CREDIT,{}
btxn_412d677d55fa,btxn_412d677d55fa,merch_1d7b999b,47367.97,2026-01-08T16:38:00,pay_329bfabdfbb2,Settlement setl_e3f0d2616089,CREDIT,{}
btxn_3facb498bfae,btxn_3facb498bfae,merch_1d7b999b,41535.14,2026-01-21T06:50:00,pay_9e2943ef6602,Settlement setl_7549b59ef51c,CREDIT,{}
btxn_e382cbd2da28,btxn_e382cbd2da28,merch_1d7b999b,13299.58,2026-01-25T23:21:00,pay_a472ebd3b358,Settlement setl_33b0b60be805,CREDIT,{}
btxn_a5b6fd6a002b,btxn_a5b6fd6a002b,merch_1d7b999b,11567.71,2026-01-14T06:06:00,pay_232607659499,Settlement setl_daef4f17c664,CREDIT,{}
btxn_a55d1f285a1a,btxn_a55d1f285a1a,merch_1d7b999b,45476.03,2026-01-23T15:52:00,pay_f3c18f59be81,Settlement setl_d6d3f4c023d9,CREDIT,{}
btxn_e8a81898a431,btxn_e8a81898a431,merch_1d7b999b,4750.18,2026-01-23T06:57:00,wrong_pay_6878399c8270,Settlement setl_2ba71d3545b6,CREDIT,{}
btxn_ae4081ebe204,btxn_ae4081ebe204,merch_1d7b999b,37990.71,2026-01-22T15:33:00,pay_cc643ff94a2e,Settlement setl_f87298fd8ec8,CREDIT,{}
btxn_cedf63fa98d7,btxn_cedf63fa98d7,merch_1d7b999b,34912.38,2026-01-15T09:51:00,pay_1ba450900bff,Settlement setl_2f44ea9dd3df,CREDIT,{}
btxn_354eb8d7b9be,btxn_354eb8d7b9be,merch_1d7b999b,40250.59,2026-02-01T00:36:00,pay_a3d170ea7839,Settlement setl_1043a95d87a2,CREDIT,{}
btxn_38d033b8af08,btxn_38d033b8af08,merch_1d7b999b,23909.35,2026-01-09T04:18:00,pay_cb520cda17e3,Settlement setl_ea811030c458,CREDIT,{}
btxn_f4e08beca493,btxn_f4e08beca493,merch_1d7b999b,372.93,2026-01-25T02:36:00,pay_fa715189146e,Settlement setl_ad3b1e567f89,CREDIT,{}
btxn_febd357c0246,btxn_febd357c0246,merch_1d7b999b,18813.99,2026-01-09T00:51:00,pay_d21ddeeb887e,Settlement setl_9648de2f5975,CREDIT,{}
btxn_1fd23a17b51e,btxn_1fd23a17b51e,merch_1d7b999b,7823.45,2026-01-22T20:16:00,pay_b974fac6778d,Settlement setl_21e73e36d53b,CREDIT,{}
btxn_272b14480ba6,btxn_272b14480ba6,merch_1d7b999b,18345.64,2026-01-10T23:25:00,pay_2bff3873cdc2,Settlement setl_13c0eee83e6d,CREDIT,{}
btxn_4270681841af,btxn_4270681841af,merch_1d7b999b,27922.38,2026-01-07T13:35:00,pay_12c698ff0ff5,Settlement setl_d90875e05611,CREDIT,{}
btxn_27fcdfd45696,btxn_27fcdfd45696,merch_1d7b999b,28924.79,2026-01-27T00:25:00,pay_03b583b48e24,Settlement setl_50e7c0378f9e,CREDIT,{}
btxn_bb7cdb8052ce,btxn_bb7cdb8052ce,merch_1d7b999b,11565.59,2026-01-28T00:10:00,pay_c131e13cbe3a,Settlement setl_c10f97806a1b,CREDIT,{}
btxn_38a0a03a1e46,btxn_38a0a03a1e46,merch_1d7b999b,39325.45,2026-01-27T19:39:00,pay_5b54f564b007,Settlement setl_7a266ea71944,CREDIT,{}
btxn_19a124df99fc,btxn_19a124df99fc,merch_1d7b999b,31830.24,2026-01-27T04:52:00,wrong_pay_95f7d7a62111,Settlement setl_a326cf4d579f,CREDIT,{}
btxn_03788a15a73f,btxn_03788a15a73f,merch_1d7b999b,21825.33,2026-01-04T10:14:00,pay_7f1c809d2bb6,Settlement setl_1e63155fb582,CREDIT,{}
btxn_4e2d484a619a,btxn_4e2d484a619a,merch_1d7b999b,29913.88,2026-02-01T07:40:00,pay_a38c740f4352,Settlement setl_f050b015b362,CREDIT,{}
btxn_07d9d5b2d5d3,btxn_07d9d5b2d5d3,merch_1d7b999b,42543.33,2026-01-31T18:18:00,pay_db914503e85e,Settlement setl_7aa6ae4a67ff,CREDIT,{}
btxn_9ee2f3a7bc4e,btxn_9ee2f3a7bc4e,merch_1d7b999b,25576.34,2026-01-24T09:39:00,pay_5489760844aa,Settlement setl_fa53bd778dd5,CREDIT,{}
btxn_ce7e875d9f20,btxn_ce7e875d9f20,merch_1d7b999b,12038.91,2026-01-02T07:05:00,pay_6a94d7d254c7,Settlement setl_dadb285e35a7,CREDIT,{}
btxn_67e294363509,btxn_67e294363509,merch_1d7b999b,19817.64,2026-01-20T08:33:00,wrong_pay_b9449aa85d0a,Settlement setl_e25bf70173d9,CREDIT,{}
btxn_f4e2745898fa,btxn_f4e2745898fa,merch_1d7b999b,27524.67,2026-01-25T19:58:00,pay_02bb501bfd99,Settlement setl_522c9bc6782d,CREDIT,{}
btxn_ce664a213879,btxn_ce664a213879,merch_1d7b999b,13897.74,2026-01-21T08:29:00,pay_a259383b8e1e,Settlement setl_39b5fed23dbf,CREDIT,{}
btxn_5d1259c9fa87,btxn_5d1259c9fa87,merch_1d7b999b,8834.24,2026-01-18T05:35:00,pay_da55f2d4b290,Settlement setl_b7f0612df6e1,CREDIT,{}
btxn_6a2ec8183873,btxn_6a2ec8183873,merch_1d7b999b,47356.07,2026-01-27T18:16:00,pay_3f2af6c579fb,Settlement setl_1a79c101567f,CREDIT,{}
btxn_1b7c907b5523,btxn_1b7c907b5523,merch_1d7b999b,22194.16,2026-01-14T20:30:00,pay_a588d6af2fc2,Settlement setl_de58ea2f791e,CREDIT,{}
btxn_688ba6118ef1,btxn_688ba6118ef1,merch_1d7b999b,22996.54,2026-01-16T20:55:00,pay_619b61e90a3b,Settlement setl_250c6460d538,CREDIT,{}
btxn_b1bc7136638e,btxn_b1bc7136638e,merch_1d7b999b,3470.96,2026-01-22T09:43:00,pay_9440b1a1353b,Settlement setl_38b99540248c,CREDIT,{}
btxn_fd1411f29ae5,btxn_fd1411f29ae5,merch_1d7b999b,17719.5,2026-01-19T02:44:00,pay_b6f17c138be5,Settlement setl_3ce01a6bc757,CREDIT,{}
btxn_53002997bdb3,btxn_53002997bdb3,merch_1d7b999b,20006.64,2026-01-25T12:04:00,pay_4d8aea25e941,Settlement setl_cb7d2e785d03,CREDIT,{}
btxn_8df7351ad551,btxn_8df7351ad551,merch_1d7b999b,11819.58,2026-01-09T10:13:00,pay_a76024e3dfdc,Settlement setl_7f21ef32d366,CREDIT,{}
btxn_e2a089b01556,btxn_e2a089b01556,merch_1d7b999b,41833.1,2026-01-13T06:49:00,wrong_pay_055570535cd4,Settlement setl_dd1bf7620cca,CREDIT,{}
btxn_e1bf098cb800,btxn_e1bf098cb800,merch_1d7b999b,33823.03,2026-01-23T17:39:00,pay_5dff6477abb6,Settlement setl_147cc94502d8,CREDIT,{}
btxn_b0b10e62ba77,btxn_b0b10e62ba77,merch_1d7b999b,41567.42,2026-01-13T21:20:00,pay_89cb7631f240,Settlement setl_5b43e43fc88b,CREDIT,{}
btxn_c653d7c89b2a,btxn_c653d7c89b2a,merch_1d7b999b,6499.47,2026-01-18T15:30:00,pay_9e880aa5b9e3,Settlement setl_e1c8a070ecad,CREDIT,{}
btxn_5cb643da1ffb,btxn_5cb643da1ffb,merch_1d7b999b,19746.47,2026-01-23T07:29:00,pay_9f8c523bfdcb,Settlement setl_c57be6351ef8,CREDIT,{}
btxn_a9d75c05c286,btxn_a9d75c05c286,merch_1d7b999b,34491.61,2026-01-02T23:13:00,pay_92158f96b14e,Settlement setl_0e8de05cf2c6,CREDIT,{}
btxn_195a31831fd8,btxn_195a31831fd8,merch_1d7b999b,18143.96,2026-01-29T10:11:00,pay_af4552640d59,Settlement setl_bf259fbf7571,CREDIT,{}
btxn_eabad26d7307,btxn_eabad26d7307,merch_1d7b999b,23620.13,2026-01-21T12:23:00,pay_edff29022514,Settlement setl_d08b6502d4ed,CREDIT,{}
btxn_8540bec55bd6,btxn_8540bec55bd6,merch_1d7b999b,21012.74,2026-01-26T13:23:00,pay_a29305f6ca40,Settlement setl_3b78531908be,CREDIT,{}
btxn_61ec63bd9bc7,btxn_61ec63bd9bc7,merch_1d7b999b,28613.34,2026-01-20T23:14:00,pay_9fe0dccf28d3,Settlement setl_941f11f8fd55,CREDIT,{}
btxn_6ce285b2081c,btxn_6ce285b2081c,merch_1d7b999b,27811.47,2026-01-29T14:12:00,pay_ecf484657c61,Settlement setl_811ce50afe49,CREDIT,{}
btxn_55cab214d0d4,btxn_55cab214d0d4,merch_1d7b999b,39288.11,2026-01-11T10:35:00,pay_bca93ebcd9e7,Settlement setl_4aa2cb9f3782,CREDIT,{}
btxn_56bf2ca21ac0,btxn_56bf2ca21ac0,merch_1d7b999b,13062.48,2026-01-13T19:35:00,pay_b44eeeb830f6,Settlement setl_98884e9a35f6,CREDIT,{}
btxn_76335733d1ff,btxn_76335733d1ff,merch_1d7b999b,6149.75,2026-01-29T23:38:00,pay_cf21f17c32da,Settlement setl_e572aad293cf,CREDIT,{}
btxn_fc5672221957,btxn_fc5672221957,merch_1d7b999b,32491.63,2026-01-07T11:22:00,pay_3fea83461313,Settlement setl_3021a64c6cff,CREDIT,{}
btxn_802c5ee2cdfb,btxn_802c5ee2cdfb,merch_1d7b999b,38759.74,2026-01-16T04:24:00,pay_c593553cac86,Settlement setl_6ae09b7d528e,CREDIT,{}
btxn_32ff06b44eb1,btxn_32ff06b44eb1,merch_1d7b999b,7327.93,2026-01-07T22:51:00,pay_bca0d26a32a5,Settlement setl_fde008e70abd,CREDIT,{}
btxn_34136afcd167,btxn_34136afcd167,merch_1d7b999b,28624.71,2026-01-29T04:05:00,pay_3a77aafbfc90,Settlement setl_4dac21d7682c,CREDIT,{}
btxn_a8146a43b318,btxn_a8146a43b318,merch_1d7b999b,15593.98,2026-01-12T00:17:00,pay_71018fbc0d89,Settlement setl_586044ce3ebc,CREDIT,{}
btxn_3cc6c3690281,btxn_3cc6c3690281,merch_1d7b999b,39070.6,2026-02-01T13:47:00,pay_68e5e537d1fc,Settlement setl_5eaf068898c0,CREDIT,{}
btxn_e3d937aeeadb,btxn_e3d937aeeadb,merch_1d7b999b,9275.92,2026-01-02T06:46:00,pay_2e4ef9e65df4,Settlement setl_09ea4a646931,CREDIT,{}
btxn_1e77b7774277,btxn_1e77b7774277,merch_1d7b999b,37219.38,2026-01-25T04:13:00,pay_e62527221bc1,Settlement setl_6b1ba7b5a7ea,CREDIT,{}
btxn_51a7916bc05e,btxn_51a7916bc05e,merch_1d7b999b,26246.74,2026-01-04T05:16:00,pay_31ef5607ba7a,Settlement setl_c46001b3ee5a,CREDIT,{}
btxn_28b87af8f06d,btxn_28b87af8f06d,merch_1d7b999b,44285.02,2026-01-11T09:15:00,pay_7f25722636b7,Settlement setl_cd210d765aa2,CREDIT,{}
btxn_006b55d71119,btxn_006b55d71119,merch_1d7b999b,6650.73,2026-01-28T07:01:00,pay_9e982391bcaf,Settlement setl_f0d7340bbfaa,CREDIT,{}
btxn_73547261fb98,btxn_73547261fb98,merch_1d7b999b,45772.09,2026-01-29T17:29:00,pay_c952544685a2,Settlement setl_1d706f21c18a,CREDIT,{}
btxn_6619fc25c468,btxn_6619fc25c468,merch_1d7b999b,6842.23,2026-02-02T00:34:00,pay_f70ef4b6e4e2,Settlement setl_807c3f6aa85f,CREDIT,{}
btxn_2bf75de5a5a4,btxn_2bf75de5a5a4,merch_1d7b999b,31589.27,2026-01-22T20:27:00,pay_b3ab5f8169a1,Settlement setl_e61cd50a63fb,CREDIT,{}
btxn_57e0ef971045,btxn_57e0ef971045,merch_1d7b999b,15552.1,2026-01-13T17:34:00,pay_918ad33475d4,Settlement setl_805a76866547,CREDIT,{}
btxn_53fd0aabfd87,btxn_53fd0aabfd87,merch_1d7b999b,18352.59,2026-01-10T06:19:00,pay_9c4ee83e65ab,Settlement setl_e8ad67b3a7a8,CREDIT,{}
btxn_41d7bf1eff55,btxn_41d7bf1eff55,merch_1d7b999b,37938.84,2026-01-06T13:18:00,pay_60b560d447a6,Settlement setl_0bc73fb41883,CREDIT,{}
btxn_3910b0e0401b,btxn_3910b0e0401b,merch_1d7b999b,46112.21,2026-02-01T17:19:00,pay_6906d9a6f4d0,Settlement setl_fe6cad5ea018,CREDIT,{}
btxn_4185e81fd216,btxn_4185e81fd216,merch_1d7b999b,29890.49,2026-01-27T02:35:00,pay_be8ac8c066dd,Settlement setl_167134930d8a,CREDIT,{}
btxn_8e6518dbe6ed,btxn_8e6518dbe6ed,merch_1d7b999b,28071.66,2026-01-14T09:10:00,pay_1584bd120c70,Settlement setl_ec0cbc5fb889,CREDIT,{}
btxn_4da9a58882ba,btxn_4da9a58882ba,merch_1d7b999b,4052.57,2026-01-22T09:33:00,pay_602cdad01ec7,Settlement setl_3ed4f618f898,CREDIT,{}
btxn_76bb2090d6c5,btxn_76bb2090d6c5,merch_1d7b999b,26644.02,2026-01-10T15:12:00,pay_c295f3111128,Settlement setl_e0ed12626f7c,CREDIT,{}
btxn_193abb09c520,btxn_193abb09c520,merch_1d7b999b,5606.78,2026-01-16T21:28:00,pay_8a6143d27ff2,Settlement setl_299d15497003,CREDIT,{}
btxn_e8833b78a9e2,btxn_e8833b78a9e2,merch_1d7b999b,16100.12,2026-01-06T03:34:00,pay_8a54d3608b7b,Settlement setl_db63bffe843a,CREDIT,{}
btxn_b89cfca0def4,btxn_b89cfca0def4,merch_1d7b999b,14177.52,2026-01-07T00:28:00,pay_e09a497f6e82,Settlement setl_70765f021585,CREDIT,{}
btxn_2549f37921f5,btxn_2549f37921f5,merch_1d7b999b,834.77,2026-01-08T12:26:00,pay_f182d94d0a6a,Settlement setl_1c5a05b33e8f,CREDIT,{}
btxn_6909fc0891ed,btxn_6909fc0891ed,merch_1d7b999b,23237.85,2026-01-27T03:21:00,pay_6924bb0d2f6c,Settlement setl_800427ee6881,CREDIT,{}
btxn_854b12a0fba0,btxn_854b12a0fba0,merch_1d7b999b,38805.08,2026-01-04T19:30:00,wrong_pay_72188563fcfc,Settlement setl_cfc1fced6c37,CREDIT,{}
btxn_1c538c2476af,btxn_1c538c2476af,merch_1d7b999b,22203.75,2026-01-25T03:12:00,pay_d6d12a40b18f,Settlement setl_e0227abe527e,CREDIT,{}
btxn_cd9a1ad824e4,btxn_cd9a1ad824e4,merch_1d7b999b,49107.58,2026-01-17T14:43:00,pay_959b54be98cc,Settlement setl_c64dd5390535,CREDIT,{}
btxn_9035e79464cf,btxn_9035e79464cf,merch_1d7b999b,36439.03,2026-01-25T19:33:00,pay_e229227fd874,Settlement setl_5af5c46acb13,CREDIT,{}
btxn_4e857223f8ef,btxn_4e857223f8ef,merch_1d7b999b,15010.77,2026-01-13T03:55:00,pay_31acad3bda86,Settlement setl_959da3531151,CREDIT,{}
btxn_fd82816feebf,btxn_fd82816feebf,merch_1d7b999b,21764.67,2026-01-02T07:50:00,pay_ee968919cbe8,Settlement setl_536445e13932,CREDIT,{}
btxn_c648e88a2246,btxn_c648e88a2246,merch_1d7b999b,39478.27,2026-01-02T03:37:00,pay_f98ed8b13415,Settlement setl_331c6b1f7aa0,CREDIT,{}
btxn_ce4a3f2f0038,btxn_ce4a3f2f0038,merch_1d7b999b,38562.77,2026-01-09T07:31:00,pay_dc71dc907129,Settlement setl_b888b5c4a9af,CREDIT,{}
btxn_1f67f5f6952b,btxn_1f67f5f6952b,merch_1d7b999b,46549.35,2026-01-26T22:03:00,pay_df3850ce9838,Settlement setl_be63735e4436,CREDIT,{}
btxn_519000ecb494,btxn_519000ecb494,merch_1d7b999b,35096.27,2026-01-27T05:08:00,pay_a739e09f72f1,Settlement setl_c81ed9191642,CREDIT,{}
btxn_2a18b27ab955,btxn_2a18b27ab955,merch_1d7b999b,27961.69,2026-01-22T13:51:00,pay_4e9066fd3957,Settlement setl_5ae7afe9661b,CREDIT,{}
btxn_45ef65008bb2,btxn_45ef65008bb2,merch_1d7b999b,27995.34,2026-01-20T00:31:00,pay_9acada6f3f68,Settlement setl_cb81652ecf04,CREDIT,{}
btxn_f892b9d1ac65,btxn_f892b9d1ac65,merch_1d7b999b,17448.47,2026-01-25T16:17:00,pay_e89015222b57,Settlement setl_2ec5ff9f88fa,CREDIT,{}
btxn_317b67058e44,btxn_317b67058e44,merch_1d7b999b,22524.27,2026-01-28T10:34:00,pay_9c6d6436eded,Settlement setl_3f800738ac4a,CREDIT,{}
btxn_e3175ab6e705,btxn_e3175ab6e705,merch_1d7b999b,31298.75,2026-01-15T01:11:00,pay_d4c83ede9959,Settlement setl_72b9d04686fc,CREDIT,{}
btxn_314f79685614,btxn_314f79685614,merch_1d7b999b,38823.23,2026-01-09T12:46:00,pay_25adb69f926f,Settlement setl_afb2c4519810,CREDIT,{}
btxn_d76b29efdc7c,btxn_d76b29efdc7c,merch_1d7b999b,40970.58,2026-01-08T18:43:00,pay_fc17c4c65fd4,Settlement setl_532c632be56c,CREDIT,{}
btxn_1cbf2f1f958a,btxn_1cbf2f1f958a,merch_1d7b999b,14228.14,2026-01-15T22:20:00,pay_6361d8491618,Settlement setl_02c81ec1809d,CREDIT,{}
btxn_05c0c0ec4dd0,btxn_05c0c0ec4dd0,merch_1d7b999b,3427.32,2026-01-28T06:11:00,pay_5104b835bc99,Settlement setl_b66e1999a749,CREDIT,{}
btxn_1f0c1912864b,btxn_1f0c1912864b,merch_1d7b999b,9661.67,2026-01-03T20:41:00,pay_0351b0eea4b4,Settlement setl_23e2c18a36e4,CREDIT,{}
btxn_78069d5dd95e,btxn_78069d5dd95e,merch_1d7b999b,31236.13,2026-01-20T10:03:00,pay_d3e37a70acdf,Settlement setl_9695f4dedd58,CREDIT,{}
btxn_58f90a4e005e,btxn_58f90a4e005e,merch_1d7b999b,3636.61,2026-01-31T08:41:00,pay_0d3247c4e793,Settlement setl_d31eff01564d,CREDIT,{}
btxn_22f3105daa37,btxn_22f3105daa37,merch_1d7b999b,31981.94,2026-01-13T19:47:00,pay_5ca638b6edd8,Settlement setl_2db79d6e5c17,CREDIT,{}
btxn_42d91111f41b,btxn_42d91111f41b,merch_1d7b999b,3009.17,2026-01-21T10:33:00,pay_9af1246cf780,Settlement setl_a3957010afd2,CREDIT,{}
btxn_0487049b6be6,btxn_0487049b6be6,merch_1d7b999b,3988.98,2026-01-08T18:06:00,pay_4c0bc4bd1756,Settlement setl_7579d1c0b32f,CREDIT,{}
btxn_00fb0fe922f8,btxn_00fb0fe922f8,merch_1d7b999b,20817.71,2026-01-05T22:36:00,pay_3c5434a656ff,Settlement setl_621e6b93e0ec,CREDIT,{}
btxn_3eb6e6aba803,btxn_3eb6e6aba803,merch_1d7b999b,33295.59,2026-01-30T05:10:00,pay_0b5ccbde7cdc,Settlement setl_9bf5fd65fbd9,CREDIT,{}
btxn_dbbb865c42c2,btxn_dbbb865c42c2,merch_1d7b999b,16941.89,2026-01-07T19:38:00,wrong_pay_d784f80a4dc9,Settlement setl_4a0ce256f5e6,CREDIT,{}
btxn_6b099ea25d15,btxn_6b099ea25d15,merch_1d7b999b,27549.06,2026-01-12T13:26:00,pay_a36675da6cdd,Settlement setl_99ed4f60b81a,CREDIT,{}
btxn_5e70c5d910e7,btxn_5e70c5d910e7,merch_1d7b999b,28200.92,2026-01-08T14:49:00,pay_1fbe9817750a,Settlement setl_6d57e36b2ae9,CREDIT,{}
btxn_eb1fafda8f23,btxn_eb1fafda8f23,merch_1d7b999b,22430.24,2026-01-14T02:46:00,pay_a19245a03adf,Settlement setl_035d6f24c2f4,CREDIT,{}
btxn_0add39beca03,btxn_0add39beca03,merch_1d7b999b,25928.71,2026-01-30T11:00:00,pay_5e9000c23046,Settlement setl_53a9c239b3c4,CREDIT,{}
btxn_2d7132767dbe,btxn_2d7132767dbe,merch_1d7b999b,15813.74,2026-01-27T00:52:00,pay_04057a4470aa,Settlement setl_5dc5b512cad2,CREDIT,{}
btxn_5285c66213ee,btxn_5285c66213ee,merch_1d7b999b,28576.34,2026-01-20T06:06:00,pay_8226350eb787,Settlement setl_4d437e0d3e3e,CREDIT,{}
btxn_927a1052e534,btxn_927a1052e534,merch_1d7b999b,7006.57,2026-01-13T20:15:00,pay_f54f592bc880,Settlement setl_f261ff14fdba,CREDIT,{}
btxn_4f3e26e65a3f,btxn_4f3e26e65a3f,merch_1d7b999b,39665.92,2026-01-07T17:52:00,pay_c161f291c2bd,Settlement setl_022a3d9249ba,CREDIT,{}
btxn_07dfcb44b0ea,btxn_07dfcb44b0ea,merch_1d7b999b,1964.84,2026-01-27T20:24:00,wrong_pay_171c643f44da,Settlement setl_26cebc688b98,CREDIT,{}
btxn_91b06626526b,btxn_91b06626526b,merch_1d7b999b,42488.96,2026-01-31T02:40:00,pay_3fce18487353,Settlement setl_c53eb461c94a,CREDIT,{}
btxn_77eac11ebb66,btxn_77eac11ebb66,merch_1d7b999b,2154.99,2026-01-19T20:09:00,pay_6a49b3a6a7fa,Settlement setl_845e160b82dc,CREDIT,{}
btxn_9462cd639ed4,btxn_9462cd639ed4,merch_1d7b999b,7744.55,2026-01-24T01:25:00,pay_e83ab4947021,Settlement setl_b141a558edea,CREDIT,{}
btxn_6a6503c5eecd,btxn_6a6503c5eecd,merch_1d7b999b,4595.14,2026-01-15T11:50:00,pay_9df5aba016bd,Settlement setl_fd6c7645d2a9,CREDIT,{}
btxn_96a7b20d69c7,btxn_96a7b20d69c7,merch_1d7b999b,4219.0,2026-01-21T01:03:00,pay_607cfe2cc180,Settlement setl_6a382cc182aa,CREDIT,{}
btxn_72b29600c9a5,btxn_72b29600c9a5,merch_1d7b999b,19986.5,2026-01-16T00:08:00,pay_0940c1c6011d,Settlement setl_536b2c2f9947,CREDIT,{}
btxn_2de48749856e,btxn_2de48749856e,merch_1d7b999b,24444.27,2026-01-22T20:12:00,pay_305f8708bcbe,Settlement setl_0f9107ec0861,CREDIT,{}
btxn_789838ac63a7,btxn_789838ac63a7,merch_1d7b999b,13386.23,2026-01-15T12:43:00,pay_94117ab37e23,Settlement setl_106f8ee1b484,CREDIT,{}
btxn_5d1635768c33,btxn_5d1635768c33,merch_1d7b999b,21234.68,2026-01-13T08:20:00,pay_bb722ea748b9,Settlement setl_41845efa08a8,CREDIT,{}
btxn_cb117bdfe80d,btxn_cb117bdfe80d,merch_1d7b999b,38507.1,2026-01-07T13:39:00,pay_e9ce8369856d,Settlement setl_cbe494b78679,CREDIT,{}
btxn_f544fe9656a9,btxn_f544fe9656a9,merch_1d7b999b,42652.93,2026-01-06T01:03:00,wrong_pay_fb7f30959349,Settlement setl_0d36180ae369,CREDIT,{}
btxn_9efb5598e173,btxn_9efb5598e173,merch_1d7b999b,43450.74,2026-01-28T11:00:00,pay_083f15b47e6c,Settlement setl_3fa51e2c0344,CREDIT,{}
btxn_5e7e5a4d02f7,btxn_5e7e5a4d02f7,merch_1d7b999b,23612.4,2026-01-12T08:47:00,pay_1ad9a2c66ca7,Settlement setl_126e6c34acca,CREDIT,{}
btxn_d93236cdd8f6,btxn_d93236cdd8f6,merch_1d7b999b,26210.97,2026-01-10T19:30:00,pay_8fac1efc76ae,Settlement setl_1bd3ced4ff53,CREDIT,{}
btxn_748347bc58ab,btxn_748347bc58ab,merch_1d7b999b,29191.95,2026-01-23T18:02:00,pay_ba7bffc94927,Settlement setl_10851c08e7fb,CREDIT,{}
btxn_a88add5d9dc1,btxn_a88add5d9dc1,merch_1d7b999b,10114.73,2026-01-24T21:17:00,pay_23581b556435,Settlement setl_8b06dd6170e3,CREDIT,{}
btxn_600d0476487c,btxn_600d0476487c,merch_1d7b999b,515.88,2026-01-14T23:17:00,pay_ce652a3c5f32,Settlement setl_3c3616113c37,CREDIT,{}
btxn_879f79b40b62,btxn_879f79b40b62,merch_1d7b999b,43383.78,2026-01-22T14:14:00,pay_f9d5c4858056,Settlement setl_7f521612a21e,CREDIT,{}
btxn_370226ea9749,btxn_370226ea9749,merch_1d7b999b,5070.23,2026-01-12T17:55:00,pay_7ecb7f3d19dd,Settlement setl_f078928f2dd6,CREDIT,{}
btxn_ec9f2d1e18e0,btxn_ec9f2d1e18e0,merch_1d7b999b,25082.48,2026-01-16T19:59:00,pay_145ba2cf66eb,Settlement setl_189c63987e81,CREDIT,{}
btxn_5d812fb5de76,btxn_5d812fb5de76,merch_1d7b999b,26517.83,2026-01-12T17:25:00,pay_bb35ca43f054,Settlement setl_5f79a45cc67d,CREDIT,{}
btxn_4815fd3cb6c5,btxn_4815fd3cb6c5,merch_1d7b999b,17660.46,2026-01-22T11:15:00,pay_61c199d4dd6a,Settlement setl_68a7ed7684f6,CREDIT,{}
btxn_a1890b60e2af,btxn_a1890b60e2af,merch_1d7b999b,31327.04,2026-01-30T14:56:00,pay_d317dc6247ff,Settlement setl_cf1ca814b3c6,CREDIT,{}
btxn_e439075fce64,btxn_e439075fce64,merch_1d7b999b,26083.82,2026-01-23T21:55:00,pay_bee60c37eaee,Settlement setl_08ed39390b7e,CREDIT,{}
btxn_e2c3f6df1829,btxn_e2c3f6df1829,merch_1d7b999b,7722.18,2026-01-11T21:21:00,pay_9cdae8d1099a,Settlement setl_b6eb610389a7,CREDIT,{}
btxn_82fb00d3375b,btxn_82fb00d3375b,merch_1d7b999b,32658.39,2026-01-20T19:43:00,pay_d346ab9ebcb7,Settlement setl_0987a66b58c4,CREDIT,{}
btxn_5ce692b451b5,btxn_5ce692b451b5,merch_1d7b999b,35286.31,2026-01-18T06:27:00,pay_64e657c22698,Settlement setl_2be896e2d16c,CREDIT,{}
btxn_2b7625c49212,btxn_2b7625c49212,merch_1d7b999b,45863.89,2026-01-12T04:35:00,pay_edaef1cefa7b,Settlement setl_c0e61f9e1ed8,CREDIT,{}
btxn_650d2b895e9b,btxn_650d2b895e9b,merch_1d7b999b,41992.17,2026-01-07T01:01:00,pay_5627522a3098,Settlement setl_7a4466c94ffe,CREDIT,{}
btxn_dde4ca563059,btxn_dde4ca563059,merch_1d7b999b,5427.89,2026-01-07T02:48:00,pay_c2899477ab88,Settlement setl_7f994d97e21c,CREDIT,{}
btxn_e48b7bfd90e3,btxn_e48b7bfd90e3,merch_1d7b999b,11622.48,2026-01-09T09:43:00,pay_8efce7d9ece0,Settlement setl_cfed53dee5e6,CREDIT,{}
btxn_335e113052bc,btxn_335e113052bc,merch_1d7b999b,39013.33,2026-01-06T18:54:00,pay_eb72547686ea,Settlement setl_fb6923307597,CREDIT,{}
btxn_172fcd51f2ce,btxn_172fcd51f2ce,merch_1d7b999b,42621.26,2026-01-17T17:08:00,pay_95701787416f,Settlement setl_f10c4a9daf92,CREDIT,{}
btxn_81fa22127786,btxn_81fa22127786,merch_1d7b999b,20488.6,2026-01-02T10:26:00,pay_43c304ef1548,Settlement setl_da01d9d04578,CREDIT,{}
btxn_ede1f7cc5204,btxn_ede1f7cc5204,merch_1d7b999b,37913.05,2026-01-04T07:59:00,pay_2b89a68058a0,Settlement setl_528e3f4236a4,CREDIT,{}
btxn_3acf6216e744,btxn_3acf6216e744,merch_1d7b999b,16312.29,2026-01-16T09:27:00,pay_ff2b32ecb3bb,Settlement setl_d221d18821fb,CREDIT,{}
btxn_b7c454ec5569,btxn_b7c454ec5569,merch_1d7b999b,41233.99,2026-01-25T12:25:00,pay_e0d8239bd6bd,Settlement setl_22c4d3f3d837,CREDIT,{}
btxn_567b16d1fa7c,btxn_567b16d1fa7c,merch_1d7b999b,35235.22,2026-01-03T18:06:00,pay_b6eb491c75ca,Settlement setl_7590b97b93a8,CREDIT,{}
btxn_26bf2fe2c429,btxn_26bf2fe2c429,merch_1d7b999b,2216.55,2026-01-09T18:34:00,pay_e58f581b3f8d,Settlement setl_d87fa793d207,CREDIT,{}
btxn_51c1cd3a7c0a,btxn_51c1cd3a7c0a,merch_1d7b999b,25854.72,2026-01-22T03:12:00,pay_d8599558b2fd,Settlement setl_01cf81e45029,CREDIT,{}
btxn_43786d1d5c9f,btxn_43786d1d5c9f,merch_1d7b999b,15297.25,2026-01-28T11:29:00,pay_3679a6c2c85b,Settlement setl_fb38d00ccf84,CREDIT,{}
btxn_16eb032b1df1,btxn_16eb032b1df1,merch_1d7b999b,45959.74,2026-01-24T18:57:00,pay_c716f28ccbbd,Settlement setl_0aabdb3aae71,CREDIT,{}
btxn_cc79668c3c9e,btxn_cc79668c3c9e,merch_1d7b999b,22639.73,2026-01-25T18:07:00,pay_fb3032f9f282,Settlement setl_8ba780eaef7e,CREDIT,{}
btxn_2018877c9d15,btxn_2018877c9d15,merch_1d7b999b,34836.1,2026-01-06T14:26:00,pay_4480d07071f4,Settlement setl_1696a64b0bd1,CREDIT,{}
btxn_642d625f41d7,btxn_642d625f41d7,merch_1d7b999b,22738.67,2026-01-31T00:57:00,pay_615b30e42e9b,Settlement setl_935c8df3b887,CREDIT,{}
btxn_945f8cf14426,btxn_945f8cf14426,merch_1d7b999b,16271.33,2026-01-23T00:50:00,pay_eb6f0ed245b9,Settlement setl_9f33bf7689d9,CREDIT,{}
btxn_960231328dd5,btxn_960231328dd5,merch_1d7b999b,44708.98,2026-01-20T23:55:00,pay_25bd2f257209,Settlement setl_3e06e1593699,CREDIT,{}
btxn_38c0012da629,btxn_38c0012da629,merch_1d7b999b,48052.21,2026-01-11T22:11:00,pay_41ad8e1b9e38,Settlement setl_1f79ecd86c6b,CREDIT,{}
btxn_cf93d12770d8,btxn_cf93d12770d8,merch_1d7b999b,270.76,2026-01-26T10:00:00,pay_e7f5ff21970c,Settlement setl_ec6374e38c0b,CREDIT,{}
btxn_668b8bac887b,btxn_668b8bac887b,merch_1d7b999b,27220.71,2026-01-02T21:56:00,pay_b1eeef8c9697,Settlement setl_e8849f8ec0d4,CREDIT,{}
btxn_ff9fac4b0a9d,btxn_ff9fac4b0a9d,merch_1d7b999b,33007.58,2026-01-16T15:28:00,pay_5d265dc017fa,Settlement setl_82f8339578a5,CREDIT,{}
btxn_31d3105f0a2a,btxn_31d3105f0a2a,merch_1d7b999b,12311.19,2026-01-19T10:39:00,pay_6ba23d602a13,Settlement setl_e5b4658118a9,CREDIT,{}
btxn_f8430e332e12,btxn_f8430e332e12,merch_1d7b999b,2847.69,2026-01-13T03:09:00,pay_7489014c4ad4,Settlement setl_ab0af39e5664,CREDIT,{}
btxn_5a207c2ccf6f,btxn_5a207c2ccf6f,merch_1d7b999b,30203.94,2026-01-12T04:03:00,pay_fe60fe11050d,Settlement setl_4b6d4675e776,CREDIT,{}
btxn_2695a1ed3cb5,btxn_2695a1ed3cb5,merch_1d7b999b,18073.41,2026-01-03T04:49:00,pay_811fa9b139d1,Settlement setl_7437799322cc,CREDIT,{}
btxn_0d95a83e391b,btxn_0d95a83e391b,merch_1d7b999b,19009.07,2026-01-04T15:53:00,pay_a0b16175d306,Settlement setl_c21320ac050e,CREDIT,{}
btxn_88c49cdd74ca,btxn_88c49cdd74ca,merch_1d7b999b,6188.96,2026-01-29T10:21:00,pay_6dea5ba65128,Settlement setl_8671db848704,CREDIT,{}
btxn_a573613ebcc9,btxn_a573613ebcc9,merch_1d7b999b,34821.89,2026-01-21T03:06:00,pay_4aa3ba6d1236,Settlement setl_6cefc89aa5b9,CREDIT,{}
btxn_8ce52fe8373e,btxn_8ce52fe8373e,merch_1d7b999b,33774.57,2026-02-01T00:18:00,pay_465b7b103d31,Settlement setl_6fab16902744,CREDIT,{}
btxn_a9a4e282dbde,btxn_a9a4e282dbde,merch_1d7b999b,13057.04,2026-01-20T21:22:00,pay_2771e3886d85,Settlement setl_a12288190db0,CREDIT,{}
btxn_c6b650774da5,btxn_c6b650774da5,merch_1d7b999b,26033.32,2026-01-22T17:31:00,pay_27ab87b3b19f,Settlement setl_9965c8adecf2,CREDIT,{}
btxn_1f9552956cd8,btxn_1f9552956cd8,merch_1d7b999b,14595.35,2026-01-08T02:07:00,pay_c9e6c5fcca54,Settlement setl_105551df5674,CREDIT,{}
btxn_75e367958aad,btxn_75e367958aad,merch_1d7b999b,5984.49,2026-01-29T08:51:00,pay_596195aecc0a,Settlement setl_e1fb8d90def1,CREDIT,{}
btxn_f287ab1dbb77,btxn_f287ab1dbb77,merch_1d7b999b,17547.54,2026-01-27T22:13:00,pay_b742164c7a7c,Settlement setl_38cc8df0682f,CREDIT,{}
btxn_481d8708636d,btxn_481d8708636d,merch_1d7b999b,14153.17,2026-01-27T04:19:00,pay_c12b7c4f2865,Settlement setl_d18097086a5f,CREDIT,{}
btxn_3ced92e22a15,btxn_3ced92e22a15,merch_1d7b999b,30838.07,2026-01-02T07:12:00,wrong_pay_67f162a60007,Settlement setl_d2a523925506,CREDIT,{}
btxn_4b83e5cedc17,btxn_4b83e5cedc17,merch_1d7b999b,24007.5,2026-01-17T03:41:00,pay_4954ed9b008e,Settlement setl_0f5200508ced,CREDIT,{}
btxn_ac402fb1756d,btxn_ac402fb1756d,merch_1d7b999b,23084.84,2026-01-29T19:57:00,pay_a5db365a879e,Settlement setl_a772b61ef78e,CREDIT,{}
btxn_e7042ed99f90,btxn_e7042ed99f90,merch_1d7b999b,20756.26,2026-01-25T03:53:00,pay_d01c6cd55c6d,Settlement setl_1c51306f3584,CREDIT,{}
btxn_d08e388fc95d,btxn_d08e388fc95d,merch_1d7b999b,33942.06,2026-01-19T19:01:00,pay_f83889970372,Settlement setl_69f884734c41,CREDIT,{}
btxn_5d4f74e3befc,btxn_5d4f74e3befc,merch_1d7b999b,39196.87,2026-01-30T13:04:00,pay_942a9d0a19da,Settlement setl_1b23c147874d,CREDIT,{}
btxn_0370a376ec1a,btxn_0370a376ec1a,merch_1d7b999b,17023.71,2026-01-14T22:34:00,pay_068e25a13de6,Settlement setl_7a2f2ff5608b,CREDIT,{}
btxn_d452f7d823f5,btxn_d452f7d823f5,merch_1d7b999b,9450.21,2026-01-05T11:45:00,pay_99250b27cf14,Settlement setl_8a233cafe568,CREDIT,{}
btxn_ec1d74a6450b,btxn_ec1d74a6450b,merch_1d7b999b,4431.21,2026-01-30T09:23:00,pay_bcb7b2a68b56,Settlement setl_7b370fe0cc98,CREDIT,{}
btxn_ca8f4d27d8be,btxn_ca8f4d27d8be,merch_1d7b999b,15185.68,2026-01-05T13:50:00,wrong_pay_75f4db28d0ad,Settlement setl_b14eec98c0e5,CREDIT,{}
btxn_3757a956d941,btxn_3757a956d941,merch_1d7b999b,22244.33,2026-01-02T17:57:00,pay_0ebcb7148e5b,Settlement setl_7c2d93b0af54,CREDIT,{}
btxn_9254e86f5b2a,btxn_9254e86f5b2a,merch_1d7b999b,23022.48,2026-01-24T18:07:00,pay_adb9be51846c,Settlement setl_9bc1f772ef49,CREDIT,{}
btxn_09526eb24e9c,btxn_09526eb24e9c,merch_1d7b999b,34383.91,2026-01-21T04:21:00,pay_6ee4a53903d8,Settlement setl_7ac19fe60bf3,CREDIT,{}
btxn_eb1f37b5b9f3,btxn_eb1f37b5b9f3,merch_1d7b999b,38332.39,2026-01-25T11:01:00,wrong_pay_bfd74cee9d52,Settlement setl_0a7d833cac3e,CREDIT,{}
btxn_f60e5102f93d,btxn_f60e5102f93d,merch_1d7b999b,33589.09,2026-01-10T06:10:00,pay_21bc211836f9,Settlement setl_ba845bc996e5,CREDIT,{}
btxn_279b056513bf,btxn_279b056513bf,merch_1d7b999b,31184.95,2026-01-18T05:13:00,pay_de8d9ed1ec5f,Settlement setl_e39e4760ef5d,CREDIT,{}
btxn_5aefbcd9f572,btxn_5aefbcd9f572,merch_1d7b999b,13625.5,2026-02-02T00:51:00,pay_fae4be6ff2dd,Settlement setl_87a896e042b6,CREDIT,{}
btxn_fd5c77967a94,btxn_fd5c77967a94,merch_1d7b999b,3655.02,2026-01-21T12:34:00,pay_39243333e7e1,Settlement setl_2efd86e12554,CREDIT,{}
btxn_774e78bab61e,btxn_774e78bab61e,merch_1d7b999b,23589.71,2026-01-23T03:06:00,pay_047d9f926bb9,Settlement setl_5c5ab771569f,CREDIT,{}
btxn_7472217ea139,btxn_7472217ea139,merch_1d7b999b,19656.65,2026-01-24T21:57:00,pay_86b3b6078f3c,Settlement setl_c43a0011100e,CREDIT,{}
btxn_73b8669c1969,btxn_73b8669c1969,merch_1d7b999b,16683.37,2026-01-09T00:48:00,pay_d9868451f57e,Settlement setl_fa2652dba310,CREDIT,{}
btxn_6b341a8d91da,btxn_6b341a8d91da,merch_1d7b999b,37811.57,2026-01-16T20:08:00,pay_4ec99c1700ff,Settlement setl_e7b0131877dd,CREDIT,{}
btxn_a5cb4e318960,btxn_a5cb4e318960,merch_1d7b999b,15588.55,2026-01-23T00:49:00,pay_a62a31e608cb,Settlement setl_9c3da0ec09de,CREDIT,{}
btxn_da0604b2c8b0,btxn_da0604b2c8b0,merch_1d7b999b,11267.34,2026-01-29T21:16:00,pay_27305f02e596,Settlement setl_a466753572ed,CREDIT,{}
btxn_95a51a0a80a0,btxn_95a51a0a80a0,merch_1d7b999b,45871.49,2026-01-12T12:29:00,pay_2ba730c092c2,Settlement setl_210d291efdc8,CREDIT,{}
btxn_ea3c131a752b,btxn_ea3c131a752b,merch_1d7b999b,30261.57,2026-01-06T18:06:00,pay_07d908053636,Settlement setl_5a4f2a13ecc4,CREDIT,{}
btxn_9b6d1c5850fd,btxn_9b6d1c5850fd,merch_1d7b999b,32507.63,2026-01-27T11:34:00,pay_4510fee16176,Settlement setl_2d080421dcd1,CREDIT,{}
btxn_0c5bcdcdc41a,btxn_0c5bcdcdc41a,merch_1d7b999b,12004.91,2026-01-09T19:10:00,pay_7af0ac668813,Settlement setl_b3342839e084,CREDIT,{}
btxn_1f529762ab4a,btxn_1f529762ab4a,merch_1d7b999b,10491.08,2026-01-24T20:27:00,pay_16d9eb4c571d,Settlement setl_21819761675e,CREDIT,{}
btxn_96286450f99c,btxn_96286450f99c,merch_1d7b999b,27271.89,2026-01-09T07:42:00,pay_a19e89e4a0f6,Settlement setl_a0f817f3ad7b,CREDIT,{}
btxn_347f58dcd5bc,btxn_347f58dcd5bc,merch_1d7b999b,5804.71,2026-01-21T16:20:00,pay_b40a94bf975f,Settlement setl_de79cfe1e970,CREDIT,{}
btxn_47f7e49e5b06,btxn_47f7e49e5b06,merch_1d7b999b,47798.58,2026-01-04T21:06:00,pay_e0285e16c1f0,Settlement setl_910fb0a774e9,CREDIT,{}
btxn_f4eac503bf80,btxn_f4eac503bf80,merch_1d7b999b,33042.22,2026-01-04T08:52:00,wrong_pay_37c932062709,Settlement setl_ee0920986ce5,CREDIT,{}
btxn_55943a42deba,btxn_55943a42deba,merch_1d7b999b,31843.03,2026-01-02T06:42:00,pay_fd3f4376d27d,Settlement setl_7b894e1aedb0,CREDIT,{}
btxn_0b6c7004f5fe,btxn_0b6c7004f5fe,merch_1d7b999b,19168.93,2026-01-20T16:12:00,pay_2b9aa6b5757c,Settlement setl_a9dc986e7d85,CREDIT,{}
btxn_bb451b5262f7,btxn_bb451b5262f7,merch_1d7b999b,15056.79,2026-01-27T23:19:00,pay_28fd5c34a5c4,Settlement setl_8c7259876bf9,CREDIT,{}
btxn_b7fa8efd9357,btxn_b7fa8efd9357,merch_1d7b999b,29178.08,2026-01-21T18:25:00,pay_05913eecc47f,Settlement setl_4393633788ec,CREDIT,{}
btxn_81d7b0bd5fdd,btxn_81d7b0bd5fdd,merch_1d7b999b,44162.41,2026-02-01T03:00:00,pay_aaf1efd39f28,Settlement setl_bd51efb919f7,CREDIT,{}
btxn_5806ef3d5f8e,btxn_5806ef3d5f8e,merch_1d7b999b,43297.41,2026-01-09T15:44:00,pay_0278a64dc737,Settlement setl_77f897d68f89,CREDIT,{}
btxn_e14a836970ba,btxn_e14a836970ba,merch_1d7b999b,19201.2,2026-01-14T15:34:00,pay_65b89c8878f8,Settlement setl_45b543338bc0,CREDIT,{}
btxn_4d0b928d501b,btxn_4d0b928d501b,merch_1d7b999b,7039.54,2026-01-19T14:53:00,pay_e2257186f1b5,Settlement setl_09ae59dacf5a,CREDIT,{}
btxn_dc025d102458,btxn_dc025d102458,merch_1d7b999b,49873.06,2026-01-23T06:08:00,pay_fc1fa4775221,Settlement setl_231a00b62c5b,CREDIT,{}
btxn_7f94a2ed2560,btxn_7f94a2ed2560,merch_1d7b999b,7285.39,2026-01-30T17:42:00,pay_2e7e6c348027,Settlement setl_ec55dadba5b5,CREDIT,{}
btxn_e2132c35893b,btxn_e2132c35893b,merch_1d7b999b,32147.92,2026-01-15T16:57:00,pay_39502ae73e1e,Settlement setl_bac42605a586,CREDIT,{}
btxn_22f18919b499,btxn_22f18919b499,merch_1d7b999b,25519.8,2026-01-19T16:24:00,pay_8b603ece20a2,Settlement setl_3277528ba657,CREDIT,{}
btxn_cdb97d76f194,btxn_cdb97d76f194,merch_1d7b999b,30268.21,2026-01-20T17:54:00,pay_983a679aad78,Settlement setl_75351404465c,CREDIT,{}
btxn_27b457d6de2e,btxn_27b457d6de2e,merch_1d7b999b,46335.57,2026-01-20T13:02:00,pay_12ae55f12aa1,Settlement setl_b2f34254bb67,CREDIT,{}
btxn_25c98767c855,btxn_25c98767c855,merch_1d7b999b,26367.76,2026-01-29T10:29:00,pay_f57237669e81,Settlement setl_ac96c7380440,CREDIT,{}
btxn_a1db4eaf6e76,btxn_a1db4eaf6e76,merch_1d7b999b,30542.52,2026-01-09T17:40:00,pay_582e814b80c1,Settlement setl_821e3a6237f1,CREDIT,{}
btxn_e01705b5cad9,btxn_e01705b5cad9,merch_1d7b999b,23496.55,2026-01-18T17:36:00,pay_480b64320207,Settlement setl_ff1792dc6bfc,CREDIT,{}
btxn_25c2964ab393,btxn_25c2964ab393,merch_1d7b999b,36375.89,2026-01-20T10:03:00,pay_19efbd0e43a5,Settlement setl_8ad0e5590d8e,CREDIT,{}
btxn_6cc577275114,btxn_6cc577275114,merch_1d7b999b,2675.83,2026-01-12T01:39:00,pay_338e22588a07,Settlement setl_e60818eccf9c,CREDIT,{}
btxn_b7824de285e7,btxn_b7824de285e7,merch_1d7b999b,6428.38,2026-01-04T10:16:00,pay_810c4d99566a,Settlement setl_8460f3f57110,CREDIT,{}
btxn_32f03ccbc83e,btxn_32f03ccbc83e,merch_1d7b999b,32991.87,2026-01-13T07:16:00,pay_3dc83f235da7,Settlement setl_fa6405b663fd,CREDIT,{}
btxn_5fb633b9685a,btxn_5fb633b9685a,merch_1d7b999b,26416.7,2026-01-03T12:05:00,pay_ea09a0bb82ba,Settlement setl_6198865db60e,CREDIT,{}
btxn_fd499bc82570,btxn_fd499bc82570,merch_1d7b999b,7792.1,2026-01-17T15:49:00,pay_36e2cc9decef,Settlement setl_c61c2a96e3b3,CREDIT,{}
