id,external_id,merchant_id,amount,currency,payment_time,customer_reference,order_reference,status,metadata_json
pay_4526a339be5c,pay_4526a339be5c,merch_1d7b999b,32007.4,INR,2026-01-01T23:17:00,cust_5012,order_39256,captured,{}
pay_0526ece484b6,pay_0526ece484b6,merch_1d7b999b,5214.51,INR,2026-01-24T17:05:00,cust_7912,order_14165,captured,{}
pay_2a502959d41a,pay_2a502959d41a,merch_1d7b999b,11010.03,INR,2026-01-17T19:01:00,cust_4257,order_95181,captured,{}
pay_e440a6dbf8a9,pay_e440a6dbf8a9,merch_1d7b999b,21034.04,INR,2026-01-15T18:17:00,cust_1106,order_30926,captured,{}
pay_73bb16777706,pay_73bb16777706,merch_1d7b999b,17078.5,INR,2026-01-05T06:48:00,cust_6514,order_23396,captured,{}
pay_e175905df51e,pay_e175905df51e,merch_1d7b999b,4926.15,INR,2026-01-28T11:38:00,cust_5333,order_15695,captured,{}
pay_0c9044e9f91e,pay_0c9044e9f91e,merch_1d7b999b,26857.78,INR,2026-01-30T12:05:00,cust_5803,order_92397,captured,{}
pay_0b905630a13d,pay_0b905630a13d,merch_1d7b999b,43099.17,INR,2026-01-19T06:45:00,cust_2139,order_16006,captured,{}
pay_66dec4433b62,pay_66dec4433b62,merch_1d7b999b,38676.11,INR,2026-01-03T07:55:00,cust_2654,order_59823,captured,{}
pay_834be31b11e7,pay_834be31b11e7,merch_1d7b999b,31820.65,INR,2026-01-12T05:23:00,cust_6820,order_37460,captured,{}
pay_146db976b57d,pay_146db976b57d,merch_1d7b999b,35120.83,INR,2026-01-22T20:04:00,cust_3803,order_80010,captured,{}
pay_50196588bc45,pay_50196588bc45,merch_1d7b999b,8253.78,INR,2026-01-13T08:59:00,cust_4598,order_99733,captured,{}
pay_f1e3ab8e3fb4,pay_f1e3ab8e3fb4,merch_1d7b999b,38438.85,INR,2026-01-02T07:52:00,cust_1525,order_51347,captured,{}
pay_f0d37e69f2df,pay_f0d37e69f2df,merch_1d7b999b,3402.81,INR,2026-01-30T18:56:00,cust_6155,order_37869,captured,{}
pay_3caa66cd188d,pay_3caa66cd188d,merch_1d7b999b,19842.03,INR,2026-01-30T20:29:00,cust_3340,order_44718,captured,{}
pay_32785ac492e9,pay_32785ac492e9,merch_1d7b999b,37274.95,INR,2026-01-18T08:47:00,cust_8019,order_86484,captured,{}
pay_5b11fd6cdbd0,pay_5b11fd6cdbd0,merch_1d7b999b,11044.11,INR,2026-01-05T16:31:00,cust_2489,order_16175,captured,{}
pay_d5c799f1f884,pay_d5c799f1f884,merch_1d7b999b,7726.78,INR,2026-01-06T21:27:00,cust_2040,order_60432,captured,{}
pay_5fed75cfed26,pay_5fed75cfed26,merch_1d7b999b,49806.46,INR,2026-01-17T08:35:00,cust_1188,order_99166,captured,{}
pay_78a091eec140,pay_78a091eec140,merch_1d7b999b,34117.35,INR,2026-01-18T08:49:00,cust_6573,order_24621,captured,{}
pay_cce20225d381,pay_cce20225d381,merch_1d7b999b,7992.07,INR,2026-01-01T23:56:00,cust_5315,order_75612,captured,{}
pay_41a1cd42f5f5,pay_41a1cd42f5f5,merch_1d7b999b,25433.32,INR,2026-01-04T20:19:00,cust_9317,order_89818,captured,{}
pay_4353c66d0a44,pay_4353c66d0a44,merch_1d7b999b,18758.3,INR,2026-01-06T17:49:00,cust_9689,order_10074,captured,{}
pay_c1aaf28f66ab,pay_c1aaf28f66ab,merch_1d7b999b,24481.42,INR,2026-01-04T11:56:00,cust_6038,order_41385,captured,{}
pay_5ad6d8ab2b1e,pay_5ad6d8ab2b1e,merch_1d7b999b,43912.68,INR,2026-01-31T02:05:00,cust_8962,order_19071,captured,{}
pay_9a1ee9ae4dac,pay_9a1ee9ae4dac,merch_1d7b999b,26682.04,INR,2026-01-05T04:42:00,cust_8787,order_82063,captured,{}
pay_6f08ac69328e,pay_6f08ac69328e,merch_1d7b999b,26430.92,INR,2026-01-20T13:13:00,cust_9835,order_36365,captured,{}
pay_37ac3a006ca0,pay_37ac3a006ca0,merch_1d7b999b,20009.72,INR,2026-01-22T20:23:00,cust_8177,order_77839,captured,{}
pay_3e91fbcfee3d,pay_3e91fbcfee3d,merch_1d7b999b,12470.49,INR,2026-01-03T10:01:00,cust_4770,order_87128,captured,{}
pay_ddb59e67b9c8,pay_ddb59e67b9c8,merch_1d7b999b,3642.55,INR,2026-01-21T01:14:00,cust_2104,order_14117,captured,{}
pay_5a90f480575d,pay_5a90f480575d,merch_1d7b999b,3635.78,INR,2026-01-08T08:42:00,cust_8953,order_38080,captured,{}
pay_a70c9c866b51,pay_a70c9c866b51,merch_1d7b999b,36195.29,INR,2026-01-29T18:36:00,cust_8744,order_41850,captured,{}
pay_39d8d3eda326,pay_39d8d3eda326,merch_1d7b999b,40394.1,INR,2026-01-07T03:06:00,cust_8062,order_56438,captured,{}
pay_e78bdedc423f,pay_e78bdedc423f,merch_1d7b999b,23404.53,INR,2026-01-24T01:43:00,cust_2612,order_17944,captured,{}
pay_bab78aee2f39,pay_bab78aee2f39,merch_1d7b999b,17031.2,INR,2026-01-28T03:15:00,cust_4139,order_34931,captured,{}
pay_4e8ed9608eb7,pay_4e8ed9608eb7,merch_1d7b999b,7095.1,INR,2026-01-06T08:29:00,cust_5092,order_19880,captured,{}
pay_f34ffeddd9ac,pay_f34ffeddd9ac,merch_1d7b999b,43081.32,INR,2026-01-18T03:03:00,cust_9856,order_11934,captured,{}
pay_4d40ffe6f1b3,pay_4d40ffe6f1b3,merch_1d7b999b,46325.71,INR,2026-01-28T07:10:00,cust_7658,order_73653,captured,{}
pay_89bdfcd4eaaf,pay_89bdfcd4eaaf,merch_1d7b999b,43246.05,INR,2026-01-29T01:10:00,cust_7209,order_10282,captured,{}
pay_8788d2f9f9dc,pay_8788d2f9f9dc,merch_1d7b999b,13333.63,INR,2026-01-26T14:18:00,cust_7930,order_82845,captured,{}
pay_b6f2f3e391b5,pay_b6f2f3e391b5,merch_1d7b999b,24384.9,INR,2026-01-07T09:13:00,cust_1958,order_85914,captured,{}
pay_5671d9b13610,pay_5671d9b13610,merch_1d7b999b,3141.78,INR,2026-01-11T01:03:00,cust_8811,order_75909,captured,{}
pay_d2f29aed59b2,pay_d2f29aed59b2,merch_1d7b999b,26603.19,INR,2026-01-02T16:05:00,cust_4044,order_18981,captured,{}
pay_21cf58960601,pay_21cf58960601,merch_1d7b999b,33793.11,INR,2026-01-08T12:07:00,cust_5033,order_85880,captured,{}
pay_32db618778d0,pay_32db618778d0,merch_1d7b999b,31007.14,INR,2026-01-14T21:37:00,cust_9565,order_51467,captured,{}
pay_ad380a4f91b4,pay_ad380a4f91b4,merch_1d7b999b,10292.53,INR,2026-01-23T10:15:00,cust_5351,order_61876,captured,{}
pay_6b020d93ad2d,pay_6b020d93ad2d,merch_1d7b999b,32310.49,INR,2026-01-15T10:59:00,cust_2188,order_11220,captured,{}
pay_34a26bfa586d,pay_34a26bfa586d,merch_1d7b999b,49922.88,INR,2026-01-04T02:34:00,cust_4492,order_76307,captured,{}
pay_68412a6c09a6,pay_68412a6c09a6,merch_1d7b999b,46669.64,INR,2026-01-29T02:56:00,cust_5002,order_58434,captured,{}
pay_2c2f274b851e,pay_2c2f274b851e,merch_1d7b999b,21965.41,INR,2026-01-18T22:19:00,cust_9666,order_11025,captured,{}
pay_6440a02fed9b,pay_6440a02fed9b,merch_1d7b999b,27774.65,INR,2026-01-30T21:06:00,cust_3200,order_44664,captured,{}
pay_4b4abbf54ee2,pay_4b4abbf54ee2,merch_1d7b999b,5441.1,INR,2026-01-18T04:17:00,cust_5616,order_89276,captured,{}
pay_381fed9ae44e,pay_381fed9ae44e,merch_1d7b999b,17209.73,INR,2026-01-22T20:54:00,cust_5325,order_76244,captured,{}
pay_fd55d5e057fb,pay_fd55d5e057fb,merch_1d7b999b,45276.29,INR,2026-01-28T01:05:00,cust_7939,order_46265,captured,{}
pay_75d7510b52ed,pay_75d7510b52ed,merch_1d7b999b,16744.47,INR,2026-01-05T20:16:00,cust_3647,order_67912,captured,{}
pay_39579b668ab0,pay_39579b668ab0,merch_1d7b999b,21441.58,INR,2026-01-01T03:04:00,cust_3442,order_81511,captured,{}
pay_15d82e6cb4a6,pay_15d82e6cb4a6,merch_1d7b999b,18523.88,INR,2026-01-18T04:27:00,cust_3088,order_15482,captured,{}
pay_25d0d6e732c8,pay_25d0d6e732c8,merch_1d7b999b,44959.18,INR,2026-01-26T01:57:00,cust_6862,order_37535,captured,{}
pay_ab111862da2d,pay_ab111862da2d,merch_1d7b999b,33379.98,INR,2026-01-12T17:56:00,cust_7658,order_91351,captured,{}
pay_74100e0c8c25,pay_74100e0c8c25,merch_1d7b999b,46295.61,INR,2026-01-08T05:51:00,cust_3900,order_64040,captured,{}
pay_ee129ac8f7e0,pay_ee129ac8f7e0,merch_1d7b999b,36854.57,INR,2026-01-11T13:51:00,cust_5065,order_44970,captured,{}
pay_ec29a43f767c,pay_ec29a43f767c,merch_1d7b999b,35093.78,INR,2026-01-13T01:54:00,cust_8711,order_39154,captured,{}
pay_9c25e4b30b00,pay_9c25e4b30b00,merch_1d7b999b,45930.75,INR,2026-01-12T09:52:00,cust_4728,order_39219,captured,{}
pay_301bf5ec69e9,pay_301bf5ec69e9,merch_1d7b999b,9737.18,INR,2026-01-11T08:55:00,cust_2137,order_46585,captured,{}
pay_7b302e986fbf,pay_7b302e986fbf,merch_1d7b999b,25519.34,INR,2026-01-22T17:21:00,cust_1452,order_25118,captured,{}
pay_6dbd2f831424,pay_6dbd2f831424,merch_1d7b999b,13134.64,INR,2026-01-19T08:02:00,cust_2776,order_88193,captured,{}
pay_92b34a632270,pay_92b34a632270,merch_1d7b999b,36454.4,INR,2026-01-11T13:38:00,cust_9379,order_25157,captured,{}
pay_2a76510dfc88,pay_2a76510dfc88,merch_1d7b999b,28871.74,INR,2026-01-09T01:45:00,cust_8144,order_10221,captured,{}
pay_547ed4fcede6,pay_547ed4fcede6,merch_1d7b999b,40344.89,INR,2026-01-22T23:47:00,cust_4228,order_57739,captured,{}
pay_83e104a886de,pay_83e104a886de,merch_1d7b999b,47448.84,INR,2026-01-30T10:39:00,cust_6143,order_96951,captured,{}
pay_48b297fef873,pay_48b297fef873,merch_1d7b999b,36015.74,INR,2026-01-10T16:19:00,cust_7691,order_52753,captured,{}
pay_b67f1c668524,pay_b67f1c668524,merch_1d7b999b,14853.19,INR,2026-01-05T06:26:00,cust_7211,order_98777,captured,{}
pay_e33c6f0dcf1a,pay_e33c6f0dcf1a,merch_1d7b999b,8783.96,INR,2026-01-19T09:25:00,cust_9977,order_10053,captured,{}
pay_12e97fb0cf20,pay_12e97fb0cf20,merch_1d7b999b,10588.12,INR,2026-01-26T18:38:00,cust_6279,order_70946,captured,{}
pay_c0ac6c829669,pay_c0ac6c829669,merch_1d7b999b,33813.8,INR,2026-01-17T15:50:00,cust_3780,order_96356,captured,{}
pay_ee37639e675b,pay_ee37639e675b,merch_1d7b999b,25821.06,INR,2026-01-21T19:21:00,cust_2530,order_40784,captured,{}
pay_0d39a54b888b,pay_0d39a54b888b,merch_1d7b999b,11309.57,INR,2026-01-07T04:01:00,cust_1757,order_42092,captured,{}
pay_246993b6fc54,pay_246993b6fc54,merch_1d7b999b,30602.57,INR,2026-01-25T02:29:00,cust_7790,order_92544,captured,{}
pay_5c0b8bab0f3a,pay_5c0b8bab0f3a,merch_1d7b999b,35945.46,INR,2026-01-13T15:25:00,cust_4997,order_29342,captured,{}
pay_f0f5e2692db4,pay_f0f5e2692db4,merch_1d7b999b,376.69,INR,2026-01-25T03:49:00,cust_7965,order_38683,captured,{}
pay_38925e88db79,pay_38925e88db79,merch_1d7b999b,47902.51,INR,2026-01-17T14:03:00,cust_5082,order_25906,captured,{}
pay_07839bfb840d,pay_07839bfb840d,merch_1d7b999b,40090.69,INR,2026-01-22T16:35:00,cust_6198,order_68008,captured,{}
pay_ad6452dcca98,pay_ad6452dcca98,merch_1d7b999b,35991.77,INR,2026-01-17T13:53:00,cust_9976,order_68446,captured,{}
pay_bf6f00149483,pay_bf6f00149483,merch_1d7b999b,37208.41,INR,2026-01-16T14:16:00,cust_5050,order_93579,captured,{}
pay_73151759f16e,pay_73151759f16e,merch_1d7b999b,38905.97,INR,2026-01-16T20:15:00,cust_5499,order_67654,captured,{}
pay_4fb66db9c070,pay_4fb66db9c070,merch_1d7b999b,14357.83,INR,2026-01-09T10:20:00,cust_9849,order_20561,captured,{}
pay_62390443df13,pay_62390443df13,merch_1d7b999b,11639.95,INR,2026-01-23T04:45:00,cust_4505,order_18418,captured,{}
pay_1f5a4da39243,pay_1f5a4da39243,merch_1d7b999b,16610.98,INR,2026-01-15T13:03:00,cust_4388,order_65069,captured,{}
pay_d6425b1a0b56,pay_d6425b1a0b56,merch_1d7b999b,38512.81,INR,2026-01-31T22:01:00,cust_7232,order_72518,captured,{}
pay_6d6245879688,pay_6d6245879688,merch_1d7b999b,17652.76,INR,2026-01-25T12:54:00,cust_7865,order_80545,captured,{}
pay_10570d19b4f8,pay_10570d19b4f8,merch_1d7b999b,27352.0,INR,2026-01-20T07:31:00,cust_4595,order_45774,captured,{}
pay_9a42dcfa8644,pay_9a42dcfa8644,merch_1d7b999b,1548.34,INR,2026-01-11T21:43:00,cust_7624,order_31632,captured,{}
pay_6f69d55a335a,pay_6f69d55a335a,merch_1d7b999b,45985.13,INR,2026-01-20T17:01:00,cust_7455,order_87580,captured,{}
pay_b6dcbd5ad11b,pay_b6dcbd5ad11b,merch_1d7b999b,1452.39,INR,2026-01-21T13:08:00,cust_8564,order_33819,captured,{}
pay_44d80f606c9d,pay_44d80f606c9d,merch_1d7b999b,19017.28,INR,2026-01-07T14:20:00,cust_6529,order_59692,captured,{}
pay_7a8f1f640942,pay_7a8f1f640942,merch_1d7b999b,47565.09,INR,2026-01-14T08:53:00,cust_2341,order_71644,captured,{}
pay_094eef162d8c,pay_094eef162d8c,merch_1d7b999b,27017.01,INR,2026-01-31T11:14:00,cust_2124,order_95426,captured,{}
pay_ef9522c807f9,pay_ef9522c807f9,merch_1d7b999b,1648.4,INR,2026-01-08T06:53:00,cust_1333,order_91439,captured,{}
pay_323f0add6551,pay_323f0add6551,merch_1d7b999b,6398.43,INR,2026-01-22T03:36:00,cust_4571,order_70952,captured,{}
pay_dee36eaf93af,pay_dee36eaf93af,merch_1d7b999b,38368.22,INR,2026-01-06T19:38:00,cust_2876,order_31465,captured,{}
pay_fb421fa7b217,pay_fb421fa7b217,merch_1d7b999b,5494.13,INR,2026-01-01T09:36:00,cust_7149,order_61990,captured,{}
pay_697cb2f2bc41,pay_697cb2f2bc41,merch_1d7b999b,9996.66,INR,2026-01-19T22:53:00,cust_4978,order_23356,captured,{}
pay_a10b7f5d3946,pay_a10b7f5d3946,merch_1d7b999b,15148.98,INR,2026-01-22T19:51:00,cust_2983,order_84177,captured,{}
pay_694843324e73,pay_694843324e73,merch_1d7b999b,17425.47,INR,2026-01-14T21:23:00,cust_2129,order_76317,captured,{}
pay_13b9dd4b9a19,pay_13b9dd4b9a19,merch_1d7b999b,731.34,INR,2026-01-14T15:06:00,cust_8102,order_57472,captured,{}
pay_95a247691726,pay_95a247691726,merch_1d7b999b,41452.49,INR,2026-01-23T04:27:00,cust_3885,order_78386,captured,{}
pay_54d73955294b,pay_54d73955294b,merch_1d7b999b,13577.11,INR,2026-01-26T17:49:00,cust_8921,order_70931,captured,{}
pay_2b92a694a65e,pay_2b92a694a65e,merch_1d7b999b,36578.21,INR,2026-01-09T10:54:00,cust_5022,order_21359,captured,{}
pay_acdee13e58f3,pay_acdee13e58f3,merch_1d7b999b,22595.02,INR,2026-01-25T14:36:00,cust_7209,order_54092,captured,{}
pay_ce8398da24a8,pay_ce8398da24a8,merch_1d7b999b,42562.55,INR,2026-01-06T15:13:00,cust_6813,order_43862,captured,{}
pay_3f27af7211d1,pay_3f27af7211d1,merch_1d7b999b,44027.97,INR,2026-01-23T08:35:00,cust_1166,order_77715,captured,{}
pay_9886e91454e1,pay_9886e91454e1,merch_1d7b999b,4372.09,INR,2026-01-24T13:31:00,cust_4937,order_72402,captured,{}
pay_f573dd5f6280,pay_f573dd5f6280,merch_1d7b999b,24591.98,INR,2026-01-26T00:05:00,cust_5820,order_39045,captured,{}
pay_37837dd8e1dc,pay_37837dd8e1dc,merch_1d7b999b,12240.93,INR,2026-01-22T18:23:00,cust_8753,order_82544,captured,{}
pay_e1d9e2c5bcff,pay_e1d9e2c5bcff,merch_1d7b999b,21332.64,INR,2026-01-24T17:21:00,cust_6764,order_69473,captured,{}
pay_5d297a36c619,pay_5d297a36c619,merch_1d7b999b,12645.04,INR,2026-01-04T23:12:00,cust_6169,order_25670,captured,{}
pay_4656e9720ece,pay_4656e9720ece,merch_1d7b999b,47548.79,INR,2026-01-23T05:12:00,cust_4545,order_73464,captured,{}
pay_87e057ee018a,pay_87e057ee018a,merch_1d7b999b,29520.39,INR,2026-01-25T16:38:00,cust_5636,order_23176,captured,{}
pay_2f09ee6561fd,pay_2f09ee6561fd,merch_1d7b999b,14882.7,INR,2026-01-12T05:19:00,cust_1231,order_80010,captured,{}
pay_0b7cfd91415a,pay_0b7cfd91415a,merch_1d7b999b,2371.23,INR,2026-01-02T17:18:00,cust_3068,order_93606,captured,{}
pay_150cc2f6835a,pay_150cc2f6835a,merch_1d7b999b,24594.85,INR,2026-01-28T00:36:00,cust_5658,order_71524,captured,{}
pay_5e54882b3f22,pay_5e54882b3f22,merch_1d7b999b,17101.23,INR,2026-01-31T01:16:00,cust_8827,order_24953,captured,{}
pay_a735a5b0fd24,pay_a735a5b0fd24,merch_1d7b999b,20095.3,INR,2026-01-03T18:40:00,cust_1878,order_29887,captured,{}
pay_4b65fc96c23e,pay_4b65fc96c23e,merch_1d7b999b,28185.7,INR,2026-01-10T02:15:00,cust_2940,order_83147,captured,{}
pay_d1c64144db96,pay_d1c64144db96,merch_1d7b999b,30355.25,INR,2026-01-26T19:14:00,cust_9561,order_59856,captured,{}
pay_8417f7dee46c,pay_8417f7dee46c,merch_1d7b999b,22191.78,INR,2026-01-28T18:27:00,cust_6003,order_84531,captured,{}
pay_2f9ac1252ab3,pay_2f9ac1252ab3,merch_1d7b999b,30520.58,INR,2026-01-24T03:48:00,cust_4404,order_91987,captured,{}
pay_5d10c1c7b76d,pay_5d10c1c7b76d,merch_1d7b999b,33055.36,INR,2026-01-06T07:11:00,cust_2229,order_30517,captured,{}
pay_26f273c1a259,pay_26f273c1a259,merch_1d7b999b,22580.13,INR,2026-01-20T15:18:00,cust_1534,order_40340,captured,{}
pay_0b17f623eed5,pay_0b17f623eed5,merch_1d7b999b,14207.65,INR,2026-01-28T14:04:00,cust_4824,order_44675,captured,{}
pay_bb23bc11fa3a,pay_bb23bc11fa3a,merch_1d7b999b,31290.39,INR,2026-01-22T06:27:00,cust_2880,order_81376,captured,{}
pay_d47e0e39e4d9,pay_d47e0e39e4d9,merch_1d7b999b,7534.57,INR,2026-01-09T04:04:00,cust_1977,order_31747,captured,{}
pay_27d9e7321176,pay_27d9e7321176,merch_1d7b999b,29792.7,INR,2026-01-27T18:58:00,cust_5728,order_67560,captured,{}
pay_f6ceeb797e65,pay_f6ceeb797e65,merch_1d7b999b,34465.03,INR,2026-01-23T12:17:00,cust_9199,order_80776,captured,{}
pay_0ae1b1d63d97,pay_0ae1b1d63d97,merch_1d7b999b,4114.05,INR,2026-01-02T13:47:00,cust_6280,order_89129,captured,{}
pay_1821fdfa46b9,pay_1821fdfa46b9,merch_1d7b999b,4657.21,INR,2026-01-31T21:53:00,cust_1339,order_98117,captured,{}
pay_874aae185f46,pay_874aae185f46,merch_1d7b999b,28854.72,INR,2026-01-25T05:30:00,cust_9502,order_95394,captured,{}
pay_7e995d99e2e5,pay_7e995d99e2e5,merch_1d7b999b,13980.01,INR,2026-01-19T13:40:00,cust_9056,order_21959,captured,{}
pay_f051b2cbe294,pay_f051b2cbe294,merch_1d7b999b,20476.57,INR,2026-01-11T21:06:00,cust_3634,order_53228,captured,{}
pay_dd41954612ad,pay_dd41954612ad,merch_1d7b999b,24823.9,INR,2026-01-22T12:52:00,cust_1601,order_69614,captured,{}
pay_12d626f39ec5,pay_12d626f39ec5,merch_1d7b999b,12694.7,INR,2026-01-04T12:55:00,cust_9431,order_10150,captured,{}
pay_ea81943ea36c,pay_ea81943ea36c,merch_1d7b999b,27175.42,INR,2026-01-14T01:12:00,cust_9494,order_57419,captured,{}
pay_86b86db6fd58,pay_86b86db6fd58,merch_1d7b999b,24974.81,INR,2026-01-15T01:13:00,cust_5375,order_81987,captured,{}
pay_7a1a1d45e1c0,pay_7a1a1d45e1c0,merch_1d7b999b,14472.65,INR,2026-01-29T22:31:00,cust_2989,order_13783,captured,{}
pay_bf8bd8bd675e,pay_bf8bd8bd675e,merch_1d7b999b,30482.7,INR,2026-01-08T22:10:00,cust_6091,order_82199,captured,{}
pay_1af4a2a6a4d4,pay_1af4a2a6a4d4,merch_1d7b999b,20458.74,INR,2026-01-08T03:29:00,cust_2924,order_94896,captured,{}
pay_11859529e4dd,pay_11859529e4dd,merch_1d7b999b,24968.94,INR,2026-01-23T09:32:00,cust_5479,order_64459,captured,{}
pay_7fa60804e37a,pay_7fa60804e37a,merch_1d7b999b,49014.21,INR,2026-01-08T14:35:00,cust_3369,order_60277,captured,{}
pay_dda4df28a75b,pay_dda4df28a75b,merch_1d7b999b,30008.94,INR,2026-01-24T04:55:00,cust_2143,order_46208,captured,{}
pay_876831d0df42,pay_876831d0df42,merch_1d7b999b,42735.18,INR,2026-01-11T16:17:00,cust_1042,order_47072,captured,{}
pay_031f1e779826,pay_031f1e779826,merch_1d7b999b,41890.05,INR,2026-01-19T21:31:00,cust_3434,order_68529,captured,{}
pay_5970690860b8,pay_5970690860b8,merch_1d7b999b,17321.68,INR,2026-01-18T17:24:00,cust_8460,order_52176,captured,{}
pay_d46b5d855a68,pay_d46b5d855a68,merch_1d7b999b,49040.65,INR,2026-01-08T18:24:00,cust_4826,order_63841,captured,{}
pay_3b9f5313c43f,pay_3b9f5313c43f,merch_1d7b999b,37260.79,INR,2026-01-23T12:24:00,cust_3492,order_74923,captured,{}
pay_3f114fc7c068,pay_3f114fc7c068,merch_1d7b999b,6399.69,INR,2026-01-31T18:21:00,cust_2644,order_67711,captured,{}
pay_f62ab2977159,pay_f62ab2977159,merch_1d7b999b,45531.04,INR,2026-01-01T23:09:00,cust_7717,order_95823,captured,{}
pay_c5c7032f76ef,pay_c5c7032f76ef,merch_1d7b999b,3833.93,INR,2026-01-26T08:21:00,cust_7512,order_95175,captured,{}
pay_5ed46ef3c39d,pay_5ed46ef3c39d,merch_1d7b999b,16495.42,INR,2026-01-22T17:24:00,cust_6188,order_92155,captured,{}
pay_f7c42e078ff9,pay_f7c42e078ff9,merch_1d7b999b,37994.15,INR,2026-01-28T17:02:00,cust_2121,order_40771,captured,{}
pay_f5c097859478,pay_f5c097859478,merch_1d7b999b,46054.36,INR,2026-01-08T23:05:00,cust_8110,order_22903,captured,{}
pay_e845876c32d9,pay_e845876c32d9,merch_1d7b999b,35224.15,INR,2026-01-04T14:10:00,cust_5906,order_13794,captured,{}
pay_c51f476628c1,pay_c51f476628c1,merch_1d7b999b,39827.56,INR,2026-01-10T11:23:00,cust_8056,order_29080,captured,{}
pay_0f787f1754b4,pay_0f787f1754b4,merch_1d7b999b,20661.38,INR,2026-01-22T05:10:00,cust_3868,order_20350,captured,{}
pay_40dc18d21d5b,pay_40dc18d21d5b,merch_1d7b999b,19188.96,INR,2026-01-22T07:31:00,cust_3344,order_40433,captured,{}
pay_5d9c2cce5ff0,pay_5d9c2cce5ff0,merch_1d7b999b,12773.47,INR,2026-01-09T21:00:00,cust_8622,order_47700,captured,{}
pay_07d61afe078f,pay_07d61afe078f,merch_1d7b999b,7982.98,INR,2026-01-15T11:37:00,cust_5901,order_93746,captured,{}
pay_5442b4c7ff74,pay_5442b4c7ff74,merch_1d7b999b,34546.64,INR,2026-01-15T09:12:00,cust_7302,order_73335,captured,{}
pay_5eb28c6173df,pay_5eb28c6173df,merch_1d7b999b,19130.08,INR,2026-01-12T18:18:00,cust_5837,order_12875,captured,{}
pay_cdda0821e60a,pay_cdda0821e60a,merch_1d7b999b,32945.67,INR,2026-01-09T00:36:00,cust_1803,order_89482,captured,{}
pay_0bca19334090,pay_0bca19334090,merch_1d7b999b,41658.66,INR,2026-01-29T09:49:00,cust_4770,order_89569,captured,{}
pay_bbdb74608c4d,pay_bbdb74608c4d,merch_1d7b999b,11028.33,INR,2026-01-07T19:16:00,cust_3240,order_92345,captured,{}
pay_71a38b3d604b,pay_71a38b3d604b,merch_1d7b999b,31410.16,INR,2026-01-02T09:50:00,cust_8222,order_14373,captured,{}
pay_70dc777705d2,pay_70dc777705d2,merch_1d7b999b,36644.75,INR,2026-01-03T09:20:00,cust_7807,order_33021,captured,{}
pay_0774a405d7cb,pay_0774a405d7cb,merch_1d7b999b,39346.99,INR,2026-01-29T11:33:00,cust_9221,order_45720,captured,{}
pay_b0c6af5d7d80,pay_b0c6af5d7d80,merch_1d7b999b,12922.81,INR,2026-01-27T15:51:00,cust_5835,order_54396,captured,{}
pay_576d7098f7f3,pay_576d7098f7f3,merch_1d7b999b,23469.74,INR,2026-01-03T04:48:00,cust_4696,order_98647,captured,{}
pay_2f66bd19ba64,pay_2f66bd19ba64,merch_1d7b999b,48999.12,INR,2026-01-31T17:23:00,cust_2479,order_61717,captured,{}
pay_a3b0736e27ee,pay_a3b0736e27ee,merch_1d7b999b,26874.96,INR,2026-01-15T11:43:00,cust_5295,order_86619,captured,{}
pay_581dab27f9b3,pay_581dab27f9b3,merch_1d7b999b,31963.61,INR,2026-01-12T03:43:00,cust_4830,order_71797,captured,{}
pay_7ab91374b8d4,pay_7ab91374b8d4,merch_1d7b999b,44223.32,INR,2026-01-18T10:58:00,cust_4626,order_94889,captured,{}
pay_ef3b57720f79,pay_ef3b57720f79,merch_1d7b999b,41210.38,INR,2026-01-30T22:19:00,cust_7689,order_25292,captured,{}
pay_9d8d2ec716c4,pay_9d8d2ec716c4,merch_1d7b999b,47318.45,INR,2026-01-10T15:07:00,cust_2592,order_40775,captured,{}
pay_ba4b56f15737,pay_ba4b56f15737,merch_1d7b999b,6869.64,INR,2026-01-15T11:42:00,cust_9850,order_64935,captured,{}
pay_bd49dba8614f,pay_bd49dba8614f,merch_1d7b999b,36357.3,INR,2026-01-29T13:41:00,cust_2622,order_74139,captured,{}
pay_6fbe88a7f46c,pay_6fbe88a7f46c,merch_1d7b999b,46958.75,INR,2026-01-09T01:44:00,cust_7070,order_38477,captured,{}
pay_64c8c53d1cc3,pay_64c8c53d1cc3,merch_1d7b999b,47532.7,INR,2026-01-28T11:06:00,cust_7018,order_81364,captured,{}
pay_0a6f4f990729,pay_0a6f4f990729,merch_1d7b999b,32276.86,INR,2026-01-02T12:17:00,cust_4109,order_26011,captured,{}
pay_1fd90dda980f,pay_1fd90dda980f,merch_1d7b999b,41227.13,INR,2026-01-03T21:13:00,cust_1349,order_16629,captured,{}
pay_f73997792880,pay_f73997792880,merch_1d7b999b,12254.09,INR,2026-01-05T18:13:00,cust_2124,order_82641,captured,{}
pay_bec7c289b336,pay_bec7c289b336,merch_1d7b999b,10875.97,INR,2026-01-28T07:21:00,cust_3417,order_88116,captured,{}
pay_4ee6c3757aa8,pay_4ee6c3757aa8,merch_1d7b999b,42934.47,INR,2026-01-05T04:34:00,cust_5106,order_32871,captured,{}
pay_f55d1d2c74cb,pay_f55d1d2c74cb,merch_1d7b999b,43335.75,INR,2026-01-05T00:22:00,cust_4898,order_87182,captured,{}
pay_a7d1985087d9,pay_a7d1985087d9,merch_1d7b999b,8794.89,INR,2026-01-02T04:47:00,cust_7897,order_78955,captured,{}
pay_499131c0876b,pay_499131c0876b,merch_1d7b999b,3271.55,INR,2026-01-15T11:32:00,cust_2786,order_69245,captured,{}
pay_8759e04e144c,pay_8759e04e144c,merch_1d7b999b,47276.24,INR,2026-01-02T23:50:00,cust_9543,order_49535,captured,{}
pay_7ca008804ac6,pay_7ca008804ac6,merch_1d7b999b,48204.91,INR,2026-01-02T15:54:00,cust_7580,order_65872,captured,{}
pay_6e18fbe1983e,pay_6e18fbe1983e,merch_1d7b999b,24564.42,INR,2026-01-30T14:04:00,cust_2323,order_52219,captured,{}
pay_f9e5bd5940fc,pay_f9e5bd5940fc,merch_1d7b999b,3377.54,INR,2026-01-09T19:40:00,cust_9984,order_52622,captured,{}
pay_9bad84ea56f4,pay_9bad84ea56f4,merch_1d7b999b,29909.85,INR,2026-01-10T14:32:00,cust_8048,order_22999,captured,{}
pay_fdde06bf105d,pay_fdde06bf105d,merch_1d7b999b,5809.26,INR,2026-01-21T20:56:00,cust_4522,order_66370,captured,{}
pay_a33a296d7409,pay_a33a296d7409,merch_1d7b999b,11501.83,INR,2026-01-11T14:25:00,cust_7815,order_22463,captured,{}
pay_d2cb366a0c6a,pay_d2cb366a0c6a,merch_1d7b999b,15694.93,INR,2026-01-09T11:09:00,cust_8770,order_18799,captured,{}
pay_af0d9b3c2b3a,pay_af0d9b3c2b3a,merch_1d7b999b,4359.68,INR,2026-01-14T03:47:00,cust_7105,order_27054,captured,{}
pay_787da72c5c57,pay_787da72c5c57,merch_1d7b999b,29364.61,INR,2026-01-18T17:21:00,cust_3002,order_63845,captured,{}
pay_18291ff906be,pay_18291ff906be,merch_1d7b999b,33300.49,INR,2026-01-25T13:55:00,cust_1842,order_47700,captured,{}
pay_cbf4832df579,pay_cbf4832df579,merch_1d7b999b,17647.14,INR,2026-01-19T16:13:00,cust_3535,order_96079,captured,{}
pay_a2a12721270b,pay_a2a12721270b,merch_1d7b999b,42379.01,INR,2026-01-12T17:23:00,cust_2882,order_46512,captured,{}
pay_bdb2f387f573,pay_bdb2f387f573,merch_1d7b999b,40380.35,INR,2026-01-28T17:49:00,cust_1430,order_89822,captured,{}
pay_d80ea44a54e9,pay_d80ea44a54e9,merch_1d7b999b,41490.09,INR,2026-01-09T00:11:00,cust_5477,order_50499,captured,{}
pay_0aa5472e00d7,pay_0aa5472e00d7,merch_1d7b999b,17616.07,INR,2026-01-06T04:36:00,cust_7566,order_19120,captured,{}
pay_1d5c4098313b,pay_1d5c4098313b,merch_1d7b999b,31695.28,INR,2026-01-01T02:47:00,cust_9691,order_38197,captured,{}
pay_736ffc3e7c97,pay_736ffc3e7c97,merch_1d7b999b,22736.92,INR,2026-01-06T11:19:00,cust_6314,order_84395,captured,{}
pay_a5e5d99235da,pay_a5e5d99235da,merch_1d7b999b,44178.78,INR,2026-01-05T05:48:00,cust_1815,order_98338,captured,{}
pay_5eefb550053e,pay_5eefb550053e,merch_1d7b999b,22211.34,INR,2026-01-14T15:38:00,cust_8242,order_64287,captured,{}
pay_9da990102a85,pay_9da990102a85,merch_1d7b999b,37771.66,INR,2026-01-04T11:27:00,cust_2816,order_47125,captured,{}
pay_9d95057803ec,pay_9d95057803ec,merch_1d7b999b,29697.4,INR,2026-01-17T21:19:00,cust_1744,order_38903,captured,{}
pay_b489ff2c6b4c,pay_b489ff2c6b4c,merch_1d7b999b,30006.32,INR,2026-01-01T06:19:00,cust_4460,order_27987,captured,{}
pay_4ea4d98b65ac,pay_4ea4d98b65ac,merch_1d7b999b,14543.41,INR,2026-01-04T00:31:00,cust_8055,order_33028,captured,{}
pay_f2d07e65e650,pay_f2d07e65e650,merch_1d7b999b,26675.86,INR,2026-01-08T16:35:00,cust_6802,order_19447,captured,{}
pay_337938ed93e1,pay_337938ed93e1,merch_1d7b999b,37127.86,INR,2026-01-14T00:29:00,cust_2275,order_51033,captured,{}
pay_56e88d01bd62,pay_56e88d01bd62,merch_1d7b999b,28712.64,INR,2026-01-23T20:26:00,cust_5743,order_25096,captured,{}
pay_81017e768a70,pay_81017e768a70,merch_1d7b999b,48313.36,INR,2026-01-06T19:29:00,cust_6928,order_21551,captured,{}
pay_96e33f4db629,pay_96e33f4db629,merch_1d7b999b,5382.57,INR,2026-01-14T18:25:00,cust_9584,order_20308,captured,{}
pay_f3befbc12af0,pay_f3befbc12af0,merch_1d7b999b,15582.7,INR,2026-01-11T07:21:00,cust_3754,order_20011,captured,{}
pay_e4b09a2d7641,pay_e4b09a2d7641,merch_1d7b999b,5789.93,INR,2026-01-17T06:57:00,cust_6724,order_56019,captured,{}
pay_0b20b4de844d,pay_0b20b4de844d,merch_1d7b999b,40965.54,INR,2026-01-27T04:15:00,cust_2684,order_29194,captured,{}
pay_6ccbf8791a10,pay_6ccbf8791a10,merch_1d7b999b,8757.6,INR,2026-01-05T20:04:00,cust_3902,order_92306,captured,{}
pay_cd8f4d6fb51e,pay_cd8f4d6fb51e,merch_1d7b999b,37746.85,INR,2026-01-25T18:28:00,cust_6295,order_92210,captured,{}
pay_3ee46400db7b,pay_3ee46400db7b,merch_1d7b999b,22044.16,INR,2026-01-16T14:40:00,cust_5961,order_46002,captured,{}
pay_65ee227e85a7,pay_65ee227e85a7,merch_1d7b999b,17661.92,INR,2026-01-03T09:29:00,cust_8404,order_14929,captured,{}
pay_80eaa25d1e45,pay_80eaa25d1e45,merch_1d7b999b,41601.66,INR,2026-01-03T20:55:00,cust_2479,order_90610,captured,{}
pay_8256410c0add,pay_8256410c0add,merch_1d7b999b,19285.68,INR,2026-01-19T17:50:00,cust_1672,order_68947,captured,{}
pay_311d00cff77c,pay_311d00cff77c,merch_1d7b999b,28625.67,INR,2026-01-07T10:38:00,cust_8792,order_75715,captured,{}
pay_33ae18fb2c37,pay_33ae18fb2c37,merch_1d7b999b,3187.5,INR,2026-01-04T10:45:00,cust_2381,order_76132,captured,{}
pay_e94740ba545a,pay_e94740ba545a,merch_1d7b999b,2053.19,INR,2026-01-23T14:28:00,cust_9586,order_78517,captured,{}
pay_0e288fff4a86,pay_0e288fff4a86,merch_1d7b999b,18258.51,INR,2026-01-30T09:24:00,cust_7697,order_54350,captured,{}
pay_1da137c81cd0,pay_1da137c81cd0,merch_1d7b999b,2713.04,INR,2026-01-21T20:21:00,cust_2079,order_53213,captured,{}
pay_89e852977236,pay_89e852977236,merch_1d7b999b,33951.13,INR,2026-01-10T08:46:00,cust_3463,order_53694,captured,{}
pay_3993865545a5,pay_3993865545a5,merch_1d7b999b,33214.24,INR,2026-01-30T11:19:00,cust_7421,order_26901,captured,{}
pay_fe1ecc7e0372,pay_fe1ecc7e0372,merch_1d7b999b,46906.31,INR,2026-01-10T17:24:00,cust_6381,order_26750,captured,{}
pay_76789dccd722,pay_76789dccd722,merch_1d7b999b,41465.05,INR,2026-01-24T21:58:00,cust_9624,order_22249,captured,{}
pay_c21c8593fdc0,pay_c21c8593fdc0,merch_1d7b999b,21227.98,INR,2026-01-12T00:23:00,cust_6060,order_33627,captured,{}
pay_0f6568f7e50b,pay_0f6568f7e50b,merch_1d7b999b,17152.44,INR,2026-01-25T15:12:00,cust_4711,order_28030,captured,{}
pay_99d951e541b7,pay_99d951e541b7,merch_1d7b999b,14860.03,INR,2026-01-26T03:32:00,cust_9843,order_79013,captured,{}
pay_1b395c8434e1,pay_1b395c8434e1,merch_1d7b999b,16904.54,INR,2026-01-25T19:08:00,cust_7172,order_30218,captured,{}
pay_10040126c429,pay_10040126c429,merch_1d7b999b,41584.12,INR,2026-01-25T19:51:00,cust_3712,order_67366,captured,{}
pay_9087a1b5c787,pay_9087a1b5c787,merch_1d7b999b,18278.54,INR,2026-01-24T07:28:00,cust_5668,order_68841,captured,{}
pay_3919778d4982,pay_3919778d4982,merch_1d7b999b,12034.51,INR,2026-01-31T15:57:00,cust_4178,order_58213,captured,{}
pay_ec7f1ddbf6b1,pay_ec7f1ddbf6b1,merch_1d7b999b,28563.93,INR,2026-01-15T14:49:00,cust_5616,order_60052,captured,{}
pay_6038cef54da5,pay_6038cef54da5,merch_1d7b999b,20991.18,INR,2026-01-06T06:51:00,cust_3267,order_42768,captured,{}
pay_2730a1da8bd7,pay_2730a1da8bd7,merch_1d7b999b,24081.47,INR,2026-01-12T17:59:00,cust_2680,order_77621,captured,{}
pay_05a9e80fcbf8,pay_05a9e80fcbf8,merch_1d7b999b,14324.64,INR,2026-01-25T05:17:00,cust_8361,order_77286,captured,{}
pay_683e3dc7de71,pay_683e3dc7de71,merch_1d7b999b,21929.88,INR,2026-01-31T07:52:00,cust_8391,order_55820,captured,{}
pay_df2f23d44354,pay_df2f23d44354,merch_1d7b999b,20803.36,INR,2026-01-13T16:23:00,cust_4862,order_60615,captured,{}
pay_dfa4c471ea7c,pay_dfa4c471ea7c,merch_1d7b999b,18808.14,INR,2026-01-01T10:59:00,cust_2623,order_95191,captured,{}
pay_a9d54f34e462,pay_a9d54f34e462,merch_1d7b999b,7387.86,INR,2026-01-02T09:58:00,cust_8740,order_28191,captured,{}
pay_4c28a0108595,pay_4c28a0108595,merch_1d7b999b,23508.6,INR,2026-01-20T00:57:00,cust_2298,order_12490,captured,{}
pay_9e276c3bfd74,pay_9e276c3bfd74,merch_1d7b999b,41764.66,INR,2026-01-18T23:38:00,cust_9647,order_65476,captured,{}
pay_bcdaef4d5dab,pay_bcdaef4d5dab,merch_1d7b999b,14476.27,INR,2026-01-10T03:03:00,cust_4906,order_65027,captured,{}
pay_7a28e6a93c2f,pay_7a28e6a93c2f,merch_1d7b999b,31178.25,INR,2026-01-03T03:53:00,cust_9189,order_88215,captured,{}
pay_2218a6d41304,pay_2218a6d41304,merch_1d7b999b,31634.55,INR,2026-01-19T07:45:00,cust_3352,order_48177,captured,{}
pay_dbfb0a9a3872,pay_dbfb0a9a3872,merch_1d7b999b,30779.0,INR,2026-01-08T18:26:00,cust_4068,order_97080,captured,{}
pay_fb4fca32aa63,pay_fb4fca32aa63,merch_1d7b999b,26221.88,INR,2026-01-12T02:33:00,cust_9914,order_76496,captured,{}
pay_e4db0726c51c,pay_e4db0726c51c,merch_1d7b999b,25430.37,INR,2026-01-01T12:55:00,cust_8702,order_15706,captured,{}
pay_32b1494e5cc5,pay_32b1494e5cc5,merch_1d7b999b,49053.87,INR,2026-01-09T23:01:00,cust_6850,order_18855,captured,{}
pay_14cb4cd0d662,pay_14cb4cd0d662,merch_1d7b999b,36673.76,INR,2026-01-21T03:49:00,cust_6447,order_27486,captured,{}
pay_4b84c461ab6b,pay_4b84c461ab6b,merch_1d7b999b,27346.09,INR,2026-01-27T20:11:00,cust_8612,order_72722,captured,{}
pay_bd39498e092b,pay_bd39498e092b,merch_1d7b999b,40593.73,INR,2026-01-03T22:49:00,cust_8498,order_14847,captured,{}
pay_99973f0f362d,pay_99973f0f362d,merch_1d7b999b,2285.93,INR,2026-01-07T01:20:00,cust_6080,order_77552,captured,{}
pay_fa06a33e31be,pay_fa06a33e31be,merch_1d7b999b,40788.76,INR,2026-01-16T08:02:00,cust_4131,order_47501,captured,{}
pay_e1a4ecdabfbc,pay_e1a4ecdabfbc,merch_1d7b999b,39063.99,INR,2026-01-28T20:21:00,cust_5476,order_26315,captured,{}
pay_e024e83527d6,pay_e024e83527d6,merch_1d7b999b,21903.87,INR,2026-01-13T23:28:00,cust_7334,order_54438,captured,{}
pay_b0a391fca18d,pay_b0a391fca18d,merch_1d7b999b,24860.54,INR,2026-01-16T11:59:00,cust_9507,order_44959,captured,{}
pay_029635b398fc,pay_029635b398fc,merch_1d7b999b,36381.36,INR,2026-01-03T13:38:00,cust_3956,order_81496,captured,{}
pay_8fba314b4307,pay_8fba314b4307,merch_1d7b999b,5219.64,INR,2026-01-11T21:18:00,cust_6021,order_68447,captured,{}
pay_6ffbbd5b06a4,pay_6ffbbd5b06a4,merch_1d7b999b,21363.19,INR,2026-01-23T14:22:00,cust_8325,order_15551,captured,{}
pay_2b2ee3296ec1,pay_2b2ee3296ec1,merch_1d7b999b,45589.2,INR,2026-01-20T13:17:00,cust_1939,order_19835,captured,{}
pay_efca6eda8f1c,pay_efca6eda8f1c,merch_1d7b999b,20369.89,INR,2026-01-17T23:43:00,cust_3621,order_14081,captured,{}
pay_f2f0042716f6,pay_f2f0042716f6,merch_1d7b999b,30417.89,INR,2026-01-26T14:02:00,cust_3068,order_18812,captured,{}
pay_1ca89828d299,pay_1ca89828d299,merch_1d7b999b,32293.63,INR,2026-01-12T12:36:00,cust_1530,order_89310,captured,{}
pay_b1bcbb39d708,pay_b1bcbb39d708,merch_1d7b999b,22551.14,INR,2026-01-12T11:28:00,cust_2259,order_85225,captured,{}
pay_4091a6a7ca8c,pay_4091a6a7ca8c,merch_1d7b999b,18410.8,INR,2026-01-11T20:17:00,cust_5089,order_24869,captured,{}
pay_10fe274ec197,pay_10fe274ec197,merch_1d7b999b,9383.8,INR,2026-01-17T12:58:00,cust_2929,order_44311,captured,{}
pay_86827276873c,pay_86827276873c,merch_1d7b999b,35231.49,INR,2026-01-07T19:18:00,cust_9047,order_36237,captured,{}
pay_73c5ddd990b9,pay_73c5ddd990b9,merch_1d7b999b,42656.03,INR,2026-01-15T05:57:00,cust_8292,order_21506,captured,{}
pay_f7296ce16013,pay_f7296ce16013,merch_1d7b999b,48381.31,INR,2026-01-11T21:22:00,cust_2063,order_82089,captured,{}
pay_73799fe43205,pay_73799fe43205,merch_1d7b999b,44577.45,INR,2026-01-28T05:45:00,cust_3852,order_57381,captured,{}
pay_157868b7afea,pay_157868b7afea,merch_1d7b999b,6155.99,INR,2026-01-07T04:15:00,cust_9094,order_13445,captured,{}
pay_ce3f133e36fa,pay_ce3f133e36fa,merch_1d7b999b,28656.64,INR,2026-01-15T17:08:00,cust_2412,order_18617,captured,{}
pay_a72346635967,pay_a72346635967,merch_1d7b999b,49979.79,INR,2026-01-24T15:33:00,cust_7730,order_63665,captured,{}
pay_56c3b6f0430d,pay_56c3b6f0430d,merch_1d7b999b,3780.16,INR,2026-01-11T20:04:00,cust_8372,order_71057,captured,{}
pay_e79a07964af6,pay_e79a07964af6,merch_1d7b999b,17291.29,INR,2026-01-29T17:40:00,cust_3981,order_26912,captured,{}
pay_80e84a4ee6fa,pay_80e84a4ee6fa,merch_1d7b999b,45544.54,INR,2026-01-02T03:33:00,cust_3507,order_49862,captured,{}
pay_d1068a3289c9,pay_d1068a3289c9,merch_1d7b999b,16200.77,INR,2026-01-23T07:22:00,cust_9501,order_47230,captured,{}
pay_fbacb5a9652e,pay_fbacb5a9652e,merch_1d7b999b,12605.2,INR,2026-01-21T17:17:00,cust_3050,order_91922,captured,{}
pay_d7d7b381b240,pay_d7d7b381b240,merch_1d7b999b,26720.55,INR,2026-01-17T20:10:00,cust_3526,order_32439,captured,{}
pay_0e247983a901,pay_0e247983a901,merch_1d7b999b,36059.58,INR,2026-01-20T10:53:00,cust_1674,order_13718,captured,{}
pay_d34eefd1bdd4,pay_d34eefd1bdd4,merch_1d7b999b,47432.49,INR,2026-01-25T18:16:00,cust_4453,order_84991,captured,{}
pay_f6356274bd71,pay_f6356274bd71,merch_1d7b999b,31985.66,INR,2026-01-16T20:34:00,cust_5745,order_94136,captured,{}
pay_a6ec9a65bf09,pay_a6ec9a65bf09,merch_1d7b999b,24198.95,INR,2026-01-26T21:25:00,cust_5873,order_69446,captured,{}
pay_704eb607fc09,pay_704eb607fc09,merch_1d7b999b,3089.66,INR,2026-01-15T13:30:00,cust_8609,order_36741,captured,{}
pay_e90711788602,pay_e90711788602,merch_1d7b999b,7269.07,INR,2026-01-28T22:20:00,cust_6658,order_62260,captured,{}
pay_8aabdc325e6b,pay_8aabdc325e6b,merch_1d7b999b,18589.96,INR,2026-01-18T03:20:00,cust_4960,order_71141,captured,{}
pay_ab7bc277e247,pay_ab7bc277e247,merch_1d7b999b,22534.84,INR,2026-01-05T03:03:00,cust_5754,order_60351,captured,{}
pay_5b835e24ebc9,pay_5b835e24ebc9,merch_1d7b999b,20964.92,INR,2026-01-31T05:52:00,cust_6364,order_85718,captured,{}
pay_270e8a1a1ee6,pay_270e8a1a1ee6,merch_1d7b999b,9572.72,INR,2026-01-06T15:32:00,cust_8648,order_75373,captured,{}
pay_9109cdb563e6,pay_9109cdb563e6,merch_1d7b999b,24918.78,INR,2026-01-03T12:32:00,cust_8491,order_41552,captured,{}
pay_8938945c94df,pay_8938945c94df,merch_1d7b999b,17709.46,INR,2026-01-02T09:31:00,cust_8710,order_47453,captured,{}
pay_263e09bb0130,pay_263e09bb0130,merch_1d7b999b,42373.9,INR,2026-01-14T04:56:00,cust_5333,order_57943,captured,{}
pay_6df485030f09,pay_6df485030f09,merch_1d7b999b,18360.27,INR,2026-01-13T01:36:00,cust_4189,order_57516,captured,{}
pay_2e82b72404bd,pay_2e82b72404bd,merch_1d7b999b,3769.23,INR,2026-01-17T14:48:00,cust_5582,order_91689,captured,{}
pay_d7cce9c72c98,pay_d7cce9c72c98,merch_1d7b999b,6028.67,INR,2026-01-04T12:23:00,cust_6555,order_83116,captured,{}
pay_d4594c4b2356,pay_d4594c4b2356,merch_1d7b999b,37772.76,INR,2026-01-07T19:32:00,cust_7576,order_75546,captured,{}
pay_fde88d12e09d,pay_fde88d12e09d,merch_1d7b999b,2041.81,INR,2026-01-23T10:51:00,cust_8761,order_78069,captured,{}
pay_208380f4504c,pay_208380f4504c,merch_1d7b999b,30352.4,INR,2026-01-17T04:20:00,cust_6218,order_31299,captured,{}
pay_00643b594d96,pay_00643b594d96,merch_1d7b999b,30863.37,INR,2026-01-27T09:37:00,cust_6511,order_76494,captured,{}
pay_d93dd929e927,pay_d93dd929e927,merch_1d7b999b,26663.76,INR,2026-01-23T18:19:00,cust_8780,order_12180,captured,{}
pay_e37dd9983f20,pay_e37dd9983f20,merch_1d7b999b,33722.94,INR,2026-01-14T18:19:00,cust_1436,order_88238,captured,{}
pay_4953edde38da,pay_4953edde38da,merch_1d7b999b,48356.83,INR,2026-01-26T18:36:00,cust_4728,order_16731,captured,{}
pay_951c11f0b7ef,pay_951c11f0b7ef,merch_1d7b999b,8608.55,INR,2026-01-21T23:39:00,cust_7229,order_29369,captured,{}
pay_34bf1fb69bd2,pay_34bf1fb69bd2,merch_1d7b999b,12185.61,INR,2026-01-19T22:07:00,cust_4125,order_12482,captured,{}
pay_6130ed14a779,pay_6130ed14a779,merch_1d7b999b,20997.14,INR,2026-01-14T22:13:00,cust_7723,order_75774,captured,{}
pay_46619de4b5fe,pay_46619de4b5fe,merch_1d7b999b,46034.0,INR,2026-01-28T23:46:00,cust_2020,order_28098,captured,{}
pay_61f175a71982,pay_61f175a71982,merch_1d7b999b,28088.25,INR,2026-01-22T15:33:00,cust_7173,order_51124,captured,{}
pay_409357a73571,pay_409357a73571,merch_1d7b999b,23037.21,INR,2026-01-18T10:34:00,cust_6804,order_98587,captured,{}
pay_380f90d90cb6,pay_380f90d90cb6,merch_1d7b999b,36074.14,INR,2026-01-21T22:16:00,cust_8932,order_35200,captured,{}
pay_7fa10acb58d5,pay_7fa10acb58d5,merch_1d7b999b,14022.42,INR,2026-01-10T07:19:00,cust_5735,order_37168,captured,{}
pay_4710934e3fb4,pay_4710934e3fb4,merch_1d7b999b,24501.25,INR,2026-01-16T11:35:00,cust_5480,order_47721,captured,{}
pay_409034d1fc07,pay_409034d1fc07,merch_1d7b999b,33863.45,INR,2026-01-13T12:52:00,cust_6654,order_29198,captured,{}
pay_e08d9d628dfe,pay_e08d9d628dfe,merch_1d7b999b,14452.75,INR,2026-01-23T02:22:00,cust_8247,order_95979,captured,{}
pay_3783c10de80d,pay_3783c10de80d,merch_1d7b999b,24006.06,INR,2026-01-07T17:17:00,cust_5450,order_27992,captured,{}
pay_a8cfc733c962,pay_a8cfc733c962,merch_1d7b999b,37070.46,INR,2026-01-08T07:03:00,cust_9700,order_39579,captured,{}
pay_eea1e498a4b0,pay_eea1e498a4b0,merch_1d7b999b,2719.31,INR,2026-01-14T10:45:00,cust_8739,order_23178,captured,{}
pay_e0b8ba355107,pay_e0b8ba355107,merch_1d7b999b,6959.61,INR,2026-01-31T17:59:00,cust_3587,order_63334,captured,{}
pay_756d92a6f652,pay_756d92a6f652,merch_1d7b999b,44044.31,INR,2026-01-16T15:41:00,cust_4267,order_47649,captured,{}
pay_8a27a1111d25,pay_8a27a1111d25,merch_1d7b999b,32330.31,INR,2026-01-30T02:41:00,cust_4804,order_80143,captured,{}
pay_2dedda436649,pay_2dedda436649,merch_1d7b999b,42531.62,INR,2026-01-02T05:26:00,cust_3880,order_14763,captured,{}
pay_83743c24e767,pay_83743c24e767,merch_1d7b999b,19910.03,INR,2026-01-16T05:59:00,cust_5742,order_14910,captured,{}
pay_1af800fde5a9,pay_1af800fde5a9,merch_1d7b999b,28441.3,INR,2026-01-04T10:18:00,cust_8444,order_94058,captured,{}
pay_8dc4391c55a6,pay_8dc4391c55a6,merch_1d7b999b,24746.23,INR,2026-01-31T04:54:00,cust_9261,order_71344,captured,{}
pay_f13e005a30ea,pay_f13e005a30ea,merch_1d7b999b,40459.81,INR,2026-01-11T05:46:00,cust_8518,order_94972,captured,{}
pay_5fa36e705b18,pay_5fa36e705b18,merch_1d7b999b,9391.33,INR,2026-01-24T10:50:00,cust_5833,order_84420,captured,{}
pay_d9ad2a2f4a3a,pay_d9ad2a2f4a3a,merch_1d7b999b,9738.75,INR,2026-01-20T20:57:00,cust_7643,order_66059,captured,{}
pay_a025dcb5791a,pay_a025dcb5791a,merch_1d7b999b,4428.21,INR,2026-01-22T03:11:00,cust_3303,order_72580,captured,{}
pay_a5fff6898024,pay_a5fff6898024,merch_1d7b999b,12477.55,INR,2026-01-09T12:15:00,cust_8319,order_44995,captured,{}
pay_773b86204553,pay_773b86204553,merch_1d7b999b,15167.1,INR,2026-01-24T18:00:00,cust_5285,order_95679,captured,{}
pay_6a2ec40e37d9,pay_6a2ec40e37d9,merch_1d7b999b,11891.5,INR,2026-01-22T03:29:00,cust_6026,order_30934,captured,{}
pay_de809202d9a4,pay_de809202d9a4,merch_1d7b999b,25175.77,INR,2026-01-29T22:49:00,cust_6095,order_25389,captured,{}
pay_c4a558a16cad,pay_c4a558a16cad,merch_1d7b999b,47037.72,INR,2026-01-12T19:14:00,cust_4590,order_27507,captured,{}
pay_81f37aa455f7,pay_81f37aa455f7,merch_1d7b999b,22803.44,INR,2026-01-20T11:26:00,cust_9998,order_71712,captured,{}
pay_62145874764f,pay_62145874764f,merch_1d7b999b,40119.55,INR,2026-01-27T06:48:00,cust_5054,order_99173,captured,{}
pay_42224a4610e7,pay_42224a4610e7,merch_1d7b999b,43669.44,INR,2026-01-03T16:28:00,cust_9653,order_57419,captured,{}
pay_88c5848bd822,pay_88c5848bd822,merch_1d7b999b,28252.02,INR,2026-01-02T17:57:00,cust_9281,order_36497,captured,{}
pay_05ae692d0a48,pay_05ae692d0a48,merch_1d7b999b,7577.63,INR,2026-01-11T16:28:00,cust_2904,order_99167,captured,{}
pay_81e4956472a4,pay_81e4956472a4,merch_1d7b999b,29199.07,INR,2026-01-03T16:28:00,cust_1911,order_69432,captured,{}
pay_f25361c27de7,pay_f25361c27de7,merch_1d7b999b,20829.69,INR,2026-01-19T01:35:00,cust_8575,order_98181,captured,{}
pay_4192362a5e08,pay_4192362a5e08,merch_1d7b999b,36191.68,INR,2026-01-13T08:52:00,cust_1049,order_38560,captured,{}
pay_2d9313cfda6f,pay_2d9313cfda6f,merch_1d7b999b,2359.96,INR,2026-01-12T22:04:00,cust_9866,order_17897,captured,{}
pay_dd757911a8c4,pay_dd757911a8c4,merch_1d7b999b,3544.06,INR,2026-01-30T15:02:00,cust_5703,order_63591,captured,{}
pay_fa6ef2a8ac35,pay_fa6ef2a8ac35,merch_1d7b999b,6857.9,INR,2026-01-21T23:41:00,cust_7887,order_59081,captured,{}
pay_92f590f908ee,pay_92f590f908ee,merch_1d7b999b,19185.73,INR,2026-01-28T12:24:00,cust_2314,order_99486,captured,{}
pay_3f03411ee59f,pay_3f03411ee59f,merch_1d7b999b,43740.23,INR,2026-01-05T20:55:00,cust_6697,order_25549,captured,{}
pay_3562d7166b4a,pay_3562d7166b4a,merch_1d7b999b,26909.2,INR,2026-01-17T04:46:00,cust_4648,order_10455,captured,{}
pay_f7b81964b8a6,pay_f7b81964b8a6,merch_1d7b999b,48926.69,INR,2026-01-15T21:46:00,cust_9920,order_65591,captured,{}
pay_7f058fac86c9,pay_7f058fac86c9,merch_1d7b999b,41185.69,INR,2026-01-08T14:22:00,cust_3541,order_46129,captured,{}
pay_4c216aece382,pay_4c216aece382,merch_1d7b999b,43772.89,INR,2026-01-25T03:02:00,cust_7868,order_90599,captured,{}
pay_0b1a1bf115e9,pay_0b1a1bf115e9,merch_1d7b999b,44199.46,INR,2026-01-01T07:13:00,cust_2102,order_23224,captured,{}
pay_3cd1160cd6bc,pay_3cd1160cd6bc,merch_1d7b999b,22377.41,INR,2026-01-22T22:55:00,cust_1797,order_42077,captured,{}
pay_36291fda342e,pay_36291fda342e,merch_1d7b999b,20173.04,INR,2026-01-08T17:13:00,cust_1924,order_28367,captured,{}
pay_7f937e00ec66,pay_7f937e00ec66,merch_1d7b999b,14534.25,INR,2026-01-27T23:36:00,cust_6224,order_85690,captured,{}
pay_78630abacce6,pay_78630abacce6,merch_1d7b999b,33659.34,INR,2026-01-11T07:19:00,cust_3347,order_96535,captured,{}
pay_3e09675e41e9,pay_3e09675e41e9,merch_1d7b999b,20736.65,INR,2026-01-09T01:35:00,cust_3869,order_92050,captured,{}
pay_9cd35ec26eae,pay_9cd35ec26eae,merch_1d7b999b,27836.95,INR,2026-01-02T11:41:00,cust_7244,order_78742,captured,{}
pay_6a594d21d527,pay_6a594d21d527,merch_1d7b999b,20874.6,INR,2026-01-05T09:24:00,cust_4012,order_80507,captured,{}
pay_ecd6a7d17788,pay_ecd6a7d17788,merch_1d7b999b,42482.11,INR,2026-01-10T22:09:00,cust_8586,order_17552,captured,{}
pay_ea5353d5262b,pay_ea5353d5262b,merch_1d7b999b,48392.53,INR,2026-01-18T16:08:00,cust_7363,order_41831,captured,{}
pay_e3466a5a5906,pay_e3466a5a5906,merch_1d7b999b,16580.12,INR,2026-01-03T14:54:00,cust_7079,order_22119,captured,{}
pay_eb5f5da8a4b5,pay_eb5f5da8a4b5,merch_1d7b999b,41487.37,INR,2026-01-02T08:24:00,cust_1647,order_19539,captured,{}
pay_06ea4382611f,pay_06ea4382611f,merch_1d7b999b,38108.65,INR,2026-01-24T21:35:00,cust_4555,order_72835,captured,{}
pay_416a3d4ea2ae,pay_416a3d4ea2ae,merch_1d7b999b,45360.94,INR,2026-01-10T00:13:00,cust_4113,order_25376,captured,{}
pay_e7bc55174f49,pay_e7bc55174f49,merch_1d7b999b,37741.1,INR,2026-01-30T07:44:00,cust_4350,order_61987,captured,{}
pay_1255bffbbfb6,pay_1255bffbbfb6,merch_1d7b999b,27648.76,INR,2026-01-25T09:24:00,cust_8639,order_79946,captured,{}
pay_b42a19513c55,pay_b42a19513c55,merch_1d7b999b,15490.27,INR,2026-01-12T16:56:00,cust_9147,order_71080,captured,{}
pay_9b096a06a17b,pay_9b096a06a17b,merch_1d7b999b,49067.79,INR,2026-01-16T10:58:00,cust_4328,order_58589,captured,{}
pay_ba30f8c1c57a,pay_ba30f8c1c57a,merch_1d7b999b,2381.2,INR,2026-01-28T07:47:00,cust_3390,order_12125,captured,{}
pay_9a544e36b960,pay_9a544e36b960,merch_1d7b999b,46744.44,INR,2026-01-19T23:26:00,cust_5836,order_29976,captured,{}
pay_69eeb3f0e677,pay_69eeb3f0e677,merch_1d7b999b,11577.93,INR,2026-01-19T07:31:00,cust_6530,order_43728,captured,{}
pay_733fd0ead66f,pay_733fd0ead66f,merch_1d7b999b,24482.19,INR,2026-01-24T20:47:00,cust_9037,order_70401,captured,{}
pay_4fe2d48a72cb,pay_4fe2d48a72cb,merch_1d7b999b,39769.28,INR,2026-01-06T04:46:00,cust_9954,order_74004,captured,{}
pay_a972ce3ffa20,pay_a972ce3ffa20,merch_1d7b999b,44479.29,INR,2026-01-21T01:33:00,cust_1554,order_19742,captured,{}
pay_8c0d88341c78,pay_8c0d88341c78,merch_1d7b999b,33443.96,INR,2026-01-25T00:26:00,cust_3252,order_92667,captured,{}
pay_ea9317f82ce3,pay_ea9317f82ce3,merch_1d7b999b,35387.76,INR,2026-01-01T06:32:00,cust_8471,order_58916,captured,{}
pay_8ff18eb809d4,pay_8ff18eb809d4,merch_1d7b999b,31922.66,INR,2026-01-30T19:58:00,cust_8916,order_96413,captured,{}
pay_992115606d76,pay_992115606d76,merch_1d7b999b,429.96,INR,2026-01-18T13:00:00,cust_1274,order_79391,captured,{}
pay_dde3c42cf1ca,pay_dde3c42cf1ca,merch_1d7b999b,26833.33,INR,2026-01-10T00:32:00,cust_8054,order_33496,captured,{}
pay_80d67ebe7673,pay_80d67ebe7673,merch_1d7b999b,4906.06,INR,2026-01-05T07:12:00,cust_9625,order_43084,captured,{}
pay_626cc0f293ad,pay_626cc0f293ad,merch_1d7b999b,13439.5,INR,2026-01-13T02:23:00,cust_7652,order_70161,captured,{}
pay_e733345b3899,pay_e733345b3899,merch_1d7b999b,49512.63,INR,2026-01-08T09:43:00,cust_2320,order_95686,captured,{}
pay_a6f4d3905b32,pay_a6f4d3905b32,merch_1d7b999b,32529.73,INR,2026-01-02T02:25:00,cust_7213,order_59436,captured,{}
pay_ccc355174088,pay_ccc355174088,merch_1d7b999b,2900.14,INR,2026-01-01T22:10:00,cust_2354,order_75517,captured,{}
pay_caf31d6b9706,pay_caf31d6b9706,merch_1d7b999b,32280.87,INR,2026-01-11T18:54:00,cust_2562,order_79226,captured,{}
pay_5227c2c180d9,pay_5227c2c180d9,merch_1d7b999b,11565.35,INR,2026-01-29T22:56:00,cust_8790,order_45532,captured,{}
pay_eec63bb78a2d,pay_eec63bb78a2d,merch_1d7b999b,3809.97,INR,2026-01-30T08:57:00,cust_9897,order_83860,captured,{}
pay_9e8400266fad,pay_9e8400266fad,merch_1d7b999b,9049.79,INR,2026-01-28T10:01:00,cust_4394,order_86943,captured,{}
pay_69b71c63f53a,pay_69b71c63f53a,merch_1d7b999b,41052.47,INR,2026-01-27T12:59:00,cust_2260,order_49226,captured,{}
pay_8d09b19be718,pay_8d09b19be718,merch_1d7b999b,12099.56,INR,2026-01-27T12:43:00,cust_9856,order_53480,captured,{}
pay_c5526cd5bbca,pay_c5526cd5bbca,merch_1d7b999b,37013.28,INR,2026-01-26T22:46:00,cust_2284,order_75639,captured,{}
pay_52ce2b2c45c5,pay_52ce2b2c45c5,merch_1d7b999b,17358.39,INR,2026-01-04T13:14:00,cust_2245,order_54642,captured,{}
pay_9dfd488a85ed,pay_9dfd488a85ed,merch_1d7b999b,30731.88,INR,2026-01-20T12:49:00,cust_6347,order_13883,captured,{}
pay_846d7e363d5c,pay_846d7e363d5c,merch_1d7b999b,39199.05,INR,2026-01-15T15:14:00,cust_6829,order_82487,captured,{}
pay_bc8ca0969fe4,pay_bc8ca0969fe4,merch_1d7b999b,21649.21,INR,2026-01-22T18:42:00,cust_7227,order_21232,captured,{}
pay_bba164d52215,pay_bba164d52215,merch_1d7b999b,14839.44,INR,2026-01-08T22:04:00,cust_2344,order_45123,captured,{}
pay_57c06c7c2861,pay_57c06c7c2861,merch_1d7b999b,35612.69,INR,2026-01-21T04:47:00,cust_7383,order_51507,captured,{}
pay_ce40e18aac98,pay_ce40e18aac98,merch_1d7b999b,4666.87,INR,2026-01-31T09:28:00,cust_6896,order_45358,captured,{}
pay_1477ec63c53c,pay_1477ec63c53c,merch_1d7b999b,4456.13,INR,2026-01-14T14:35:00,cust_9395,order_63483,captured,{}
pay_b06457e32e10,pay_b06457e32e10,merch_1d7b999b,4571.98,INR,2026-01-18T02:38:00,cust_6315,order_60493,captured,{}
pay_c8f16f1aa0ba,pay_c8f16f1aa0ba,merch_1d7b999b,20749.12,INR,2026-01-25T02:46:00,cust_4977,order_84967,captured,{}
pay_6f6ed62dd984,pay_6f6ed62dd984,merch_1d7b999b,34297.27,INR,2026-01-06T04:17:00,cust_5933,order_45180,captured,{}
pay_5669aaa26cff,pay_5669aaa26cff,merch_1d7b999b,3257.03,INR,2026-01-14T08:26:00,cust_5911,order_73469,captured,{}
pay_e7da276eee78,pay_e7da276eee78,merch_1d7b999b,18120.13,INR,2026-01-31T07:46:00,cust_9123,order_87831,captured,{}
pay_de3ffb48b53a,pay_de3ffb48b53a,merch_1d7b999b,22947.3,INR,2026-01-05T09:00:00,cust_7483,order_53544,captured,{}
pay_604cd5701e92,pay_604cd5701e92,merch_1d7b999b,19056.51,INR,2026-01-28T10:28:00,cust_6484,order_66441,captured,{}
pay_d63276520b42,pay_d63276520b42,merch_1d7b999b,42989.47,INR,2026-01-20T04:19:00,cust_6253,order_89064,captured,{}
pay_ba5a14446d7d,pay_ba5a14446d7d,merch_1d7b999b,10122.49,INR,2026-01-11T05:25:00,cust_6228,order_48200,captured,{}
pay_b170597da898,pay_b170597da898,merch_1d7b999b,31681.83,INR,2026-01-31T18:50:00,cust_4971,order_52714,captured,{}
pay_63e242c85c10,pay_63e242c85c10,merch_1d7b999b,40843.08,INR,2026-01-13T11:07:00,cust_4273,order_87624,captured,{}
pay_afb5a013efda,pay_afb5a013efda,merch_1d7b999b,9078.37,INR,2026-01-25T17:01:00,cust_8563,order_37479,captured,{}
pay_aae088633c6f,pay_aae088633c6f,merch_1d7b999b,14637.43,INR,2026-01-23T02:52:00,cust_7703,order_98208,captured,{}
pay_819f19a01b4f,pay_819f19a01b4f,merch_1d7b999b,31703.47,INR,2026-01-08T08:42:00,cust_3525,order_65460,captured,{}
pay_473b528126ef,pay_473b528126ef,merch_1d7b999b,3790.86,INR,2026-01-20T15:37:00,cust_7566,order_80040,captured,{}
pay_c4dd8a518df6,pay_c4dd8a518df6,merch_1d7b999b,46027.57,INR,2026-01-23T13:34:00,cust_1602,order_57124,captured,{}
pay_2b7c022f9208,pay_2b7c022f9208,merch_1d7b999b,40633.62,INR,2026-01-20T20:58:00,cust_2392,order_24335,captured,{}
pay_68dbc319226d,pay_68dbc319226d,merch_1d7b999b,32914.32,INR,2026-01-12T05:41:00,cust_1725,order_83822,captured,{}
pay_242c49ff2fb7,pay_242c49ff2fb7,merch_1d7b999b,33905.85,INR,2026-01-13T10:50:00,cust_8052,order_23886,captured,{}
pay_2a7e5ef5d28a,pay_2a7e5ef5d28a,merch_1d7b999b,13011.04,INR,2026-01-17T23:33:00,cust_4621,order_68429,captured,{}
pay_befe0b9d0bf4,pay_befe0b9d0bf4,merch_1d7b999b,23206.85,INR,2026-01-22T18:44:00,cust_9199,order_29758,captured,{}
pay_eb9964043c3f,pay_eb9964043c3f,merch_1d7b999b,1325.68,INR,2026-01-04T09:26:00,cust_2406,order_25213,captured,{}
pay_6d87e4451e84,pay_6d87e4451e84,merch_1d7b999b,36534.52,INR,2026-01-12T09:21:00,cust_8460,order_37114,captured,{}
pay_25c56e99e963,pay_25c56e99e963,merch_1d7b999b,17480.18,INR,2026-01-04T14:46:00,cust_8412,order_51800,captured,{}
pay_24b058a3c5b3,pay_24b058a3c5b3,merch_1d7b999b,2329.68,INR,2026-01-23T03:01:00,cust_6620,order_94930,captured,{}
pay_5325bef586f1,pay_5325bef586f1,merch_1d7b999b,40022.5,INR,2026-01-30T23:15:00,cust_9454,order_32865,captured,{}
pay_37553dac3965,pay_37553dac3965,merch_1d7b999b,16616.38,INR,2026-01-14T14:14:00,cust_7636,order_92543,captured,{}
pay_694ca482e9f0,pay_694ca482e9f0,merch_1d7b999b,32059.9,INR,2026-01-14T12:01:00,cust_4232,order_68926,captured,{}
pay_21330b1451fd,pay_21330b1451fd,merch_1d7b999b,19502.91,INR,2026-01-23T06:13:00,cust_5560,order_18200,captured,{}
pay_20985434427c,pay_20985434427c,merch_1d7b999b,39995.17,INR,2026-01-18T05:23:00,cust_6340,order_35830,captured,{}
pay_30b192f04ce0,pay_30b192f04ce0,merch_1d7b999b,13191.43,INR,2026-01-28T15:33:00,cust_6134,order_88246,captured,{}
pay_c1abcfd3f5a7,pay_c1abcfd3f5a7,merch_1d7b999b,19687.95,INR,2026-01-04T11:22:00,cust_8501,order_90918,captured,{}
pay_65b56bdc54fb,pay_65b56bdc54fb,merch_1d7b999b,33712.08,INR,2026-01-26T09:58:00,cust_2388,order_98094,captured,{}
pay_5d77c7fcebf2,pay_5d77c7fcebf2,merch_1d7b999b,5981.3,INR,2026-01-10T03:11:00,cust_7116,order_28528,captured,{}
pay_2d82ff730f3f,pay_2d82ff730f3f,merch_1d7b999b,20970.13,INR,2026-01-05T18:24:00,cust_7931,order_34347,captured,{}
pay_5a911627154a,pay_5a911627154a,merch_1d7b999b,26915.23,INR,2026-01-30T20:59:00,cust_3838,order_82733,captured,{}
pay_13c80083beeb,pay_13c80083beeb,merch_1d7b999b,14512.86,INR,2026-01-06T10:53:00,cust_8389,order_91187,captured,{}
pay_dc668fd66d4a,pay_dc668fd66d4a,merch_1d7b999b,18016.05,INR,2026-01-01T15:08:00,cust_4196,order_60324,captured,{}
pay_521e691ccd1b,pay_521e691ccd1b,merch_1d7b999b,25321.36,INR,2026-01-16T13:43:00,cust_9056,order_64477,captured,{}
pay_0cecd6d52764,pay_0cecd6d52764,merch_1d7b999b,22248.2,INR,2026-01-06T02:36:00,cust_1505,order_38905,captured,{}
pay_0f96add81ef8,pay_0f96add81ef8,merch_1d7b999b,13815.16,INR,2026-01-18T09:10:00,cust_8492,order_84140,captured,{}
pay_3d0098e2c842,pay_3d0098e2c842,merch_1d7b999b,38319.39,INR,2026-01-18T16:07:00,cust_2871,order_45112,captured,{}
pay_aba0d0dcd0e6,pay_aba0d0dcd0e6,merch_1d7b999b,41181.81,INR,2026-01-12T17:52:00,cust_1681,order_67850,captured,{}
pay_c12aed935108,pay_c12aed935108,merch_1d7b999b,49489.81,INR,2026-01-04T23:53:00,cust_5055,order_49021,captured,{}
pay_700a505fa101,pay_700a505fa101,merch_1d7b999b,1708.3,INR,2026-01-09T11:55:00,cust_2425,order_67549,captured,{}
pay_349a70bc1780,pay_349a70bc1780,merch_1d7b999b,5957.56,INR,2026-01-26T07:13:00,cust_6744,order_89988,captured,{}
pay_cd7ba0198587,pay_cd7ba0198587,merch_1d7b999b,8382.48,INR,2026-01-05T06:52:00,cust_4390,order_17780,captured,{}
pay_04cfa0b41957,pay_04cfa0b41957,merch_1d7b999b,26660.81,INR,2026-01-20T17:10:00,cust_6302,order_48356,captured,{}
pay_986f310c0f02,pay_986f310c0f02,merch_1d7b999b,13440.42,INR,2026-01-28T16:57:00,cust_2560,order_27771,captured,{}
pay_edc6735cee3b,pay_edc6735cee3b,merch_1d7b999b,39305.98,INR,2026-01-30T01:17:00,cust_3078,order_27392,captured,{}
pay_9153825cdeaf,pay_9153825cdeaf,merch_1d7b999b,35598.6,INR,2026-01-27T07:48:00,cust_7434,order_74154,captured,{}
pay_1068135cde98,pay_1068135cde98,merch_1d7b999b,31656.86,INR,2026-01-21T13:24:00,cust_8405,order_19898,captured,{}
pay_108011fe7e65,pay_108011fe7e65,merch_1d7b999b,44018.24,INR,2026-01-03T12:32:00,cust_5558,order_58374,captured,{}
pay_9f36faec71b5,pay_9f36faec71b5,merch_1d7b999b,24453.42,INR,2026-01-19T00:55:00,cust_2526,order_70089,captured,{}
pay_ca783f2ff420,pay_ca783f2ff420,merch_1d7b999b,34894.72,INR,2026-01-28T02:50:00,cust_9756,order_62129,captured,{}
pay_5db7a4e39989,pay_5db7a4e39989,merch_1d7b999b,21539.19,INR,2026-01-07T15:17:00,cust_6289,order_47171,captured,{}
pay_a18cfa3196c7,pay_a18cfa3196c7,merch_1d7b999b,28938.89,INR,2026-01-19T15:50:00,cust_6631,order_99463,captured,{}
pay_0829f7ad67eb,pay_0829f7ad67eb,merch_1d7b999b,2392.55,INR,2026-01-21T14:01:00,cust_3035,order_30707,captured,{}
pay_26ec6e49556d,pay_26ec6e49556d,merch_1d7b999b,133.73,INR,2026-01-31T13:12:00,cust_3161,order_95196,captured,{}
pay_6ec6f5e1dd03,pay_6ec6f5e1dd03,merch_1d7b999b,43733.73,INR,2026-01-29T08:05:00,cust_6905,order_42819,captured,{}
pay_9af217e579a1,pay_9af217e579a1,merch_1d7b999b,33258.99,INR,2026-01-21T05:03:00,cust_7493,order_91999,captured,{}
pay_46720b597317,pay_46720b597317,merch_1d7b999b,35002.12,INR,2026-01-08T13:41:00,cust_2494,order_22475,captured,{}
pay_e4ebaae47acb,pay_e4ebaae47acb,merch_1d7b999b,23892.65,INR,2026-01-05T18:14:00,cust_9510,order_99126,captured,{}
pay_a65774363093,pay_a65774363093,merch_1d7b999b,502.32,INR,2026-01-11T03:55:00,cust_7919,order_27324,captured,{}
pay_451ad9dc02a9,pay_451ad9dc02a9,merch_1d7b999b,11524.45,INR,2026-01-03T23:51:00,cust_2678,order_23526,captured,{}
pay_601d4a9581f4,pay_601d4a9581f4,merch_1d7b999b,44061.35,INR,2026-01-05T12:49:00,cust_3181,order_94092,captured,{}
pay_a51a2d12592d,pay_a51a2d12592d,merch_1d7b999b,7228.37,INR,2026-01-17T18:00:00,cust_3688,order_67684,captured,{}
pay_cb8a0ec6a2c3,pay_cb8a0ec6a2c3,merch_1d7b999b,10731.47,INR,2026-01-24T04:58:00,cust_7745,order_90750,captured,{}
pay_a04e75934e3b,pay_a04e75934e3b,merch_1d7b999b,43012.13,INR,2026-01-03T03:08:00,cust_3017,order_87276,captured,{}
pay_aaa9b9e4631d,pay_aaa9b9e4631d,merch_1d7b999b,17641.63,INR,2026-01-14T10:50:00,cust_3290,order_42477,captured,{}
pay_efb0611f7e0d,pay_efb0611f7e0d,merch_1d7b999b,4304.01,INR,2026-01-18T19:38:00,cust_5668,order_13515,captured,{}
pay_7353dddd8217,pay_7353dddd8217,merch_1d7b999b,32954.43,INR,2026-01-10T06:33:00,cust_9348,order_34726,captured,{}
pay_13104cc1825a,pay_13104cc1825a,merch_1d7b999b,14847.55,INR,2026-01-02T07:31:00,cust_7322,order_24777,captured,{}
pay_744819278724,pay_744819278724,merch_1d7b999b,31940.31,INR,2026-01-03T16:56:00,cust_1197,order_57329,captured,{}
pay_5e2ec3d9d644,pay_5e2ec3d9d644,merch_1d7b999b,6685.95,INR,2026-01-28T18:26:00,cust_6986,order_81612,captured,{}
pay_aa69fb2e54bc,pay_aa69fb2e54bc,merch_1d7b999b,38160.02,INR,2026-01-31T02:01:00,cust_2106,order_11807,captured,{}
pay_051a7e45d800,pay_051a7e45d800,merch_1d7b999b,2087.36,INR,2026-01-02T12:32:00,cust_5693,order_92388,captured,{}
pay_0045cc3fae54,pay_0045cc3fae54,merch_1d7b999b,38378.79,INR,2026-01-14T22:25:00,cust_2350,order_93956,captured,{}
pay_a2b33ae6a567,pay_a2b33ae6a567,merch_1d7b999b,30840.75,INR,2026-01-09T02:19:00,cust_2294,order_77017,captured,{}
pay_75e1f1f8cbdd,pay_75e1f1f8cbdd,merch_1d7b999b,48718.24,INR,2026-01-05T17:20:00,cust_7401,order_86865,captured,{}
pay_55a9fc733b81,pay_55a9fc733b81,merch_1d7b999b,41742.87,INR,2026-01-22T20:04:00,cust_6081,order_67342,captured,{}
pay_7fac807328cd,pay_7fac807328cd,merch_1d7b999b,42338.76,INR,2026-01-02T07:05:00,cust_8118,order_25202,captured,{}
pay_cd145059b008,pay_cd145059b008,merch_1d7b999b,30480.74,INR,2026-01-10T21:47:00,cust_3877,order_25655,captured,{}
pay_abfccfbc50d1,pay_abfccfbc50d1,merch_1d7b999b,6946.87,INR,2026-01-01T05:31:00,cust_6680,order_78551,captured,{}
pay_281ac40c6cfd,pay_281ac40c6cfd,merch_1d7b999b,41143.09,INR,2026-01-09T05:23:00,cust_3079,order_45227,captured,{}
pay_36474209696f,pay_36474209696f,merch_1d7b999b,5991.03,INR,2026-01-29T00:21:00,cust_8034,order_45649,captured,{}
pay_30fee68ea09f,pay_30fee68ea09f,merch_1d7b999b,13221.19,INR,2026-01-19T20:04:00,cust_9128,order_69663,captured,{}
pay_c4c0fa619a35,pay_c4c0fa619a35,merch_1d7b999b,2866.41,INR,2026-01-28T18:10:00,cust_7024,order_30618,captured,{}
pay_d547e80215f1,pay_d547e80215f1,merch_1d7b999b,5234.96,INR,2026-01-19T21:46:00,cust_2889,order_39937,captured,{}
pay_da3c886ae313,pay_da3c886ae313,merch_1d7b999b,228.17,INR,2026-01-28T00:15:00,cust_1753,order_71835,captured,{}
pay_e7deac9fbcab,pay_e7deac9fbcab,merch_1d7b999b,46019.3,INR,2026-01-06T01:35:00,cust_7870,order_39427,captured,{}
pay_bb75cab3800d,pay_bb75cab3800d,merch_1d7b999b,20871.2,INR,2026-01-24T10:17:00,cust_2276,order_84912,captured,{}
pay_3f3534f08ebf,pay_3f3534f08ebf,merch_1d7b999b,25151.84,INR,2026-01-29T01:11:00,cust_4656,order_77603,captured,{}
pay_c41ea5b35556,pay_c41ea5b35556,merch_1d7b999b,47708.56,INR,2026-01-03T14:55:00,cust_5625,order_50723,captured,{}
pay_11209e06ec48,pay_11209e06ec48,merch_1d7b999b,27699.26,INR,2026-01-01T11:12:00,cust_5777,order_83899,captured,{}
pay_256810fccfa0,pay_256810fccfa0,merch_1d7b999b,37004.84,INR,2026-01-08T14:23:00,cust_9083,order_35614,captured,{}
pay_c96bdc88a8c4,pay_c96bdc88a8c4,merch_1d7b999b,27373.31,INR,2026-01-26T07:09:00,cust_1104,order_63744,captured,{}
pay_7615a7ed0a18,pay_7615a7ed0a18,merch_1d7b999b,27123.11,INR,2026-01-21T22:56:00,cust_1157,order_53911,captured,{}
pay_da328e1198eb,pay_da328e1198eb,merch_1d7b999b,32899.46,INR,2026-01-28T23:46:00,cust_6038,order_23624,captured,{}
pay_d56b276995cf,pay_d56b276995cf,merch_1d7b999b,49157.48,INR,2026-01-14T15:03:00,cust_3332,order_46677,captured,{}
pay_f3cdc0404736,pay_f3cdc0404736,merch_1d7b999b,46071.59,INR,2026-01-29T16:26:00,cust_7102,order_70091,captured,{}
pay_e9c682fb02d9,pay_e9c682fb02d9,merch_1d7b999b,4336.63,INR,2026-01-04T16:08:00,cust_7461,order_19808,captured,{}
pay_ffef920a3f3d,pay_ffef920a3f3d,merch_1d7b999b,3207.91,INR,2026-01-22T04:15:00,cust_5778,order_44208,captured,{}
pay_d53b8dc7b412,pay_d53b8dc7b412,merch_1d7b999b,46309.49,INR,2026-01-13T22:53:00,cust_6345,order_51688,captured,{}
pay_9f467511bbd4,pay_9f467511bbd4,merch_1d7b999b,11757.2,INR,2026-01-31T06:08:00,cust_2785,order_30369,captured,{}
pay_00049c013616,pay_00049c013616,merch_1d7b999b,22533.38,INR,2026-01-11T13:07:00,cust_9780,order_56961,captured,{}
pay_8a56fae98133,pay_8a56fae98133,merch_1d7b999b,10461.05,INR,2026-01-10T14:16:00,cust_2964,order_21851,captured,{}
pay_a9433503b7a4,pay_a9433503b7a4,merch_1d7b999b,34334.14,INR,2026-01-27T22:44:00,cust_1660,order_38183,captured,{}
pay_04db8471210d,pay_04db8471210d,merch_1d7b999b,16456.9,INR,2026-01-03T22:15:00,cust_6828,order_61936,captured,{}
pay_de59c96ca8be,pay_de59c96ca8be,merch_1d7b999b,33891.45,INR,2026-01-09T05:01:00,cust_7625,order_69270,captured,{}
pay_883ac8dcbb94,pay_883ac8dcbb94,merch_1d7b999b,27551.03,INR,2026-01-04T14:06:00,cust_3290,order_25919,captured,{}
pay_9ca516c7b544,pay_9ca516c7b544,merch_1d7b999b,41535.58,INR,2026-01-08T04:12:00,cust_7563,order_58790,captured,{}
pay_9e808fb2756a,pay_9e808fb2756a,merch_1d7b999b,46884.99,INR,2026-01-03T18:37:00,cust_5240,order_19828,captured,{}
pay_a79c7fd84a17,pay_a79c7fd84a17,merch_1d7b999b,3317.15,INR,2026-01-29T20:28:00,cust_3110,order_22055,captured,{}
pay_2f6adb7b5a76,pay_2f6adb7b5a76,merch_1d7b999b,41484.87,INR,2026-01-11T03:02:00,cust_8552,order_16637,captured,{}
pay_040d803a5187,pay_040d803a5187,merch_1d7b999b,28736.82,INR,2026-01-27T23:25:00,cust_9128,order_13864,captured,{}
pay_c621d5f478c0,pay_c621d5f478c0,merch_1d7b999b,21390.53,INR,2026-01-12T06:58:00,cust_4066,order_46042,captured,{}
pay_a98459e53039,pay_a98459e53039,merch_1d7b999b,44182.85,INR,2026-01-02T19:39:00,cust_5026,order_94840,captured,{}
pay_b8d882c8f407,pay_b8d882c8f407,merch_1d7b999b,20658.41,INR,2026-01-18T15:03:00,cust_2437,order_46670,captured,{}
pay_cc8c17357654,pay_cc8c17357654,merch_1d7b999b,21019.82,INR,2026-01-21T16:15:00,cust_9907,order_12559,captured,{}
pay_74f6ce183e9b,pay_74f6ce183e9b,merch_1d7b999b,39117.6,INR,2026-01-12T15:34:00,cust_8940,order_55093,captured,{}
pay_28d567e1c6b2,pay_28d567e1c6b2,merch_1d7b999b,25169.42,INR,2026-01-13T08:11:00,cust_1427,order_51795,captured,{}
pay_fb17430e2ab9,pay_fb17430e2ab9,merch_1d7b999b,1562.24,INR,2026-01-26T08:03:00,cust_8728,order_79393,captured,{}
pay_9693b8b5fa73,pay_9693b8b5fa73,merch_1d7b999b,29241.05,INR,2026-01-08T05:06:00,cust_5060,order_96096,captured,{}
pay_33991c31a0c2,pay_33991c31a0c2,merch_1d7b999b,26731.11,INR,2026-01-26T23:03:00,cust_4594,order_85457,captured,{}
pay_cfaef8db8fff,pay_cfaef8db8fff,merch_1d7b999b,39889.8,INR,2026-01-12T05:11:00,cust_4875,order_87662,captured,{}
pay_cb472c5abb12,pay_cb472c5abb12,merch_1d7b999b,36931.44,INR,2026-01-12T18:01:00,cust_6761,order_84403,captured,{}
pay_7079a97ab95c,pay_7079a97ab95c,merch_1d7b999b,28199.13,INR,2026-01-07T15:34:00,cust_6063,order_33010,captured,{}
pay_b5638fac388b,pay_b5638fac388b,merch_1d7b999b,4603.84,INR,2026-01-08T19:14:00,cust_1326,order_79002,captured,{}
pay_47f0d80b20ae,pay_47f0d80b20ae,merch_1d7b999b,16653.53,INR,2026-01-20T06:51:00,cust_3137,order_54663,captured,{}
pay_6bbaf85284e9,pay_6bbaf85284e9,merch_1d7b999b,45947.16,INR,2026-01-28T10:03:00,cust_1359,order_29360,captured,{}
pay_44d3c0741798,pay_44d3c0741798,merch_1d7b999b,45869.48,INR,2026-01-25T03:54:00,cust_9622,order_57826,captured,{}
pay_66a3a13696a2,pay_66a3a13696a2,merch_1d7b999b,18742.18,INR,2026-01-31T21:25:00,cust_2655,order_54113,captured,{}
pay_227949b9ad8e,pay_227949b9ad8e,merch_1d7b999b,6908.94,INR,2026-01-06T23:27:00,cust_8982,order_95089,captured,{}
pay_23c3a9a54ac3,pay_23c3a9a54ac3,merch_1d7b999b,35388.43,INR,2026-01-18T22:56:00,cust_6846,order_39260,captured,{}
pay_84a96ea8a6d3,pay_84a96ea8a6d3,merch_1d7b999b,40741.27,INR,2026-01-13T09:46:00,cust_5825,order_26691,captured,{}
pay_d645ef940fd9,pay_d645ef940fd9,merch_1d7b999b,189.72,INR,2026-01-23T18:25:00,cust_1530,order_33865,captured,{}
pay_e62bb9201fe5,pay_e62bb9201fe5,merch_1d7b999b,46059.81,INR,2026-01-31T19:14:00,cust_2705,order_75035,captured,{}
pay_db5b3a4aa4b5,pay_db5b3a4aa4b5,merch_1d7b999b,37292.63,INR,2026-01-08T11:20:00,cust_3750,order_93386,captured,{}
pay_a6ff1ac60d0e,pay_a6ff1ac60d0e,merch_1d7b999b,4527.43,INR,2026-01-23T21:40:00,cust_6500,order_68540,captured,{}
pay_0a1433ac282e,pay_0a1433ac282e,merch_1d7b999b,10563.25,INR,2026-01-23T02:22:00,cust_5205,order_24160,captured,{}
pay_eac4812edfea,pay_eac4812edfea,merch_1d7b999b,2502.56,INR,2026-01-15T23:26:00,cust_3725,order_64266,captured,{}
pay_5142c4173acb,pay_5142c4173acb,merch_1d7b999b,18997.76,INR,2026-01-18T12:06:00,cust_8855,order_85766,captured,{}
pay_9650018d9909,pay_9650018d9909,merch_1d7b999b,34389.3,INR,2026-01-06T14:04:00,cust_1547,order_48654,captured,{}
pay_e7855e2c9a8a,pay_e7855e2c9a8a,merch_1d7b999b,13130.27,INR,2026-01-04T02:21:00,cust_3787,order_59212,captured,{}
pay_3dad3811f88a,pay_3dad3811f88a,merch_1d7b999b,3842.62,INR,2026-01-31T02:21:00,cust_8909,order_14062,captured,{}
pay_164f4e33197c,pay_164f4e33197c,merch_1d7b999b,32716.4,INR,2026-01-20T13:10:00,cust_1877,order_23272,captured,{}
pay_1d11a92a532b,pay_1d11a92a532b,merch_1d7b999b,48722.48,INR,2026-01-14T22:35:00,cust_9849,order_44768,captured,{}
pay_e20cabceeb93,pay_e20cabceeb93,merch_1d7b999b,14940.29,INR,2026-01-04T01:25:00,cust_9043,order_30131,captured,{}
pay_85bb09db7322,pay_85bb09db7322,merch_1d7b999b,290.4,INR,2026-01-03T09:52:00,cust_8869,order_36171,captured,{}
pay_5b6557146bc5,pay_5b6557146bc5,merch_1d7b999b,10426.95,INR,2026-01-21T09:05:00,cust_8758,order_25139,captured,{}
pay_4bbfa3b630df,pay_4bbfa3b630df,merch_1d7b999b,19933.62,INR,2026-01-16T21:16:00,cust_2493,order_94130,captured,{}
pay_949e6fcdcadc,pay_949e6fcdcadc,merch_1d7b999b,9325.57,INR,2026-01-29T12:23:00,cust_4056,order_68428,captured,{}
pay_a25bac32d8bc,pay_a25bac32d8bc,merch_1d7b999b,22043.05,INR,2026-01-09T07:53:00,cust_5400,order_83956,captured,{}
pay_7a48288a8987,pay_7a48288a8987,merch_1d7b999b,37636.53,INR,2026-01-22T03:05:00,cust_6632,order_80968,captured,{}
pay_22fcf28b8720,pay_22fcf28b8720,merch_1d7b999b,37847.2,INR,2026-01-08T17:03:00,cust_7342,order_78495,captured,{}
pay_75c5bc35ee87,pay_75c5bc35ee87,merch_1d7b999b,26822.17,INR,2026-01-28T15:36:00,cust_4860,order_72424,captured,{}
pay_7c53a7ea3554,pay_7c53a7ea3554,merch_1d7b999b,19800.74,INR,2026-01-28T22:02:00,cust_9226,order_84870,captured,{}
pay_4cc7dd8ce177,pay_4cc7dd8ce177,merch_1d7b999b,40042.47,INR,2026-01-22T19:09:00,cust_2970,order_68856,captured,{}
pay_3d9e27369968,pay_3d9e27369968,merch_1d7b999b,49219.96,INR,2026-01-07T06:08:00,cust_1699,order_65492,captured,{}
pay_f36147518651,pay_f36147518651,merch_1d7b999b,34187.96,INR,2026-01-07T20:09:00,cust_5225,order_51910,captured,{}
pay_774a69e2dd91,pay_774a69e2dd91,merch_1d7b999b,45717.28,INR,2026-01-03T02:24:00,cust_7510,order_82358,captured,{}
pay_3f2eac7d933e,pay_3f2eac7d933e,merch_1d7b999b,13882.42,INR,2026-01-15T00:50:00,cust_9561,order_64997,captured,{}
pay_037a2c7b5c41,pay_037a2c7b5c41,merch_1d7b999b,7567.15,INR,2026-01-19T18:37:00,cust_2641,order_23845,captured,{}
pay_f1e3c65562e1,pay_f1e3c65562e1,merch_1d7b999b,5139.42,INR,2026-01-10T17:56:00,cust_6633,order_63856,captured,{}
pay_458662fa9d6e,pay_458662fa9d6e,merch_1d7b999b,32773.9,INR,2026-01-19T19:30:00,cust_1613,order_32570,captured,{}
pay_a4c787053763,pay_a4c787053763,merch_1d7b999b,7278.25,INR,2026-01-20T21:44:00,cust_7581,order_15083,captured,{}
pay_a1e866e624d1,pay_a1e866e624d1,merch_1d7b999b,43959.99,INR,2026-01-23T07:03:00,cust_8785,order_45203,captured,{}
pay_40f36a4c3c0a,pay_40f36a4c3c0a,merch_1d7b999b,1109.62,INR,2026-01-27T09:19:00,cust_5593,order_74437,captured,{}
pay_f64333076849,pay_f64333076849,merch_1d7b999b,34274.12,INR,2026-01-28T07:08:00,cust_5923,order_68079,captured,{}
pay_22b678793ed3,pay_22b678793ed3,merch_1d7b999b,16111.33,INR,2026-01-24T13:38:00,cust_2462,order_34633,captured,{}
pay_6f1478a01183,pay_6f1478a01183,merch_1d7b999b,45680.3,INR,2026-01-14T23:31:00,cust_9462,order_59009,captured,{}
pay_eb9a1818d3cf,pay_eb9a1818d3cf,merch_1d7b999b,25811.96,INR,2026-01-06T02:19:00,cust_9303,order_62872,captured,{}
pay_33eb70ab20b3,pay_33eb70ab20b3,merch_1d7b999b,42579.64,INR,2026-01-29T18:01:00,cust_3846,order_35265,captured,{}
pay_2dcd04369011,pay_2dcd04369011,merch_1d7b999b,10116.27,INR,2026-01-02T07:02:00,cust_8478,order_16626,captured,{}
pay_bde2aae8019d,pay_bde2aae8019d,merch_1d7b999b,35261.23,INR,2026-01-09T11:52:00,cust_8605,order_76207,captured,{}
pay_8f37443a580c,pay_8f37443a580c,merch_1d7b999b,46161.37,INR,2026-01-22T00:15:00,cust_7102,order_74066,captured,{}
pay_77f26676b5d6,pay_77f26676b5d6,merch_1d7b999b,8961.43,INR,2026-01-28T15:37:00,cust_6730,order_55121,captured,{}
pay_0a494268daa7,pay_0a494268daa7,merch_1d7b999b,44735.15,INR,2026-01-24T22:05:00,cust_5670,order_13597,captured,{}
pay_0f07814fd5e1,pay_0f07814fd5e1,merch_1d7b999b,8229.08,INR,2026-01-19T06:54:00,cust_4626,order_94853,captured,{}
pay_e40fe4a4f93e,pay_e40fe4a4f93e,merch_1d7b999b,10415.88,INR,2026-01-21T13:32:00,cust_1328,order_99417,captured,{}
pay_bc36e0d48715,pay_bc36e0d48715,merch_1d7b999b,45584.62,INR,2026-01-21T05:38:00,cust_1138,order_39329,captured,{}
pay_955d12058a49,pay_955d12058a49,merch_1d7b999b,40273.77,INR,2026-01-10T22:45:00,cust_5511,order_65549,captured,{}
pay_906cd208cfd3,pay_906cd208cfd3,merch_1d7b999b,42594.15,INR,2026-01-15T08:13:00,cust_8646,order_49602,captured,{}
pay_6c0cfcf79fc7,pay_6c0cfcf79fc7,merch_1d7b999b,41233.11,INR,2026-01-13T18:06:00,cust_1120,order_77045,captured,{}
pay_60130e123999,pay_60130e123999,merch_1d7b999b,48327.62,INR,2026-01-27T11:35:00,cust_5631,order_49121,captured,{}
pay_4a1e2048ae52,pay_4a1e2048ae52,merch_1d7b999b,24138.75,INR,2026-01-11T08:40:00,cust_6327,order_46291,captured,{}
pay_fb522b410975,pay_fb522b410975,merch_1d7b999b,35583.58,INR,2026-01-29T20:19:00,cust_4086,order_29651,captured,{}
pay_b5802a6644b8,pay_b5802a6644b8,merch_1d7b999b,12091.07,INR,2026-01-02T19:25:00,cust_6236,order_99228,captured,{}
pay_025aa011639e,pay_025aa011639e,merch_1d7b999b,1370.22,INR,2026-01-16T09:16:00,cust_7857,order_63031,captured,{}
pay_b0516ee8b1da,pay_b0516ee8b1da,merch_1d7b999b,1862.42,INR,2026-01-23T18:52:00,cust_4111,order_54979,captured,{}
pay_c413b0822ed0,pay_c413b0822ed0,merch_1d7b999b,11195.92,INR,2026-01-18T20:50:00,cust_8794,order_98063,captured,{}
pay_08e298340ec6,pay_08e298340ec6,merch_1d7b999b,15079.72,INR,2026-01-06T21:56:00,cust_3967,order_48506,captured,{}
pay_e2a55628a108,pay_e2a55628a108,merch_1d7b999b,6484.41,INR,2026-01-09T23:51:00,cust_3999,order_99091,captured,{}
pay_6b5155fc7300,pay_6b5155fc7300,merch_1d7b999b,32756.29,INR,2026-01-08T11:14:00,cust_6031,order_65112,captured,{}
pay_245f46f9d2d5,pay_245f46f9d2d5,merch_1d7b999b,16632.73,INR,2026-01-09T18:18:00,cust_8598,order_25437,captured,{}
pay_4d47c8d0c432,pay_4d47c8d0c432,merch_1d7b999b,43333.03,INR,2026-01-19T18:39:00,cust_2166,order_71894,captured,{}
pay_1b6cf9538272,pay_1b6cf9538272,merch_1d7b999b,25073.82,INR,2026-01-28T21:24:00,cust_9680,order_49106,captured,{}
pay_3d3e2db4d805,pay_3d3e2db4d805,merch_1d7b999b,43555.37,INR,2026-01-05T04:12:00,cust_6614,order_63633,captured,{}
pay_0f35a671c567,pay_0f35a671c567,merch_1d7b999b,44652.97,INR,2026-01-15T04:20:00,cust_3954,order_20592,captured,{}
pay_3c4928b4782f,pay_3c4928b4782f,merch_1d7b999b,31588.54,INR,2026-01-06T10:40:00,cust_1950,order_10617,captured,{}
pay_2dc562d5160b,pay_2dc562d5160b,merch_1d7b999b,10548.18,INR,2026-01-25T05:36:00,cust_3595,order_74169,captured,{}
pay_b10e0d152bac,pay_b10e0d152bac,merch_1d7b999b,39009.65,INR,2026-01-05T19:27:00,cust_8035,order_62873,captured,{}
pay_6d2e3b0deb7a,pay_6d2e3b0deb7a,merch_1d7b999b,23922.27,INR,2026-01-01T01:34:00,cust_4267,order_58903,captured,{}
pay_fe60a4807025,pay_fe60a4807025,merch_1d7b999b,44611.12,INR,2026-01-25T16:12:00,cust_1293,order_98702,captured,{}
pay_75c035ae9756,pay_75c035ae9756,merch_1d7b999b,36706.8,INR,2026-01-08T22:56:00,cust_6641,order_50906,captured,{}
pay_f07e7832710a,pay_f07e7832710a,merch_1d7b999b,19239.17,INR,2026-01-19T09:10:00,cust_2069,order_15992,captured,{}
pay_4ab9cd3bca9c,pay_4ab9cd3bca9c,merch_1d7b999b,14612.31,INR,2026-01-24T16:38:00,cust_9587,order_54280,captured,{}
pay_36d19154e4c5,pay_36d19154e4c5,merch_1d7b999b,34370.33,INR,2026-01-05T10:57:00,cust_9031,order_57087,captured,{}
pay_c12a40d3ad53,pay_c12a40d3ad53,merch_1d7b999b,8327.69,INR,2026-01-30T12:01:00,cust_4742,order_39402,captured,{}
pay_4c1422d906f8,pay_4c1422d906f8,merch_1d7b999b,6647.17,INR,2026-01-24T00:37:00,cust_9267,order_32149,captured,{}
pay_13d782153990,pay_13d782153990,merch_1d7b999b,35584.39,INR,2026-01-26T01:24:00,cust_5190,order_80088,captured,{}
pay_5da1959b21c5,pay_5da1959b21c5,merch_1d7b999b,29736.81,INR,2026-01-02T21:06:00,cust_1323,order_16322,captured,{}
pay_cc1439be1875,pay_cc1439be1875,merch_1d7b999b,20897.1,INR,2026-01-13T03:35:00,cust_5140,order_72180,captured,{}
pay_909435f49dfd,pay_909435f49dfd,merch_1d7b999b,10354.2,INR,2026-01-22T20:00:00,cust_5933,order_65164,captured,{}
pay_451de0044f12,pay_451de0044f12,merch_1d7b999b,33157.9,INR,2026-01-09T19:38:00,cust_3247,order_64896,captured,{}
pay_9e154f7153e0,pay_9e154f7153e0,merch_1d7b999b,5335.22,INR,2026-01-24T19:07:00,cust_5631,order_24943,captured,{}
pay_32236cc0b4dd,pay_32236cc0b4dd,merch_1d7b999b,24937.18,INR,2026-01-20T06:49:00,cust_5308,order_78569,captured,{}
pay_fed878342a5c,pay_fed878342a5c,merch_1d7b999b,17960.3,INR,2026-01-14T09:10:00,cust_1645,order_81845,captured,{}
pay_990681bbba2f,pay_990681bbba2f,merch_1d7b999b,10463.93,INR,2026-01-30T15:21:00,cust_4842,order_10358,captured,{}
pay_7232115bcc54,pay_7232115bcc54,merch_1d7b999b,4541.24,INR,2026-01-04T18:42:00,cust_9095,order_29548,captured,{}
pay_6c1991c0f6be,pay_6c1991c0f6be,merch_1d7b999b,38998.36,INR,2026-01-03T23:46:00,cust_2659,order_43540,captured,{}
pay_02f2dd13a8b6,pay_02f2dd13a8b6,merch_1d7b999b,22891.89,INR,2026-01-10T08:29:00,cust_1820,order_23082,captured,{}
pay_65a6a3975084,pay_65a6a3975084,merch_1d7b999b,43719.61,INR,2026-01-28T09:23:00,cust_6123,order_65836,captured,{}
pay_f9aeda167002,pay_f9aeda167002,merch_1d7b999b,4840.42,INR,2026-01-25T01:00:00,cust_3267,order_96947,captured,{}
pay_4717640aa98b,pay_4717640aa98b,merch_1d7b999b,16500.18,INR,2026-01-29T14:39:00,cust_5395,order_22183,captured,{}
pay_c41305c60155,pay_c41305c60155,merch_1d7b999b,17201.86,INR,2026-01-04T12:25:00,cust_8479,order_45629,captured,{}
pay_1a8ef632d73e,pay_1a8ef632d73e,merch_1d7b999b,34526.13,INR,2026-01-16T13:41:00,cust_3732,order_24818,captured,{}
pay_5b2857ef5446,pay_5b2857ef5446,merch_1d7b999b,36347.91,INR,2026-01-31T05:06:00,cust_7816,order_87430,captured,{}
pay_7a83ccfc3fe1,pay_7a83ccfc3fe1,merch_1d7b999b,28490.28,INR,2026-01-15T05:39:00,cust_7221,order_57002,captured,{}
pay_f7e57e206058,pay_f7e57e206058,merch_1d7b999b,43142.53,INR,2026-01-29T23:57:00,cust_3140,order_73318,captured,{}
pay_a5f445dde8c2,pay_a5f445dde8c2,merch_1d7b999b,5735.58,INR,2026-01-14T14:02:00,cust_2037,order_44290,captured,{}
pay_1d320a642233,pay_1d320a642233,merch_1d7b999b,716.77,INR,2026-01-28T21:33:00,cust_4669,order_97797,captured,{}
pay_ab18619aa622,pay_ab18619aa622,merch_1d7b999b,26003.07,INR,2026-01-23T22:39:00,cust_2560,order_66734,captured,{}
pay_3f5dd365ba44,pay_3f5dd365ba44,merch_1d7b999b,12503.99,INR,2026-01-12T21:43:00,cust_7305,order_29484,captured,{}
pay_2307fe4e7731,pay_2307fe4e7731,merch_1d7b999b,27961.38,INR,2026-01-20T01:00:00,cust_3571,order_76265,captured,{}
pay_4d045c3a02ff,pay_4d045c3a02ff,merch_1d7b999b,42608.37,INR,2026-01-28T05:04:00,cust_9055,order_52026,captured,{}
pay_9689f9c4849c,pay_9689f9c4849c,merch_1d7b999b,48510.24,INR,2026-01-02T16:14:00,cust_7203,order_62858,captured,{}
pay_8f520ceb92e2,pay_8f520ceb92e2,merch_1d7b999b,4033.65,INR,2026-01-15T18:28:00,cust_2442,order_75333,captured,{}
pay_38a5696f1fb9,pay_38a5696f1fb9,merch_1d7b999b,6023.47,INR,2026-01-16T23:41:00,cust_1291,order_23453,captured,{}
pay_6099d63e43dd,pay_6099d63e43dd,merch_1d7b999b,1888.01,INR,2026-01-18T00:52:00,cust_2489,order_89194,captured,{}
pay_6f1c41ff63a6,pay_6f1c41ff63a6,merch_1d7b999b,31913.15,INR,2026-01-29T16:35:00,cust_4389,order_95799,captured,{}
pay_fa4f8f643bd3,pay_fa4f8f643bd3,merch_1d7b999b,47522.72,INR,2026-01-12T01:52:00,cust_4652,order_69566,captured,{}
pay_29fc260ac62b,pay_29fc260ac62b,merch_1d7b999b,38394.08,INR,2026-01-20T15:45:00,cust_6952,order_69314,captured,{}
pay_9e6f36994c25,pay_9e6f36994c25,merch_1d7b999b,37990.07,INR,2026-01-08T00:21:00,cust_6818,order_93055,captured,{}
pay_e1154c064396,pay_e1154c064396,merch_1d7b999b,14669.98,INR,2026-01-17T11:44:00,cust_2741,order_16000,captured,{}
pay_ef116b008d69,pay_ef116b008d69,merch_1d7b999b,24671.86,INR,2026-01-27T22:47:00,cust_7704,order_24019,captured,{}
pay_a6b30d412cba,pay_a6b30d412cba,merch_1d7b999b,9876.48,INR,2026-01-04T12:13:00,cust_8488,order_34979,captured,{}
pay_3a891abd39d2,pay_3a891abd39d2,merch_1d7b999b,5477.51,INR,2026-01-14T01:59:00,cust_3018,order_69048,captured,{}
pay_ac7e5fff5ab4,pay_ac7e5fff5ab4,merch_1d7b999b,29506.88,INR,2026-01-17T04:31:00,cust_1071,order_79515,captured,{}
pay_d1fcd7fcb581,pay_d1fcd7fcb581,merch_1d7b999b,27705.99,INR,2026-01-14T18:30:00,cust_9328,order_33226,captured,{}
pay_7144c836240d,pay_7144c836240d,merch_1d7b999b,8765.15,INR,2026-01-27T04:06:00,cust_7347,order_96182,captured,{}
pay_bef93bc0e8a1,pay_bef93bc0e8a1,merch_1d7b999b,44146.52,INR,2026-01-17T12:26:00,cust_5067,order_45860,captured,{}
pay_e6f5cdf95cf3,pay_e6f5cdf95cf3,merch_1d7b999b,17208.65,INR,2026-01-10T14:51:00,cust_3185,order_28111,captured,{}
pay_c56a20fd8815,pay_c56a20fd8815,merch_1d7b999b,35030.71,INR,2026-01-24T16:19:00,cust_9975,order_51144,captured,{}
pay_30b5ee3438b6,pay_30b5ee3438b6,merch_1d7b999b,46782.05,INR,2026-01-21T06:12:00,cust_4435,order_91810,captured,{}
pay_e894801f9659,pay_e894801f9659,merch_1d7b999b,34361.9,INR,2026-01-30T21:08:00,cust_3913,order_76046,captured,{}
pay_e815242903f8,pay_e815242903f8,merch_1d7b999b,31880.18,INR,2026-01-23T03:48:00,cust_6771,order_83699,captured,{}
pay_7427bff8d7d7,pay_7427bff8d7d7,merch_1d7b999b,28574.85,INR,2026-01-22T22:26:00,cust_9747,order_47477,captured,{}
pay_7d5590a94a5b,pay_7d5590a94a5b,merch_1d7b999b,21177.08,INR,2026-01-01T16:06:00,cust_1414,order_59921,captured,{}
pay_79e43bf685f8,pay_79e43bf685f8,merch_1d7b999b,33545.68,INR,2026-01-07T08:48:00,cust_3636,order_47567,captured,{}
pay_2b724eece647,pay_2b724eece647,merch_1d7b999b,7406.78,INR,2026-01-02T22:50:00,cust_5835,order_36738,captured,{}
pay_e1129456d2ca,pay_e1129456d2ca,merch_1d7b999b,1712.09,INR,2026-01-27T14:06:00,cust_4675,order_94819,captured,{}
pay_9a9091916024,pay_9a9091916024,merch_1d7b999b,11956.01,INR,2026-01-26T22:18:00,cust_1769,order_60014,captured,{}
pay_25851f996f54,pay_25851f996f54,merch_1d7b999b,47839.43,INR,2026-01-22T10:35:00,cust_1881,order_11699,captured,{}
pay_52fc8d6050bc,pay_52fc8d6050bc,merch_1d7b999b,10234.05,INR,2026-01-28T14:53:00,cust_4695,order_93071,captured,{}
pay_95d542024966,pay_95d542024966,merch_1d7b999b,32416.86,INR,2026-01-25T18:34:00,cust_4218,order_35362,captured,{}
pay_38b9ba26fe89,pay_38b9ba26fe89,merch_1d7b999b,8953.55,INR,2026-01-22T02:11:00,cust_3847,order_77350,captured,{}
pay_3cc9a94108bd,pay_3cc9a94108bd,merch_1d7b999b,2127.65,INR,2026-01-09T17:16:00,cust_3131,order_31093,captured,{}
pay_db7e771ace3f,pay_db7e771ace3f,merch_1d7b999b,12825.31,INR,2026-01-11T14:45:00,cust_3536,order_15235,captured,{}
pay_1487516d3c9b,pay_1487516d3c9b,merch_1d7b999b,16199.24,INR,2026-01-02T20:39:00,cust_5934,order_74297,captured,{}
pay_a4f6fd89ff18,pay_a4f6fd89ff18,merch_1d7b999b,27552.99,INR,2026-01-03T22:20:00,cust_9608,order_38830,captured,{}
pay_c0654d75562f,pay_c0654d75562f,merch_1d7b999b,26078.25,INR,2026-01-26T16:10:00,cust_7814,order_81182,captured,{}
pay_7c82e35f7da9,pay_7c82e35f7da9,merch_1d7b999b,4688.08,INR,2026-01-08T06:42:00,cust_6437,order_53393,captured,{}
pay_96104ad5a350,pay_96104ad5a350,merch_1d7b999b,11000.42,INR,2026-01-25T19:33:00,cust_8780,order_83575,captured,{}
pay_9d6383c04e2a,pay_9d6383c04e2a,merch_1d7b999b,49058.55,INR,2026-01-01T03:42:00,cust_6668,order_68414,captured,{}
pay_19a33b9b10ee,pay_19a33b9b10ee,merch_1d7b999b,32148.99,INR,2026-01-30T19:15:00,cust_1653,order_99463,captured,{}
pay_742348595e9a,pay_742348595e9a,merch_1d7b999b,19130.49,INR,2026-01-26T03:24:00,cust_5203,order_80809,captured,{}
pay_93edc5771696,pay_93edc5771696,merch_1d7b999b,1332.82,INR,2026-01-17T11:32:00,cust_9335,order_68400,captured,{}
pay_1b894150cb5c,pay_1b894150cb5c,merch_1d7b999b,14892.06,INR,2026-01-21T06:20:00,cust_9419,order_20793,captured,{}
pay_867c6b6aa6db,pay_867c6b6aa6db,merch_1d7b999b,8453.0,INR,2026-01-31T17:34:00,cust_1120,order_92173,captured,{}
pay_20ce2f86417b,pay_20ce2f86417b,merch_1d7b999b,33549.72,INR,2026-01-25T06:55:00,cust_7950,order_23621,captured,{}
pay_86520e11874a,pay_86520e11874a,merch_1d7b999b,41454.56,INR,2026-01-29T23:49:00,cust_8130,order_94746,captured,{}
pay_dd61fe96e045,pay_dd61fe96e045,merch_1d7b999b,3698.81,INR,2026-01-22T04:01:00,cust_8523,order_53478,captured,{}
pay_edcffe130ad4,pay_edcffe130ad4,merch_1d7b999b,3755.08,INR,2026-01-06T08:35:00,cust_2154,order_85361,captured,{}
pay_5ccf5243e9b5,pay_5ccf5243e9b5,merch_1d7b999b,45558.23,INR,2026-01-14T12:28:00,cust_7626,order_66757,captured,{}
pay_3e24248900f2,pay_3e24248900f2,merch_1d7b999b,19536.14,INR,2026-01-04T17:00:00,cust_2036,order_86756,captured,{}
pay_90f8671a352d,pay_90f8671a352d,merch_1d7b999b,42427.74,INR,2026-01-12T16:06:00,cust_5748,order_99899,captured,{}
pay_151c9dc1474f,pay_151c9dc1474f,merch_1d7b999b,4416.61,INR,2026-01-25T14:24:00,cust_7473,order_96602,captured,{}
pay_659d88f1895c,pay_659d88f1895c,merch_1d7b999b,7900.54,INR,2026-01-08T04:47:00,cust_7406,order_81529,captured,{}
pay_e949506ecee5,pay_e949506ecee5,merch_1d7b999b,31738.88,INR,2026-01-10T21:56:00,cust_7113,order_11461,captured,{}
pay_843a445ea7a1,pay_843a445ea7a1,merch_1d7b999b,27797.98,INR,2026-01-04T01:00:00,cust_7456,order_80405,captured,{}
pay_4d5b87cf938e,pay_4d5b87cf938e,merch_1d7b999b,4347.83,INR,2026-01-07T23:47:00,cust_6633,order_37752,captured,{}
pay_0c03f63c5d31,pay_0c03f63c5d31,merch_1d7b999b,32331.98,INR,2026-01-17T04:10:00,cust_4014,order_38939,captured,{}
pay_578f947ac1d6,pay_578f947ac1d6,merch_1d7b999b,12711.81,INR,2026-01-04T05:42:00,cust_1891,order_81939,captured,{}
pay_0d334f156b87,pay_0d334f156b87,merch_1d7b999b,27528.26,INR,2026-01-10T21:04:00,cust_5107,order_22871,captured,{}
pay_d92bdcdfbc3f,pay_d92bdcdfbc3f,merch_1d7b999b,29071.72,INR,2026-01-31T10:22:00,cust_3100,order_97988,captured,{}
pay_e72fb6d4c642,pay_e72fb6d4c642,merch_1d7b999b,5092.25,INR,2026-01-20T02:57:00,cust_4170,order_51652,captured,{}
pay_539a952b50d3,pay_539a952b50d3,merch_1d7b999b,16484.47,INR,2026-01-22T09:44:00,cust_3496,order_84128,captured,{}
pay_7e658db3cc69,pay_7e658db3cc69,merch_1d7b999b,40404.22,INR,2026-01-31T13:10:00,cust_1079,order_51053,captured,{}
pay_982a5114a7da,pay_982a5114a7da,merch_1d7b999b,11154.13,INR,2026-01-24T20:27:00,cust_5533,order_57118,captured,{}
pay_2784cd0ff696,pay_2784cd0ff696,merch_1d7b999b,36675.34,INR,2026-01-29T15:29:00,cust_8296,order_57020,captured,{}
pay_a7947be5169a,pay_a7947be5169a,merch_1d7b999b,24399.87,INR,2026-01-04T05:41:00,cust_2343,order_46780,captured,{}
pay_6136e939b656,pay_6136e939b656,merch_1d7b999b,7086.08,INR,2026-01-18T06:16:00,cust_2252,order_19882,captured,{}
pay_3efcfe84786f,pay_3efcfe84786f,merch_1d7b999b,42494.4,INR,2026-01-21T00:52:00,cust_7637,order_87337,captured,{}
pay_00234e7b64da,pay_00234e7b64da,merch_1d7b999b,1929.15,INR,2026-01-09T17:57:00,cust_9842,order_71879,captured,{}
pay_bde0834cf19b,pay_bde0834cf19b,merch_1d7b999b,7516.79,INR,2026-01-13T07:57:00,cust_5767,order_27548,captured,{}
pay_66e1c81b43ac,pay_66e1c81b43ac,merch_1d7b999b,25569.56,INR,2026-01-13T11:32:00,cust_1173,order_96858,captured,{}
pay_c7d2f5a81172,pay_c7d2f5a81172,merch_1d7b999b,48203.61,INR,2026-01-20T21:10:00,cust_9423,order_28398,captured,{}
pay_624e4454a4d8,pay_624e4454a4d8,merch_1d7b999b,9039.34,INR,2026-01-31T18:42:00,cust_3395,order_73373,captured,{}
pay_874b7054ab98,pay_874b7054ab98,merch_1d7b999b,2116.95,INR,2026-01-25T15:14:00,cust_2029,order_44649,captured,{}
pay_28fceff57b74,pay_28fceff57b74,merch_1d7b999b,2236.14,INR,2026-01-07T16:58:00,cust_6918,order_60868,captured,{}
pay_f6d8e0d39377,pay_f6d8e0d39377,merch_1d7b999b,22786.71,INR,2026-01-02T01:41:00,cust_6309,order_23529,captured,{}
pay_4d2130aab113,pay_4d2130aab113,merch_1d7b999b,26116.51,INR,2026-01-27T08:53:00,cust_5314,order_85842,captured,{}
pay_3c15dce9fea7,pay_3c15dce9fea7,merch_1d7b999b,8775.11,INR,2026-01-21T12:23:00,cust_2275,order_77720,captured,{}
pay_2d91976767cb,pay_2d91976767cb,merch_1d7b999b,48636.44,INR,2026-01-08T16:25:00,cust_6781,order_55224,captured,{}
pay_fbdd31cb26f6,pay_fbdd31cb26f6,merch_1d7b999b,24157.29,INR,2026-01-20T00:32:00,cust_3276,order_67658,captured,{}
pay_57b320f05711,pay_57b320f05711,merch_1d7b999b,3946.7,INR,2026-01-21T08:13:00,cust_3461,order_34498,captured,{}
pay_8c14ce0b48d0,pay_8c14ce0b48d0,merch_1d7b999b,30140.81,INR,2026-01-27T03:42:00,cust_4773,order_64344,captured,{}
pay_43f1d3e128de,pay_43f1d3e128de,merch_1d7b999b,36040.76,INR,2026-01-16T21:30:00,cust_8848,order_37617,captured,{}
pay_7f214387a24d,pay_7f214387a24d,merch_1d7b999b,32398.24,INR,2026-01-14T00:15:00,cust_1706,order_26762,captured,{}
pay_ae1fe418c6a6,pay_ae1fe418c6a6,merch_1d7b999b,8140.34,INR,2026-01-21T16:02:00,cust_3406,order_17328,captured,{}
pay_1b23d5d3f7f6,pay_1b23d5d3f7f6,merch_1d7b999b,46130.1,INR,2026-01-17T12:38:00,cust_1305,order_96736,captured,{}
pay_329bfabdfbb2,pay_329bfabdfbb2,merch_1d7b999b,47367.97,INR,2026-01-07T14:38:00,cust_8723,order_73133,captured,{}
pay_9e2943ef6602,pay_9e2943ef6602,merch_1d7b999b,41535.14,INR,2026-01-20T04:50:00,cust_3979,order_91685,captured,{}
pay_a472ebd3b358,pay_a472ebd3b358,merch_1d7b999b,13299.58,INR,2026-01-24T21:21:00,cust_8429,order_88188,captured,{}
pay_232607659499,pay_232607659499,merch_1d7b999b,11567.71,INR,2026-01-13T04:06:00,cust_1271,order_36522,captured,{}
pay_f3c18f59be81,pay_f3c18f59be81,merch_1d7b999b,45476.03,INR,2026-01-22T13:52:00,cust_3450,order_89365,captured,{}
pay_6f4fc80856fb,pay_6f4fc80856fb,merch_1d7b999b,23845.87,INR,2026-01-20T19:02:00,cust_9706,order_75972,captured,{}
pay_6878399c8270,pay_6878399c8270,merch_1d7b999b,4750.18,INR,2026-01-22T04:57:00,cust_9835,order_10157,captured,{}
pay_cc643ff94a2e,pay_cc643ff94a2e,merch_1d7b999b,38766.03,INR,2026-01-21T13:33:00,cust_7892,order_58546,captured,{}
pay_1ba450900bff,pay_1ba450900bff,merch_1d7b999b,34912.38,INR,2026-01-14T07:51:00,cust_8899,order_59969,captured,{}
pay_a3d170ea7839,pay_a3d170ea7839,merch_1d7b999b,40250.59,INR,2026-01-30T22:36:00,cust_2600,order_65769,captured,{}
pay_cb520cda17e3,pay_cb520cda17e3,merch_1d7b999b,23909.35,INR,2026-01-08T02:18:00,cust_9908,order_63562,captured,{}
pay_fa715189146e,pay_fa715189146e,merch_1d7b999b,372.93,INR,2026-01-24T00:36:00,cust_9561,order_25444,captured,{}
pay_d21ddeeb887e,pay_d21ddeeb887e,merch_1d7b999b,18813.99,INR,2026-01-07T22:51:00,cust_6175,order_63588,captured,{}
pay_b974fac6778d,pay_b974fac6778d,merch_1d7b999b,7823.45,INR,2026-01-21T18:16:00,cust_5281,order_80268,captured,{}
pay_2bff3873cdc2,pay_2bff3873cdc2,merch_1d7b999b,18345.64,INR,2026-01-09T21:25:00,cust_4337,order_64162,captured,{}
pay_12c698ff0ff5,pay_12c698ff0ff5,merch_1d7b999b,27922.38,INR,2026-01-06T11:35:00,cust_8925,order_43263,captured,{}
pay_03b583b48e24,pay_03b583b48e24,merch_1d7b999b,28924.79,INR,2026-01-25T22:25:00,cust_3262,order_96413,captured,{}
pay_c131e13cbe3a,pay_c131e13cbe3a,merch_1d7b999b,11565.59,INR,2026-01-26T22:10:00,cust_2642,order_38109,captured,{}
pay_5b54f564b007,pay_5b54f564b007,merch_1d7b999b,39325.45,INR,2026-01-26T17:39:00,cust_1852,order_31068,captured,{}
pay_95f7d7a62111,pay_95f7d7a62111,merch_1d7b999b,31830.24,INR,2026-01-26T02:52:00,cust_3381,order_71822,captured,{}
pay_7f1c809d2bb6,pay_7f1c809d2bb6,merch_1d7b999b,21825.33,INR,2026-01-03T08:14:00,cust_7075,order_20490,captured,{}
pay_84a3bb37bcc6,pay_84a3bb37bcc6,merch_1d7b999b,36252.29,INR,2026-01-30T12:39:00,cust_9536,order_47548,captured,{}
pay_a38c740f4352,pay_a38c740f4352,merch_1d7b999b,29913.88,INR,2026-01-31T05:40:00,cust_9099,order_67536,captured,{}
pay_db914503e85e,pay_db914503e85e,merch_1d7b999b,42543.33,INR,2026-01-30T16:18:00,cust_4190,order_14405,captured,{}
pay_5489760844aa,pay_5489760844aa,merch_1d7b999b,25576.34,INR,2026-01-23T07:39:00,cust_3776,order_98345,captured,{}
pay_6a94d7d254c7,pay_6a94d7d254c7,merch_1d7b999b,12038.91,INR,2026-01-01T05:05:00,cust_5520,order_62354,captured,{}
pay_b9449aa85d0a,pay_b9449aa85d0a,merch_1d7b999b,19817.64,INR,2026-01-19T06:33:00,cust_1251,order_18993,captured,{}
pay_02bb501bfd99,pay_02bb501bfd99,merch_1d7b999b,27524.67,INR,2026-01-24T17:58:00,cust_6703,order_55544,captured,{}
pay_a259383b8e1e,pay_a259383b8e1e,merch_1d7b999b,13897.74,INR,2026-01-20T06:29:00,cust_7618,order_85354,captured,{}
pay_da55f2d4b290,pay_da55f2d4b290,merch_1d7b999b,8834.24,INR,2026-01-17T03:35:00,cust_2185,order_75951,captured,{}
pay_3f2af6c579fb,pay_3f2af6c579fb,merch_1d7b999b,47356.07,INR,2026-01-26T16:16:00,cust_9813,order_85352,captured,{}
pay_a588d6af2fc2,pay_a588d6af2fc2,merch_1d7b999b,22194.16,INR,2026-01-13T18:30:00,cust_4985,order_54520,captured,{}
pay_619b61e90a3b,pay_619b61e90a3b,merch_1d7b999b,22996.54,INR,2026-01-15T18:55:00,cust_1448,order_73172,captured,{}
pay_9440b1a1353b,pay_9440b1a1353b,merch_1d7b999b,3470.96,INR,2026-01-21T07:43:00,cust_4767,order_51383,captured,{}
pay_b6f17c138be5,pay_b6f17c138be5,merch_1d7b999b,17719.5,INR,2026-01-18T00:44:00,cust_5314,order_42539,captured,{}
pay_4d8aea25e941,pay_4d8aea25e941,merch_1d7b999b,20006.64,INR,2026-01-24T10:04:00,cust_3924,order_72463,captured,{}
pay_d0aff2fd6138,pay_d0aff2fd6138,merch_1d7b999b,11006.45,INR,2026-01-19T08:11:00,cust_4115,order_75404,captured,{}
pay_a76024e3dfdc,pay_a76024e3dfdc,merch_1d7b999b,11819.58,INR,2026-01-08T08:13:00,cust_4755,order_36577,captured,{}
pay_055570535cd4,pay_055570535cd4,merch_1d7b999b,41833.1,INR,2026-01-12T04:49:00,cust_2747,order_25712,captured,{}
pay_5dff6477abb6,pay_5dff6477abb6,merch_1d7b999b,33823.03,INR,2026-01-22T15:39:00,cust_1108,order_80972,captured,{}
pay_89cb7631f240,pay_89cb7631f240,merch_1d7b999b,42415.73,INR,2026-01-12T19:20:00,cust_9066,order_85303,captured,{}
pay_4faf247a3fe6,pay_4faf247a3fe6,merch_1d7b999b,24591.19,INR,2026-01-25T16:17:00,cust_7518,order_39110,captured,{}
pay_9e880aa5b9e3,pay_9e880aa5b9e3,merch_1d7b999b,6499.47,INR,2026-01-17T13:30:00,cust_9859,order_14268,captured,{}
pay_9f8c523bfdcb,pay_9f8c523bfdcb,merch_1d7b999b,19746.47,INR,2026-01-22T05:29:00,cust_2972,order_77922,captured,{}
pay_92158f96b14e,pay_92158f96b14e,merch_1d7b999b,34491.61,INR,2026-01-01T21:13:00,cust_7216,order_86153,captured,{}
pay_af4552640d59,pay_af4552640d59,merch_1d7b999b,18143.96,INR,2026-01-28T08:11:00,cust_9987,order_44452,captured,{}
pay_edff29022514,pay_edff29022514,merch_1d7b999b,23620.13,INR,2026-01-20T10:23:00,cust_4013,order_75374,captured,{}
pay_a29305f6ca40,pay_a29305f6ca40,merch_1d7b999b,21012.74,INR,2026-01-25T11:23:00,cust_7563,order_46651,captured,{}
pay_9fe0dccf28d3,pay_9fe0dccf28d3,merch_1d7b999b,28613.34,INR,2026-01-19T21:14:00,cust_2636,order_45382,captured,{}
pay_ecf484657c61,pay_ecf484657c61,merch_1d7b999b,27811.47,INR,2026-01-28T12:12:00,cust_3389,order_29601,captured,{}
pay_3d67ceb42508,pay_3d67ceb42508,merch_1d7b999b,586.14,INR,2026-01-14T15:08:00,cust_9470,order_79990,captured,{}
pay_bca93ebcd9e7,pay_bca93ebcd9e7,merch_1d7b999b,39288.11,INR,2026-01-10T08:35:00,cust_1781,order_62219,captured,{}
pay_c47c6d09e332,pay_c47c6d09e332,merch_1d7b999b,8250.76,INR,2026-01-07T08:30:00,cust_2577,order_68963,captured,{}
pay_b44eeeb830f6,pay_b44eeeb830f6,merch_1d7b999b,13062.48,INR,2026-01-12T17:35:00,cust_5222,order_55107,captured,{}
pay_cf21f17c32da,pay_cf21f17c32da,merch_1d7b999b,6149.75,INR,2026-01-28T21:38:00,cust_4259,order_85609,captured,{}
pay_3fea83461313,pay_3fea83461313,merch_1d7b999b,32491.63,INR,2026-01-06T09:22:00,cust_6326,order_98236,captured,{}
pay_c593553cac86,pay_c593553cac86,merch_1d7b999b,38759.74,INR,2026-01-15T02:24:00,cust_5694,order_70784,captured,{}
pay_bca0d26a32a5,pay_bca0d26a32a5,merch_1d7b999b,7327.93,INR,2026-01-06T20:51:00,cust_6527,order_65288,captured,{}
pay_3a77aafbfc90,pay_3a77aafbfc90,merch_1d7b999b,28624.71,INR,2026-01-28T02:05:00,cust_3654,order_55039,captured,{}
pay_71018fbc0d89,pay_71018fbc0d89,merch_1d7b999b,15912.22,INR,2026-01-10T22:17:00,cust_7479,order_45553,captured,{}
pay_68e5e537d1fc,pay_68e5e537d1fc,merch_1d7b999b,39070.6,INR,2026-01-31T11:47:00,cust_9535,order_69020,captured,{}
pay_2e4ef9e65df4,pay_2e4ef9e65df4,merch_1d7b999b,9275.92,INR,2026-01-01T04:46:00,cust_4844,order_96772,captured,{}
pay_e62527221bc1,pay_e62527221bc1,merch_1d7b999b,37219.38,INR,2026-01-24T02:13:00,cust_3734,order_62041,captured,{}
pay_e744c9f49800,pay_e744c9f49800,merch_1d7b999b,3283.24,INR,2026-01-29T15:35:00,cust_1881,order_13455,captured,{}
pay_31ef5607ba7a,pay_31ef5607ba7a,merch_1d7b999b,26246.74,INR,2026-01-03T03:16:00,cust_3544,order_21050,captured,{}
pay_7f25722636b7,pay_7f25722636b7,merch_1d7b999b,44285.02,INR,2026-01-10T07:15:00,cust_5655,order_68085,captured,{}
pay_9e982391bcaf,pay_9e982391bcaf,merch_1d7b999b,6650.73,INR,2026-01-27T05:01:00,cust_1575,order_96972,captured,{}
pay_c952544685a2,pay_c952544685a2,merch_1d7b999b,45772.09,INR,2026-01-28T15:29:00,cust_9856,order_45705,captured,{}
pay_f70ef4b6e4e2,pay_f70ef4b6e4e2,merch_1d7b999b,6842.23,INR,2026-01-31T22:34:00,cust_3900,order_87441,captured,{}
pay_b3ab5f8169a1,pay_b3ab5f8169a1,merch_1d7b999b,31589.27,INR,2026-01-21T18:27:00,cust_9576,order_93858,captured,{}
pay_918ad33475d4,pay_918ad33475d4,merch_1d7b999b,15552.1,INR,2026-01-12T15:34:00,cust_4721,order_21738,captured,{}
pay_9c4ee83e65ab,pay_9c4ee83e65ab,merch_1d7b999b,18352.59,INR,2026-01-09T04:19:00,cust_1172,order_10012,captured,{}
pay_60b560d447a6,pay_60b560d447a6,merch_1d7b999b,37938.84,INR,2026-01-05T11:18:00,cust_8687,order_80136,captured,{}
pay_6906d9a6f4d0,pay_6906d9a6f4d0,merch_1d7b999b,46112.21,INR,2026-01-31T15:19:00,cust_1149,order_66418,captured,{}
pay_be8ac8c066dd,pay_be8ac8c066dd,merch_1d7b999b,29890.49,INR,2026-01-26T00:35:00,cust_7121,order_34716,captured,{}
pay_1584bd120c70,pay_1584bd120c70,merch_1d7b999b,28071.66,INR,2026-01-13T07:10:00,cust_7385,order_59592,captured,{}
pay_602cdad01ec7,pay_602cdad01ec7,merch_1d7b999b,4052.57,INR,2026-01-21T07:33:00,cust_5454,order_47313,captured,{}
pay_c295f3111128,pay_c295f3111128,merch_1d7b999b,26644.02,INR,2026-01-09T13:12:00,cust_2121,order_33908,captured,{}
pay_8a6143d27ff2,pay_8a6143d27ff2,merch_1d7b999b,5606.78,INR,2026-01-15T19:28:00,cust_5458,order_91625,captured,{}
pay_8a54d3608b7b,pay_8a54d3608b7b,merch_1d7b999b,16100.12,INR,2026-01-05T01:34:00,cust_1362,order_34371,captured,{}
pay_e09a497f6e82,pay_e09a497f6e82,merch_1d7b999b,14177.52,INR,2026-01-05T22:28:00,cust_1134,order_40514,captured,{}
pay_f182d94d0a6a,pay_f182d94d0a6a,merch_1d7b999b,834.77,INR,2026-01-07T10:26:00,cust_6104,order_75325,captured,{}
pay_6924bb0d2f6c,pay_6924bb0d2f6c,merch_1d7b999b,23237.85,INR,2026-01-26T01:21:00,cust_2314,order_29148,captured,{}
pay_72188563fcfc,pay_72188563fcfc,merch_1d7b999b,38805.08,INR,2026-01-03T17:30:00,cust_3975,order_35191,captured,{}
pay_7a5684bd5b9b,pay_7a5684bd5b9b,merch_1d7b999b,12578.97,INR,2026-01-13T00:07:00,cust_5078,order_60436,captured,{}
pay_d6d12a40b18f,pay_d6d12a40b18f,merch_1d7b999b,22203.75,INR,2026-01-24T01:12:00,cust_8550,order_22315,captured,{}
pay_959b54be98cc,pay_959b54be98cc,merch_1d7b999b,49107.58,INR,2026-01-16T12:43:00,cust_6113,order_52344,captured,{}
pay_e229227fd874,pay_e229227fd874,merch_1d7b999b,36439.03,INR,2026-01-24T17:33:00,cust_3001,order_43202,captured,{}
pay_31acad3bda86,pay_31acad3bda86,merch_1d7b999b,15010.77,INR,2026-01-12T01:55:00,cust_4568,order_24801,captured,{}
pay_ee968919cbe8,pay_ee968919cbe8,merch_1d7b999b,21764.67,INR,2026-01-01T05:50:00,cust_5523,order_86637,captured,{}
pay_f98ed8b13415,pay_f98ed8b13415,merch_1d7b999b,39478.27,INR,2026-01-01T01:37:00,cust_8786,order_88146,captured,{}
pay_dc71dc907129,pay_dc71dc907129,merch_1d7b999b,38562.77,INR,2026-01-08T05:31:00,cust_2497,order_99908,captured,{}
pay_df3850ce9838,pay_df3850ce9838,merch_1d7b999b,46549.35,INR,2026-01-25T20:03:00,cust_1979,order_56598,captured,{}
pay_a739e09f72f1,pay_a739e09f72f1,merch_1d7b999b,35096.27,INR,2026-01-26T03:08:00,cust_8992,order_40497,captured,{}
pay_4e9066fd3957,pay_4e9066fd3957,merch_1d7b999b,27961.69,INR,2026-01-21T11:51:00,cust_8187,order_35292,captured,{}
pay_cc2aaacf6857,pay_cc2aaacf6857,merch_1d7b999b,18950.67,INR,2026-01-24T04:16:00,cust_1646,order_73609,captured,{}
pay_9acada6f3f68,pay_9acada6f3f68,merch_1d7b999b,27995.34,INR,2026-01-18T22:31:00,cust_4109,order_84278,captured,{}
pay_e89015222b57,pay_e89015222b57,merch_1d7b999b,17448.47,INR,2026-01-24T14:17:00,cust_3627,order_19027,captured,{}
pay_9c6d6436eded,pay_9c6d6436eded,merch_1d7b999b,22524.27,INR,2026-01-27T08:34:00,cust_7014,order_69517,captured,{}
pay_d4c83ede9959,pay_d4c83ede9959,merch_1d7b999b,31937.5,INR,2026-01-13T23:11:00,cust_1306,order_91229,captured,{}
pay_25adb69f926f,pay_25adb69f926f,merch_1d7b999b,38823.23,INR,2026-01-08T10:46:00,cust_2037,order_96283,captured,{}
pay_fc17c4c65fd4,pay_fc17c4c65fd4,merch_1d7b999b,40970.58,INR,2026-01-07T16:43:00,cust_9151,order_82281,captured,{}
pay_6361d8491618,pay_6361d8491618,merch_1d7b999b,14228.14,INR,2026-01-14T20:20:00,cust_2809,order_22616,captured,{}
pay_5104b835bc99,pay_5104b835bc99,merch_1d7b999b,3427.32,INR,2026-01-27T04:11:00,cust_1512,order_36486,captured,{}
pay_0351b0eea4b4,pay_0351b0eea4b4,merch_1d7b999b,9661.67,INR,2026-01-02T18:41:00,cust_7366,order_96235,captured,{}
pay_d3e37a70acdf,pay_d3e37a70acdf,merch_1d7b999b,31236.13,INR,2026-01-19T08:03:00,cust_7002,order_38930,captured,{}
pay_0d3247c4e793,pay_0d3247c4e793,merch_1d7b999b,3636.61,INR,2026-01-30T06:41:00,cust_9051,order_20480,captured,{}
pay_5ca638b6edd8,pay_5ca638b6edd8,merch_1d7b999b,31981.94,INR,2026-01-12T17:47:00,cust_7814,order_58374,captured,{}
pay_9af1246cf780,pay_9af1246cf780,merch_1d7b999b,3009.17,INR,2026-01-20T08:33:00,cust_1666,order_19225,captured,{}
pay_4c0bc4bd1756,pay_4c0bc4bd1756,merch_1d7b999b,3988.98,INR,2026-01-07T16:06:00,cust_2658,order_40279,captured,{}
pay_d0cbea082193,pay_d0cbea082193,merch_1d7b999b,9554.07,INR,2026-01-17T21:15:00,cust_3931,order_83193,captured,{}
pay_3c5434a656ff,pay_3c5434a656ff,merch_1d7b999b,20817.71,INR,2026-01-04T20:36:00,cust_6864,order_98407,captured,{}
pay_0b5ccbde7cdc,pay_0b5ccbde7cdc,merch_1d7b999b,33295.59,INR,2026-01-29T03:10:00,cust_3955,order_82085,captured,{}
pay_d784f80a4dc9,pay_d784f80a4dc9,merch_1d7b999b,16941.89,INR,2026-01-06T17:38:00,cust_8258,order_56179,captured,{}
pay_a36675da6cdd,pay_a36675da6cdd,merch_1d7b999b,27549.06,INR,2026-01-11T11:26:00,cust_8054,order_52395,captured,{}
pay_1fbe9817750a,pay_1fbe9817750a,merch_1d7b999b,28200.92,INR,2026-01-07T12:49:00,cust_5162,order_57187,captured,{}
pay_a19245a03adf,pay_a19245a03adf,merch_1d7b999b,22430.24,INR,2026-01-13T00:46:00,cust_1567,order_47287,captured,{}
pay_5e9000c23046,pay_5e9000c23046,merch_1d7b999b,25928.71,INR,2026-01-29T09:00:00,cust_5920,order_39083,captured,{}
pay_04057a4470aa,pay_04057a4470aa,merch_1d7b999b,15813.74,INR,2026-01-25T22:52:00,cust_5521,order_82569,captured,{}
pay_8226350eb787,pay_8226350eb787,merch_1d7b999b,28576.34,INR,2026-01-19T04:06:00,cust_1618,order_70341,captured,{}
pay_f54f592bc880,pay_f54f592bc880,merch_1d7b999b,7006.57,INR,2026-01-12T18:15:00,cust_4817,order_43586,captured,{}
pay_0d53f1f4cdef,pay_0d53f1f4cdef,merch_1d7b999b,4686.07,INR,2026-01-13T18:58:00,cust_4562,order_20118,captured,{}
pay_c161f291c2bd,pay_c161f291c2bd,merch_1d7b999b,39665.92,INR,2026-01-06T15:52:00,cust_2562,order_88018,captured,{}
pay_171c643f44da,pay_171c643f44da,merch_1d7b999b,1964.84,INR,2026-01-26T18:24:00,cust_2285,order_17329,captured,{}
pay_a94634851bcb,pay_a94634851bcb,merch_1d7b999b,16786.04,INR,2026-01-29T13:26:00,cust_2974,order_39716,captured,{}
pay_3fce18487353,pay_3fce18487353,merch_1d7b999b,42488.96,INR,2026-01-30T00:40:00,cust_7266,order_17094,captured,{}
pay_6a49b3a6a7fa,pay_6a49b3a6a7fa,merch_1d7b999b,2154.99,INR,2026-01-18T18:09:00,cust_6354,order_75850,captured,{}
pay_e83ab4947021,pay_e83ab4947021,merch_1d7b999b,7744.55,INR,2026-01-22T23:25:00,cust_8300,order_88005,captured,{}
pay_9df5aba016bd,pay_9df5aba016bd,merch_1d7b999b,4595.14,INR,2026-01-14T09:50:00,cust_7460,order_29400,captured,{}
pay_607cfe2cc180,pay_607cfe2cc180,merch_1d7b999b,4219.0,INR,2026-01-19T23:03:00,cust_9980,order_62322,captured,{}
pay_0940c1c6011d,pay_0940c1c6011d,merch_1d7b999b,19986.5,INR,2026-01-14T22:08:00,cust_3209,order_73035,captured,{}
pay_305f8708bcbe,pay_305f8708bcbe,merch_1d7b999b,24444.27,INR,2026-01-21T18:12:00,cust_9589,order_42275,captured,{}
pay_94117ab37e23,pay_94117ab37e23,merch_1d7b999b,13386.23,INR,2026-01-14T10:43:00,cust_2467,order_24749,captured,{}
pay_bb722ea748b9,pay_bb722ea748b9,merch_1d7b999b,21234.68,INR,2026-01-12T06:20:00,cust_6644,order_87840,captured,{}
pay_e9ce8369856d,pay_e9ce8369856d,merch_1d7b999b,38507.1,INR,2026-01-06T11:39:00,cust_8245,order_91681,captured,{}
pay_d3c84033173a,pay_d3c84033173a,merch_1d7b999b,2339.39,INR,2026-01-27T07:12:00,cust_7124,order_30446,captured,{}
pay_fb7f30959349,pay_fb7f30959349,merch_1d7b999b,42652.93,INR,2026-01-04T23:03:00,cust_4982,order_91396,captured,{}
pay_083f15b47e6c,pay_083f15b47e6c,merch_1d7b999b,43450.74,INR,2026-01-27T09:00:00,cust_6624,order_24585,captured,{}
pay_1ad9a2c66ca7,pay_1ad9a2c66ca7,merch_1d7b999b,23612.4,INR,2026-01-11T06:47:00,cust_9814,order_37770,captured,{}
pay_8fac1efc76ae,pay_8fac1efc76ae,merch_1d7b999b,26210.97,INR,2026-01-09T17:30:00,cust_3315,order_97590,captured,{}
pay_ba7bffc94927,pay_ba7bffc94927,merch_1d7b999b,29191.95,INR,2026-01-22T16:02:00,cust_5185,order_32324,captured,{}
pay_23581b556435,pay_23581b556435,merch_1d7b999b,10114.73,INR,2026-01-23T19:17:00,cust_1869,order_70943,captured,{}
pay_ce652a3c5f32,pay_ce652a3c5f32,merch_1d7b999b,515.88,INR,2026-01-13T21:17:00,cust_6901,order_24141,captured,{}
pay_f9d5c4858056,pay_f9d5c4858056,merch_1d7b999b,43383.78,INR,2026-01-21T12:14:00,cust_7237,order_76655,captured,{}
pay_7ecb7f3d19dd,pay_7ecb7f3d19dd,merch_1d7b999b,5070.23,INR,2026-01-11T15:55:00,cust_9709,order_21537,captured,{}
pay_145ba2cf66eb,pay_145ba2cf66eb,merch_1d7b999b,25082.48,INR,2026-01-15T17:59:00,cust_1352,order_15210,captured,{}
pay_bb35ca43f054,pay_bb35ca43f054,merch_1d7b999b,26517.83,INR,2026-01-11T15:25:00,cust_3572,order_12408,captured,{}
pay_61c199d4dd6a,pay_61c199d4dd6a,merch_1d7b999b,17660.46,INR,2026-01-21T09:15:00,cust_9212,order_46159,captured,{}
pay_d317dc6247ff,pay_d317dc6247ff,merch_1d7b999b,31327.04,INR,2026-01-29T12:56:00,cust_1482,order_82737,captured,{}
pay_acff9c3e0b9c,pay_acff9c3e0b9c,merch_1d7b999b,11356.58,INR,2026-01-11T12:42:00,cust_3248,order_21507,captured,{}
pay_bee60c37eaee,pay_bee60c37eaee,merch_1d7b999b,26083.82,INR,2026-01-22T19:55:00,cust_4726,order_64700,captured,{}
pay_9cdae8d1099a,pay_9cdae8d1099a,merch_1d7b999b,7722.18,INR,2026-01-10T19:21:00,cust_8359,order_81071,captured,{}
pay_d346ab9ebcb7,pay_d346ab9ebcb7,merch_1d7b999b,32658.39,INR,2026-01-19T17:43:00,cust_4314,order_28102,captured,{}
pay_64e657c22698,pay_64e657c22698,merch_1d7b999b,35286.31,INR,2026-01-17T04:27:00,cust_3378,order_96013,captured,{}
pay_edaef1cefa7b,pay_edaef1cefa7b,merch_1d7b999b,45863.89,INR,2026-01-11T02:35:00,cust_9732,order_25517,captured,{}
pay_5627522a3098,pay_5627522a3098,merch_1d7b999b,41992.17,INR,2026-01-05T23:01:00,cust_6221,order_64269,captured,{}
pay_d52e4c6c8d0a,pay_d52e4c6c8d0a,merch_1d7b999b,15237.07,INR,2026-01-24T20:59:00,cust_5485,order_29917,captured,{}
pay_c2899477ab88,pay_c2899477ab88,merch_1d7b999b,5427.89,INR,2026-01-06T00:48:00,cust_5372,order_89377,captured,{}
pay_8efce7d9ece0,pay_8efce7d9ece0,merch_1d7b999b,11622.48,INR,2026-01-08T07:43:00,cust_1427,order_57089,captured,{}
pay_eb72547686ea,pay_eb72547686ea,merch_1d7b999b,39013.33,INR,2026-01-05T16:54:00,cust_8680,order_95140,captured,{}
pay_95701787416f,pay_95701787416f,merch_1d7b999b,42621.26,INR,2026-01-16T15:08:00,cust_3683,order_35330,captured,{}
pay_43c304ef1548,pay_43c304ef1548,merch_1d7b999b,20488.6,INR,2026-01-01T08:26:00,cust_4646,order_97993,captured,{}
pay_2b89a68058a0,pay_2b89a68058a0,merch_1d7b999b,37913.05,INR,2026-01-03T05:59:00,cust_8197,order_90879,captured,{}
pay_ff2b32ecb3bb,pay_ff2b32ecb3bb,merch_1d7b999b,16312.29,INR,2026-01-15T07:27:00,cust_7633,order_15482,captured,{}
pay_e0d8239bd6bd,pay_e0d8239bd6bd,merch_1d7b999b,41233.99,INR,2026-01-24T10:25:00,cust_9784,order_78843,captured,{}
pay_b6eb491c75ca,pay_b6eb491c75ca,merch_1d7b999b,35235.22,INR,2026-01-02T16:06:00,cust_8399,order_69886,captured,{}
pay_e58f581b3f8d,pay_e58f581b3f8d,merch_1d7b999b,2216.55,INR,2026-01-08T16:34:00,cust_7481,order_15144,captured,{}
pay_d8599558b2fd,pay_d8599558b2fd,merch_1d7b999b,25854.72,INR,2026-01-21T01:12:00,cust_5770,order_67613,captured,{}
pay_3679a6c2c85b,pay_3679a6c2c85b,merch_1d7b999b,15297.25,INR,2026-01-27T09:29:00,cust_3727,order_65372,captured,{}
pay_c716f28ccbbd,pay_c716f28ccbbd,merch_1d7b999b,45959.74,INR,2026-01-23T16:57:00,cust_3330,order_70762,captured,{}
pay_fb3032f9f282,pay_fb3032f9f282,merch_1d7b999b,22639.73,INR,2026-01-24T16:07:00,cust_3945,order_86735,captured,{}
pay_4480d07071f4,pay_4480d07071f4,merch_1d7b999b,34836.1,INR,2026-01-05T12:26:00,cust_6299,order_69098,captured,{}
pay_615b30e42e9b,pay_615b30e42e9b,merch_1d7b999b,22738.67,INR,2026-01-29T22:57:00,cust_4308,order_69596,captured,{}
pay_eb6f0ed245b9,pay_eb6f0ed245b9,merch_1d7b999b,16271.33,INR,2026-01-21T22:50:00,cust_3686,order_26193,captured,{}
pay_03f4a02493fc,pay_03f4a02493fc,merch_1d7b999b,35340.71,INR,2026-01-21T11:05:00,cust_9582,order_60343,captured,{}
pay_0d205967d5da,pay_0d205967d5da,merch_1d7b999b,48762.05,INR,2026-01-20T05:24:00,cust_7235,order_15754,captured,{}
pay_25bd2f257209,pay_25bd2f257209,merch_1d7b999b,45621.41,INR,2026-01-19T21:55:00,cust_3459,order_31249,captured,{}
pay_c1924a48c8ca,pay_c1924a48c8ca,merch_1d7b999b,9025.45,INR,2026-01-23T01:26:00,cust_6047,order_50569,captured,{}
pay_41ad8e1b9e38,pay_41ad8e1b9e38,merch_1d7b999b,48052.21,INR,2026-01-10T20:11:00,cust_2926,order_27245,captured,{}
pay_e7f5ff21970c,pay_e7f5ff21970c,merch_1d7b999b,276.29,INR,2026-01-25T08:00:00,cust_8514,order_75225,captured,{}
pay_b1eeef8c9697,pay_b1eeef8c9697,merch_1d7b999b,27220.71,INR,2026-01-01T19:56:00,cust_9084,order_41179,captured,{}
pay_5d265dc017fa,pay_5d265dc017fa,merch_1d7b999b,33007.58,INR,2026-01-15T13:28:00,cust_2300,order_88802,captured,{}
pay_6ba23d602a13,pay_6ba23d602a13,merch_1d7b999b,12311.19,INR,2026-01-18T08:39:00,cust_4401,order_16411,captured,{}
pay_7489014c4ad4,pay_7489014c4ad4,merch_1d7b999b,2847.69,INR,2026-01-12T01:09:00,cust_1531,order_97424,captured,{}
pay_fe60fe11050d,pay_fe60fe11050d,merch_1d7b999b,30203.94,INR,2026-01-11T02:03:00,cust_2784,order_64651,captured,{}
pay_ae3cf5243f8c,pay_ae3cf5243f8c,merch_1d7b999b,8150.63,INR,2026-01-10T19:42:00,cust_3906,order_69682,captured,{}
pay_811fa9b139d1,pay_811fa9b139d1,merch_1d7b999b,18073.41,INR,2026-01-02T02:49:00,cust_5903,order_52312,captured,{}
pay_a0b16175d306,pay_a0b16175d306,merch_1d7b999b,19009.07,INR,2026-01-03T13:53:00,cust_2063,order_48382,captured,{}
pay_6dea5ba65128,pay_6dea5ba65128,merch_1d7b999b,6188.96,INR,2026-01-28T08:21:00,cust_9635,order_64232,captured,{}
pay_4aa3ba6d1236,pay_4aa3ba6d1236,merch_1d7b999b,34821.89,INR,2026-01-20T01:06:00,cust_9666,order_21491,captured,{}
pay_465b7b103d31,pay_465b7b103d31,merch_1d7b999b,34463.85,INR,2026-01-30T22:18:00,cust_7996,order_89802,captured,{}
pay_2771e3886d85,pay_2771e3886d85,merch_1d7b999b,13057.04,INR,2026-01-19T19:22:00,cust_3125,order_90516,captured,{}
pay_27ab87b3b19f,pay_27ab87b3b19f,merch_1d7b999b,26033.32,INR,2026-01-21T15:31:00,cust_3947,order_89876,captured,{}
pay_c9e6c5fcca54,pay_c9e6c5fcca54,merch_1d7b999b,14595.35,INR,2026-01-07T00:07:00,cust_1392,order_70933,captured,{}
pay_596195aecc0a,pay_596195aecc0a,merch_1d7b999b,5984.49,INR,2026-01-28T06:51:00,cust_7793,order_64269,captured,{}
pay_b742164c7a7c,pay_b742164c7a7c,merch_1d7b999b,17547.54,INR,2026-01-26T20:13:00,cust_1185,order_93967,captured,{}
pay_c12b7c4f2865,pay_c12b7c4f2865,merch_1d7b999b,14153.17,INR,2026-01-26T02:19:00,cust_5919,order_76412,captured,{}
pay_14fa9815dcb5,pay_14fa9815dcb5,merch_1d7b999b,38374.93,INR,2026-01-04T21:21:00,cust_6592,order_61910,captured,{}
pay_67f162a60007,pay_67f162a60007,merch_1d7b999b,30838.07,INR,2026-01-01T05:12:00,cust_6415,order_54294,captured,{}
pay_4954ed9b008e,pay_4954ed9b008e,merch_1d7b999b,24007.5,INR,2026-01-16T01:41:00,cust_3224,order_73110,captured,{}
pay_a5db365a879e,pay_a5db365a879e,merch_1d7b999b,23084.84,INR,2026-01-28T17:57:00,cust_6490,order_70616,captured,{}
pay_d01c6cd55c6d,pay_d01c6cd55c6d,merch_1d7b999b,20756.26,INR,2026-01-24T01:53:00,cust_9537,order_49235,captured,{}
pay_f83889970372,pay_f83889970372,merch_1d7b999b,33942.06,INR,2026-01-18T17:01:00,cust_4412,order_85680,captured,{}
pay_942a9d0a19da,pay_942a9d0a19da,merch_1d7b999b,39996.81,INR,2026-01-29T11:04:00,cust_3446,order_46760,captured,{}
pay_068e25a13de6,pay_068e25a13de6,merch_1d7b999b,17023.71,INR,2026-01-13T20:34:00,cust_3719,order_84839,captured,{}
pay_99250b27cf14,pay_99250b27cf14,merch_1d7b999b,9450.21,INR,2026-01-04T09:45:00,cust_6152,order_14145,captured,{}
pay_bcb7b2a68b56,pay_bcb7b2a68b56,merch_1d7b999b,4431.21,INR,2026-01-29T07:23:00,cust_8404,order_49666,captured,{}
pay_75f4db28d0ad,pay_75f4db28d0ad,merch_1d7b999b,15185.68,INR,2026-01-04T11:50:00,cust_1612,order_36489,captured,{}
pay_0ebcb7148e5b,pay_0ebcb7148e5b,merch_1d7b999b,22244.33,INR,2026-01-01T15:57:00,cust_9192,order_30195,captured,{}
pay_a6b33aacaa63,pay_a6b33aacaa63,merch_1d7b999b,46189.47,INR,2026-01-24T16:19:00,cust_6363,order_28781,captured,{}
pay_78de764209b0,pay_78de764209b0,merch_1d7b999b,5002.75,INR,2026-01-31T16:43:00,cust_3174,order_36894,captured,{}
pay_adb9be51846c,pay_adb9be51846c,merch_1d7b999b,23022.48,INR,2026-01-23T16:07:00,cust_1067,order_50760,captured,{}
pay_6ee4a53903d8,pay_6ee4a53903d8,merch_1d7b999b,34383.91,INR,2026-01-20T02:21:00,cust_8649,order_16047,captured,{}
pay_bfd74cee9d52,pay_bfd74cee9d52,merch_1d7b999b,38332.39,INR,2026-01-24T09:01:00,cust_6114,order_93735,captured,{}
pay_70f19219bacd,pay_70f19219bacd,merch_1d7b999b,16111.93,INR,2026-01-07T09:17:00,cust_9720,order_51831,captured,{}
pay_21bc211836f9,pay_21bc211836f9,merch_1d7b999b,33589.09,INR,2026-01-09T04:10:00,cust_5483,order_25002,captured,{}
pay_de8d9ed1ec5f,pay_de8d9ed1ec5f,merch_1d7b999b,31184.95,INR,2026-01-17T03:13:00,cust_9888,order_55916,captured,{}
pay_fae4be6ff2dd,pay_fae4be6ff2dd,merch_1d7b999b,13625.5,INR,2026-01-31T22:51:00,cust_5641,order_85246,captured,{}
pay_39243333e7e1,pay_39243333e7e1,merch_1d7b999b,3655.02,INR,2026-01-20T10:34:00,cust_8268,order_16648,captured,{}
pay_047d9f926bb9,pay_047d9f926bb9,merch_1d7b999b,23589.71,INR,2026-01-22T01:06:00,cust_7284,order_17051,captured,{}
pay_86b3b6078f3c,pay_86b3b6078f3c,merch_1d7b999b,19656.65,INR,2026-01-23T19:57:00,cust_8304,order_90781,captured,{}
pay_d9868451f57e,pay_d9868451f57e,merch_1d7b999b,16683.37,INR,2026-01-07T22:48:00,cust_9740,order_20295,captured,{}
pay_4ec99c1700ff,pay_4ec99c1700ff,merch_1d7b999b,37811.57,INR,2026-01-15T18:08:00,cust_2522,order_71377,captured,{}
pay_a62a31e608cb,pay_a62a31e608cb,merch_1d7b999b,15588.55,INR,2026-01-21T22:49:00,cust_8625,order_71675,captured,{}
pay_27305f02e596,pay_27305f02e596,merch_1d7b999b,11267.34,INR,2026-01-28T19:16:00,cust_6954,order_61390,captured,{}
pay_2ba730c092c2,pay_2ba730c092c2,merch_1d7b999b,45871.49,INR,2026-01-11T10:29:00,cust_8987,order_13966,captured,{}
pay_be170350fc0a,pay_be170350fc0a,merch_1d7b999b,5733.06,INR,2026-01-16T14:54:00,cust_3798,order_46996,captured,{}
pay_07d908053636,pay_07d908053636,merch_1d7b999b,30261.57,INR,2026-01-05T16:06:00,cust_7646,order_24022,captured,{}
pay_4510fee16176,pay_4510fee16176,merch_1d7b999b,32507.63,INR,2026-01-26T09:34:00,cust_8552,order_62535,captured,{}
pay_7af0ac668813,pay_7af0ac668813,merch_1d7b999b,12004.91,INR,2026-01-08T17:10:00,cust_8903,order_60307,captured,{}
pay_16d9eb4c571d,pay_16d9eb4c571d,merch_1d7b999b,10491.08,INR,2026-01-23T18:27:00,cust_8132,order_84345,captured,{}
pay_a19e89e4a0f6,pay_a19e89e4a0f6,merch_1d7b999b,27271.89,INR,2026-01-08T05:42:00,cust_2276,order_85260,captured,{}
pay_b40a94bf975f,pay_b40a94bf975f,merch_1d7b999b,5804.71,INR,2026-01-20T14:20:00,cust_2599,order_68355,captured,{}
pay_e0285e16c1f0,pay_e0285e16c1f0,merch_1d7b999b,47798.58,INR,2026-01-03T19:06:00,cust_7208,order_52914,captured,{}
pay_37c932062709,pay_37c932062709,merch_1d7b999b,33042.22,INR,2026-01-03T06:52:00,cust_3276,order_86122,captured,{}
pay_fd3f4376d27d,pay_fd3f4376d27d,merch_1d7b999b,31843.03,INR,2026-01-01T04:42:00,cust_3444,order_69372,captured,{}
pay_2b9aa6b5757c,pay_2b9aa6b5757c,merch_1d7b999b,19560.13,INR,2026-01-19T14:12:00,cust_4369,order_99327,captured,{}
pay_28fd5c34a5c4,pay_28fd5c34a5c4,merch_1d7b999b,15056.79,INR,2026-01-26T21:19:00,cust_8122,order_55123,captured,{}
pay_05913eecc47f,pay_05913eecc47f,merch_1d7b999b,29178.08,INR,2026-01-20T16:25:00,cust_3089,order_48559,captured,{}
pay_aaf1efd39f28,pay_aaf1efd39f28,merch_1d7b999b,45063.68,INR,2026-01-31T01:00:00,cust_6885,order_24378,captured,{}
pay_0278a64dc737,pay_0278a64dc737,merch_1d7b999b,43297.41,INR,2026-01-08T13:44:00,cust_7459,order_91948,captured,{}
pay_65b89c8878f8,pay_65b89c8878f8,merch_1d7b999b,19201.2,INR,2026-01-13T13:34:00,cust_4460,order_96833,captured,{}
pay_e2257186f1b5,pay_e2257186f1b5,merch_1d7b999b,7039.54,INR,2026-01-18T12:53:00,cust_6902,order_64687,captured,{}
pay_fc1fa4775221,pay_fc1fa4775221,merch_1d7b999b,49873.06,INR,2026-01-22T04:08:00,cust_1190,order_19403,captured,{}
pay_2e7e6c348027,pay_2e7e6c348027,merch_1d7b999b,7285.39,INR,2026-01-29T15:42:00,cust_8155,order_27796,captured,{}
pay_39502ae73e1e,pay_39502ae73e1e,merch_1d7b999b,32147.92,INR,2026-01-14T14:57:00,cust_7974,order_91690,captured,{}
pay_8b603ece20a2,pay_8b603ece20a2,merch_1d7b999b,25519.8,INR,2026-01-18T14:24:00,cust_6821,order_39588,captured,{}
pay_983a679aad78,pay_983a679aad78,merch_1d7b999b,30268.21,INR,2026-01-19T15:54:00,cust_4878,order_75762,captured,{}
pay_12ae55f12aa1,pay_12ae55f12aa1,merch_1d7b999b,46335.57,INR,2026-01-19T11:02:00,cust_1620,order_84468,captured,{}
pay_808bb1d4da25,pay_808bb1d4da25,merch_1d7b999b,18492.07,INR,2026-01-19T15:44:00,cust_2311,order_28623,captured,{}
pay_f57237669e81,pay_f57237669e81,merch_1d7b999b,26367.76,INR,2026-01-28T08:29:00,cust_9469,order_20254,captured,{}
pay_582e814b80c1,pay_582e814b80c1,merch_1d7b999b,30542.52,INR,2026-01-08T15:40:00,cust_2279,order_99662,captured,{}
pay_1fd5b3f34327,pay_1fd5b3f34327,merch_1d7b999b,39925.1,INR,2026-01-10T19:03:00,cust_6628,order_80127,captured,{}
pay_480b64320207,pay_480b64320207,merch_1d7b999b,23496.55,INR,2026-01-17T15:36:00,cust_6431,order_65183,captured,{}
pay_049e309888e9,pay_049e309888e9,merch_1d7b999b,48890.25,INR,2026-01-10T09:10:00,cust_1578,order_88333,captured,{}
pay_19efbd0e43a5,pay_19efbd0e43a5,merch_1d7b999b,36375.89,INR,2026-01-19T08:03:00,cust_8752,order_85778,captured,{}
pay_338e22588a07,pay_338e22588a07,merch_1d7b999b,2675.83,INR,2026-01-10T23:39:00,cust_1447,order_47593,captured,{}
pay_810c4d99566a,pay_810c4d99566a,merch_1d7b999b,6428.38,INR,2026-01-03T08:16:00,cust_3171,order_90713,captured,{}
pay_3e66302faf7b,pay_3e66302faf7b,merch_1d7b999b,42907.13,INR,2026-01-01T23:07:00,cust_3860,order_87564,captured,{}
pay_3dc83f235da7,pay_3dc83f235da7,merch_1d7b999b,32991.87,INR,2026-01-12T05:16:00,cust_4869,order_73559,captured,{}
pay_ea09a0bb82ba,pay_ea09a0bb82ba,merch_1d7b999b,26416.7,INR,2026-01-02T10:05:00,cust_3376,order_88059,captured,{}
pay_36e2cc9decef,pay_36e2cc9decef,merch_1d7b999b,7792.1,INR,2026-01-16T13:49:00,cust_7277,order_41188,captured,{}
