id,external_id,merchant_id,settlement_amount,settlement_time,reference,status,metadata_json
setl_f5f86b073ce8,setl_f5f86b073ce8,merch_1d7b999b,32007.4,2026-01-02T23:17:00,pay_4526a339be5c,processed,{}
setl_66282a5ae109,setl_66282a5ae109,merch_1d7b999b,5214.51,2026-01-25T17:05:00,pay_0526ece484b6,processed,{}
setl_5d874530863a,setl_5d874530863a,merch_1d7b999b,21044.04,2026-01-16T18:17:00,pay_e440a6dbf8a9,processed,{}
setl_7c3a5fddb2f1,setl_7c3a5fddb2f1,merch_1d7b999b,17078.5,2026-01-06T06:48:00,pay_73bb16777706,processed,{}
setl_a908d35c4a4b,setl_a908d35c4a4b,merch_1d7b999b,26867.78,2026-01-31T12:05:00,pay_0c9044e9f91e,processed,{}
setl_806539ab0edc,setl_806539ab0edc,merch_1d7b999b,43109.17,2026-01-20T06:45:00,pay_0b905630a13d,processed,{}
setl_c5fb5ee8618f,setl_c5fb5ee8618f,merch_1d7b999b,38676.11,2026-01-04T07:55:00,pay_66dec4433b62,processed,{}
setl_f0a051812966,setl_f0a051812966,merch_1d7b999b,31830.65,2026-01-13T05:23:00,pay_834be31b11e7,processed,{}
setl_5c4c112c23d4,setl_5c4c112c23d4,merch_1d7b999b,8253.78,2026-01-14T08:59:00,pay_50196588bc45,processed,{}
setl_6bf15e8490d3,setl_6bf15e8490d3,merch_1d7b999b,38438.85,2026-01-03T07:52:00,pay_f1e3ab8e3fb4,processed,{}
setl_6ab21b4a4600,setl_6ab21b4a4600,merch_1d7b999b,3412.81,2026-01-31T18:56:00,pay_f0d37e69f2df,processed,{}
setl_e8c1a78b0578,setl_e8c1a78b0578,merch_1d7b999b,19842.03,2026-01-31T20:29:00,pay_3caa66cd188d,processed,{}
setl_b86bc7042f47,setl_b86bc7042f47,merch_1d7b999b,37274.95,2026-01-19T08:47:00,pay_32785ac492e9,processed,{}
setl_10aeed09dd0b,setl_10aeed09dd0b,merch_1d7b999b,10823.23,2026-01-06T16:31:00,pay_5b11fd6cdbd0,processed,{}
setl_672e5255bac7,setl_672e5255bac7,merch_1d7b999b,7726.78,2026-01-07T21:27:00,pay_d5c799f1f884,processed,{}
setl_6c82b6b84e9f,setl_6c82b6b84e9f,merch_1d7b999b,34117.35,2026-01-19T08:49:00,pay_78a091eec140,processed,{}
setl_5139228944a5,setl_5139228944a5,merch_1d7b999b,25433.32,2026-01-05T20:19:00,pay_41a1cd42f5f5,processed,{}
setl_52c0fd36ea3f,setl_52c0fd36ea3f,merch_1d7b999b,18758.3,2026-01-07T17:49:00,pay_4353c66d0a44,processed,{}
setl_5df2652b3f6f,setl_5df2652b3f6f,merch_1d7b999b,24481.42,2026-01-05T11:56:00,pay_c1aaf28f66ab,processed,{}
setl_36ccc82c21af,setl_36ccc82c21af,merch_1d7b999b,21956.34,2026-02-01T02:05:00,pay_5ad6d8ab2b1e,processed,{}
setl_e7d7edc93b60,setl_e7d7edc93b60,merch_1d7b999b,26682.04,2026-01-06T04:42:00,pay_9a1ee9ae4dac,processed,{}
setl_a91646732c31,setl_a91646732c31,merch_1d7b999b,20009.72,2026-01-23T20:23:00,pay_37ac3a006ca0,processed,{}
setl_8e730996fe10,setl_8e730996fe10,merch_1d7b999b,12470.49,2026-01-04T10:01:00,pay_3e91fbcfee3d,processed,{}
setl_a16e672f8e89,setl_a16e672f8e89,merch_1d7b999b,3569.70,2026-01-22T01:14:00,pay_ddb59e67b9c8,processed,{}
setl_87c0ca99373a,setl_87c0ca99373a,merch_1d7b999b,3635.78,2026-01-09T08:42:00,pay_5a90f480575d,processed,{}
setl_73133bf2caa1,setl_73133bf2caa1,merch_1d7b999b,36195.29,2026-01-30T18:36:00,pay_a70c9c866b51,processed,{}
setl_73133bf2caa1_dup,setl_73133bf2caa1_dup,merch_1d7b999b,36195.29,2026-01-30T18:36:00,pay_a70c9c866b51,processed,{}
setl_e7c0429ce27a,setl_e7c0429ce27a,merch_1d7b999b,40394.1,2026-01-08T03:06:00,pay_39d8d3eda326,processed,{}
setl_e0076b6cd2fa,setl_e0076b6cd2fa,merch_1d7b999b,23404.53,2026-01-25T01:43:00,pay_e78bdedc423f,processed,{}
setl_15427e150cc6,setl_15427e150cc6,merch_1d7b999b,17031.2,2026-01-29T03:15:00,pay_bab78aee2f39,processed,{}
setl_18b8f88cb970,setl_18b8f88cb970,merch_1d7b999b,7095.1,2026-01-07T08:29:00,pay_4e8ed9608eb7,processed,{}
setl_a5a7f6f8f257,setl_a5a7f6f8f257,merch_1d7b999b,21540.66,2026-01-19T03:03:00,pay_f34ffeddd9ac,processed,{}
setl_a4ebc612a80b,setl_a4ebc612a80b,merch_1d7b999b,46325.71,2026-01-29T07:10:00,pay_4d40ffe6f1b3,processed,{}
setl_76f23020e28a,setl_76f23020e28a,merch_1d7b999b,21623.02,2026-01-30T01:10:00,pay_89bdfcd4eaaf,processed,{}
setl_1d96f5e9d1e6,setl_1d96f5e9d1e6,merch_1d7b999b,13343.63,2026-01-27T14:18:00,pay_8788d2f9f9dc,processed,{}
setl_70f36ffdd645,setl_70f36ffdd645,merch_1d7b999b,3141.78,2026-01-12T01:03:00,wrong_pay_5671d9b13610,processed,{}
setl_dca688c8288c,setl_dca688c8288c,merch_1d7b999b,26603.19,2026-01-03T16:05:00,pay_d2f29aed59b2,processed,{}
setl_dede62ab3b42,setl_dede62ab3b42,merch_1d7b999b,33793.11,2026-01-09T12:07:00,pay_21cf58960601,processed,{}
setl_fc7bae6faca8,setl_fc7bae6faca8,merch_1d7b999b,31007.14,2026-01-19T21:37:00,pay_32db618778d0,processed,{}
setl_a806001daa7f,setl_a806001daa7f,merch_1d7b999b,10292.53,2026-01-24T10:15:00,pay_ad380a4f91b4,processed,{}
setl_9d376033371d,setl_9d376033371d,merch_1d7b999b,32310.49,2026-01-16T10:59:00,pay_6b020d93ad2d,processed,{}
setl_d7ecd7d6f49f,setl_d7ecd7d6f49f,merch_1d7b999b,49922.88,2026-01-05T02:34:00,pay_34a26bfa586d,processed,{}
setl_fb92826d1bc2,setl_fb92826d1bc2,merch_1d7b999b,46669.64,2026-01-30T02:56:00,pay_68412a6c09a6,processed,{}
setl_02eede1a3865,setl_02eede1a3865,merch_1d7b999b,21975.41,2026-01-19T22:19:00,pay_2c2f274b851e,processed,{}
setl_980d6bc3e408,setl_980d6bc3e408,merch_1d7b999b,27774.65,2026-01-31T21:06:00,pay_6440a02fed9b,processed,{}
setl_7601ba577dfd,setl_7601ba577dfd,merch_1d7b999b,5441.1,2026-01-19T04:17:00,pay_4b4abbf54ee2,processed,{}
setl_f7897d801ebd,setl_f7897d801ebd,merch_1d7b999b,17209.73,2026-01-23T20:54:00,pay_381fed9ae44e,processed,{}
setl_539a66adda27,setl_539a66adda27,merch_1d7b999b,45276.29,2026-01-29T01:05:00,pay_fd55d5e057fb,processed,{}
setl_8dfbf76544b1,setl_8dfbf76544b1,merch_1d7b999b,16744.47,2026-01-06T20:16:00,pay_75d7510b52ed,processed,{}
setl_c24ed4250882,setl_c24ed4250882,merch_1d7b999b,21441.58,2026-01-02T03:04:00,pay_39579b668ab0,processed,{}
setl_26da2fbb250c,setl_26da2fbb250c,merch_1d7b999b,18523.88,2026-01-19T04:27:00,pay_15d82e6cb4a6,processed,{}
setl_ff950bab2c02,setl_ff950bab2c02,merch_1d7b999b,44969.18,2026-01-27T01:57:00,pay_25d0d6e732c8,processed,{}
setl_2e36dc9d0c59,setl_2e36dc9d0c59,merch_1d7b999b,46295.61,2026-01-09T05:51:00,pay_74100e0c8c25,processed,{}
setl_6e832e09ae1c,setl_6e832e09ae1c,merch_1d7b999b,36854.57,2026-01-12T13:51:00,pay_ee129ac8f7e0,processed,{}
setl_adfdef9aae72,setl_adfdef9aae72,merch_1d7b999b,35093.78,2026-01-14T01:54:00,pay_ec29a43f767c,processed,{}
setl_aa5f096c88d6,setl_aa5f096c88d6,merch_1d7b999b,45930.75,2026-01-13T09:52:00,pay_9c25e4b30b00,processed,{}
setl_8d0233401d56,setl_8d0233401d56,merch_1d7b999b,9737.18,2026-01-12T08:55:00,pay_301bf5ec69e9,processed,{}
setl_792e0ebabebb,setl_792e0ebabebb,merch_1d7b999b,25008.95,2026-01-23T17:21:00,pay_7b302e986fbf,processed,{}
setl_8ac62ae93f14,setl_8ac62ae93f14,merch_1d7b999b,13134.64,2026-01-20T08:02:00,pay_6dbd2f831424,processed,{}
setl_70cab82b5fed,setl_70cab82b5fed,merch_1d7b999b,36454.4,2026-01-12T13:38:00,pay_92b34a632270,processed,{}
setl_1405755b8e28,setl_1405755b8e28,merch_1d7b999b,28871.74,2026-01-10T01:45:00,pay_2a76510dfc88,processed,{}
setl_5498e6cc72c6,setl_5498e6cc72c6,merch_1d7b999b,40344.89,2026-01-23T23:47:00,pay_547ed4fcede6,processed,{}
setl_6c6adec5d9b3,setl_6c6adec5d9b3,merch_1d7b999b,46499.86,2026-01-31T10:39:00,pay_83e104a886de,processed,{}
setl_818364b732f8,setl_818364b732f8,merch_1d7b999b,36015.74,2026-01-11T16:19:00,pay_48b297fef873,processed,{}
setl_fbca57d1ed5b,setl_fbca57d1ed5b,merch_1d7b999b,8783.96,2026-01-20T09:25:00,pay_e33c6f0dcf1a,processed,{}
setl_e51536120851,setl_e51536120851,merch_1d7b999b,10588.12,2026-01-27T18:38:00,pay_12e97fb0cf20,processed,{}
setl_40c404536b26,setl_40c404536b26,merch_1d7b999b,33813.8,2026-01-18T15:50:00,pay_c0ac6c829669,processed,{}
setl_24103478186b,setl_24103478186b,merch_1d7b999b,25831.06,2026-01-22T19:21:00,pay_ee37639e675b,processed,{}
setl_745ee9955d19,setl_745ee9955d19,merch_1d7b999b,5654.78,2026-01-08T04:01:00,pay_0d39a54b888b,processed,{}
setl_740726081ddb,setl_740726081ddb,merch_1d7b999b,30602.57,2026-01-26T02:29:00,pay_246993b6fc54,processed,{}
setl_11e1e4fb3c96,setl_11e1e4fb3c96,merch_1d7b999b,35955.46,2026-01-14T15:25:00,pay_5c0b8bab0f3a,processed,{}
setl_44744dfb774a,setl_44744dfb774a,merch_1d7b999b,376.69,2026-01-26T03:49:00,pay_f0f5e2692db4,processed,{}
setl_f55b40f897d0,setl_f55b40f897d0,merch_1d7b999b,47902.51,2026-01-18T14:03:00,pay_38925e88db79,processed,{}
setl_5e0202c52a09,setl_5e0202c52a09,merch_1d7b999b,40100.69,2026-01-23T16:35:00,pay_07839bfb840d,processed,{}
setl_0a18806581bd,setl_0a18806581bd,merch_1d7b999b,35991.77,2026-01-18T13:53:00,wrong_pay_ad6452dcca98,processed,{}
setl_b9c2531c00cc,setl_b9c2531c00cc,merch_1d7b999b,37208.41,2026-01-17T14:16:00,pay_bf6f00149483,processed,{}
setl_a5a08e60ef33,setl_a5a08e60ef33,merch_1d7b999b,38905.97,2026-01-17T20:15:00,pay_73151759f16e,processed,{}
setl_c78ff40e210c,setl_c78ff40e210c,merch_1d7b999b,14357.83,2026-01-10T10:20:00,pay_4fb66db9c070,processed,{}
setl_b0864ff6d098,setl_b0864ff6d098,merch_1d7b999b,11639.95,2026-01-24T04:45:00,pay_62390443df13,processed,{}
setl_59515939a0e7,setl_59515939a0e7,merch_1d7b999b,16610.98,2026-01-16T13:03:00,pay_1f5a4da39243,processed,{}
setl_e7726df2c969,setl_e7726df2c969,merch_1d7b999b,38512.81,2026-02-01T22:01:00,pay_d6425b1a0b56,processed,{}
setl_9dccff085bd6,setl_9dccff085bd6,merch_1d7b999b,27352.0,2026-01-21T07:31:00,pay_10570d19b4f8,processed,{}
setl_a2a27456b625,setl_a2a27456b625,merch_1d7b999b,1517.37,2026-01-12T21:43:00,pay_9a42dcfa8644,processed,{}
setl_6961486c1e1f,setl_6961486c1e1f,merch_1d7b999b,45985.13,2026-01-21T17:01:00,pay_6f69d55a335a,processed,{}
setl_5079884ab395,setl_5079884ab395,merch_1d7b999b,1452.39,2026-01-22T13:08:00,pay_b6dcbd5ad11b,processed,{}
setl_9b3c31c0b5ca,setl_9b3c31c0b5ca,merch_1d7b999b,19017.28,2026-01-08T14:20:00,pay_44d80f606c9d,processed,{}
setl_0714dd19b38c,setl_0714dd19b38c,merch_1d7b999b,47565.09,2026-01-15T08:53:00,pay_7a8f1f640942,processed,{}
setl_c56e450a76d3,setl_c56e450a76d3,merch_1d7b999b,27017.01,2026-02-01T11:14:00,pay_094eef162d8c,processed,{}
setl_e06264a6b69b,setl_e06264a6b69b,merch_1d7b999b,1648.4,2026-01-09T06:53:00,pay_ef9522c807f9,processed,{}
setl_40a54001870b,setl_40a54001870b,merch_1d7b999b,6408.43,2026-01-23T03:36:00,pay_323f0add6551,processed,{}
setl_bf39f422a98d,setl_bf39f422a98d,merch_1d7b999b,19184.11,2026-01-07T19:38:00,pay_dee36eaf93af,processed,{}
setl_2a4321236779,setl_2a4321236779,merch_1d7b999b,5494.13,2026-01-06T09:36:00,pay_fb421fa7b217,processed,{}
setl_26227edb04d2,setl_26227edb04d2,merch_1d7b999b,10006.66,2026-01-20T22:53:00,pay_697cb2f2bc41,processed,{}
setl_a98c6ed0d7ef,setl_a98c6ed0d7ef,merch_1d7b999b,15148.98,2026-01-23T19:51:00,pay_a10b7f5d3946,processed,{}
setl_a98c6ed0d7ef_dup,setl_a98c6ed0d7ef_dup,merch_1d7b999b,15148.98,2026-01-23T19:51:00,pay_a10b7f5d3946,processed,{}
setl_580f5b520610,setl_580f5b520610,merch_1d7b999b,17435.47,2026-01-15T21:23:00,pay_694843324e73,processed,{}
setl_d2a3e12b3798,setl_d2a3e12b3798,merch_1d7b999b,741.34,2026-01-15T15:06:00,pay_13b9dd4b9a19,processed,{}
setl_f190346a2417,setl_f190346a2417,merch_1d7b999b,20726.24,2026-01-24T04:27:00,pay_95a247691726,processed,{}
setl_30bedcb0241f,setl_30bedcb0241f,merch_1d7b999b,13577.11,2026-01-27T17:49:00,pay_54d73955294b,processed,{}
setl_0ee9cff81d0f,setl_0ee9cff81d0f,merch_1d7b999b,36578.21,2026-01-10T10:54:00,pay_2b92a694a65e,processed,{}
setl_582001888198,setl_582001888198,merch_1d7b999b,22595.02,2026-01-26T14:36:00,pay_acdee13e58f3,processed,{}
setl_2435b02eb57d,setl_2435b02eb57d,merch_1d7b999b,42562.55,2026-01-07T15:13:00,pay_ce8398da24a8,processed,{}
setl_88792603a44a,setl_88792603a44a,merch_1d7b999b,44027.97,2026-01-28T08:35:00,pay_3f27af7211d1,processed,{}
setl_da880fde2687,setl_da880fde2687,merch_1d7b999b,4382.09,2026-01-25T13:31:00,pay_9886e91454e1,processed,{}
setl_9b4a7b04d03a,setl_9b4a7b04d03a,merch_1d7b999b,24591.98,2026-01-27T00:05:00,pay_f573dd5f6280,processed,{}
setl_95decaa7d80e,setl_95decaa7d80e,merch_1d7b999b,12240.93,2026-01-23T18:23:00,pay_37837dd8e1dc,processed,{}
setl_fde0f382d88f,setl_fde0f382d88f,merch_1d7b999b,21332.64,2026-01-25T17:21:00,pay_e1d9e2c5bcff,processed,{}
setl_0655d4842307,setl_0655d4842307,merch_1d7b999b,47548.79,2026-01-24T05:12:00,pay_4656e9720ece,processed,{}
setl_30c24fef46b0,setl_30c24fef46b0,merch_1d7b999b,29520.39,2026-01-26T16:38:00,pay_87e057ee018a,processed,{}
setl_30c24fef46b0_dup,setl_30c24fef46b0_dup,merch_1d7b999b,29520.39,2026-01-26T16:38:00,pay_87e057ee018a,processed,{}
setl_f9702c1a65c9,setl_f9702c1a65c9,merch_1d7b999b,14882.7,2026-01-13T05:19:00,pay_2f09ee6561fd,processed,{}
setl_2d506ae3f747,setl_2d506ae3f747,merch_1d7b999b,2323.81,2026-01-03T17:18:00,pay_0b7cfd91415a,processed,{}
setl_1c66b31cb1cd,setl_1c66b31cb1cd,merch_1d7b999b,24594.85,2026-01-29T00:36:00,pay_150cc2f6835a,processed,{}
setl_6007270779ac,setl_6007270779ac,merch_1d7b999b,17101.23,2026-02-01T01:16:00,pay_5e54882b3f22,processed,{}
setl_6007270779ac_dup,setl_6007270779ac_dup,merch_1d7b999b,17101.23,2026-02-01T01:16:00,pay_5e54882b3f22,processed,{}
setl_d2843f6f3e79,setl_d2843f6f3e79,merch_1d7b999b,20095.3,2026-01-04T18:40:00,pay_a735a5b0fd24,processed,{}
setl_23348103428a,setl_23348103428a,merch_1d7b999b,30355.25,2026-01-27T19:14:00,pay_d1c64144db96,processed,{}
setl_e68d4a08c677,setl_e68d4a08c677,merch_1d7b999b,22201.78,2026-01-29T18:27:00,pay_8417f7dee46c,processed,{}
setl_f299fe34b9d0,setl_f299fe34b9d0,merch_1d7b999b,30520.58,2026-01-25T03:48:00,pay_2f9ac1252ab3,processed,{}
setl_605c10f30c54,setl_605c10f30c54,merch_1d7b999b,33055.36,2026-01-07T07:11:00,pay_5d10c1c7b76d,processed,{}
setl_85c1ec5ba9c6,setl_85c1ec5ba9c6,merch_1d7b999b,22580.13,2026-01-21T15:18:00,pay_26f273c1a259,processed,{}
setl_2587c54926ae,setl_2587c54926ae,merch_1d7b999b,14207.65,2026-01-29T14:04:00,pay_0b17f623eed5,processed,{}
setl_2587c54926ae_dup,setl_2587c54926ae_dup,merch_1d7b999b,14207.65,2026-01-29T14:04:00,pay_0b17f623eed5,processed,{}
setl_b0c126eae0a3,setl_b0c126eae0a3,merch_1d7b999b,31290.39,2026-01-23T06:27:00,pay_bb23bc11fa3a,processed,{}
setl_5bce98250432,setl_5bce98250432,merch_1d7b999b,7534.57,2026-01-10T04:04:00,pay_d47e0e39e4d9,processed,{}
setl_5bce98250432_dup,setl_5bce98250432_dup,merch_1d7b999b,7534.57,2026-01-10T04:04:00,pay_d47e0e39e4d9,processed,{}
setl_9ba69798be22,setl_9ba69798be22,merch_1d7b999b,29792.7,2026-01-28T18:58:00,pay_27d9e7321176,processed,{}
setl_505533b7cfef,setl_505533b7cfef,merch_1d7b999b,34465.03,2026-01-24T12:17:00,pay_f6ceeb797e65,processed,{}
setl_72de2ce346be,setl_72de2ce346be,merch_1d7b999b,4114.05,2026-01-03T13:47:00,pay_0ae1b1d63d97,processed,{}
setl_3b7b7bb1aaef,setl_3b7b7bb1aaef,merch_1d7b999b,4657.21,2026-02-01T21:53:00,pay_1821fdfa46b9,processed,{}
setl_3b7b7bb1aaef_dup,setl_3b7b7bb1aaef_dup,merch_1d7b999b,4657.21,2026-02-01T21:53:00,pay_1821fdfa46b9,processed,{}
setl_502fef8624d6,setl_502fef8624d6,merch_1d7b999b,28854.72,2026-01-26T05:30:00,pay_874aae185f46,processed,{}
setl_c294163212e8,setl_c294163212e8,merch_1d7b999b,13980.01,2026-01-20T13:40:00,pay_7e995d99e2e5,processed,{}
setl_a6189504af2f,setl_a6189504af2f,merch_1d7b999b,20476.57,2026-01-12T21:06:00,pay_f051b2cbe294,processed,{}
setl_15004987cf83,setl_15004987cf83,merch_1d7b999b,24823.9,2026-01-23T12:52:00,pay_dd41954612ad,processed,{}
setl_c65a699110af,setl_c65a699110af,merch_1d7b999b,12704.70,2026-01-05T12:55:00,pay_12d626f39ec5,processed,{}
setl_88876c6491b9,setl_88876c6491b9,merch_1d7b999b,27185.42,2026-01-15T01:12:00,pay_ea81943ea36c,processed,{}
setl_a449b8c6b7e7,setl_a449b8c6b7e7,merch_1d7b999b,24974.81,2026-01-16T01:13:00,pay_86b86db6fd58,processed,{}
setl_86e389d93bb3,setl_86e389d93bb3,merch_1d7b999b,7236.32,2026-01-30T22:31:00,pay_7a1a1d45e1c0,processed,{}
setl_24075dfbd1f1,setl_24075dfbd1f1,merch_1d7b999b,30482.7,2026-01-09T22:10:00,pay_bf8bd8bd675e,processed,{}
setl_5b1a5f3ee1e5,setl_5b1a5f3ee1e5,merch_1d7b999b,20458.74,2026-01-09T03:29:00,pay_1af4a2a6a4d4,processed,{}
setl_5b1a5f3ee1e5_dup,setl_5b1a5f3ee1e5_dup,merch_1d7b999b,20458.74,2026-01-09T03:29:00,pay_1af4a2a6a4d4,processed,{}
setl_41ca4376a5d1,setl_41ca4376a5d1,merch_1d7b999b,24968.94,2026-01-24T09:32:00,pay_11859529e4dd,processed,{}
setl_41ca4376a5d1_dup,setl_41ca4376a5d1_dup,merch_1d7b999b,24968.94,2026-01-24T09:32:00,pay_11859529e4dd,processed,{}
setl_dba325c2015b,setl_dba325c2015b,merch_1d7b999b,49014.21,2026-01-09T14:35:00,pay_7fa60804e37a,processed,{}
setl_ac92d672e0d6,setl_ac92d672e0d6,merch_1d7b999b,41890.05,2026-01-20T21:31:00,pay_031f1e779826,processed,{}
setl_9256d683abbf,setl_9256d683abbf,merch_1d7b999b,16975.25,2026-01-19T17:24:00,pay_5970690860b8,processed,{}
setl_3e1f5318e7f6,setl_3e1f5318e7f6,merch_1d7b999b,49040.65,2026-01-09T18:24:00,pay_d46b5d855a68,processed,{}
setl_a1192e53eb6e,setl_a1192e53eb6e,merch_1d7b999b,18630.40,2026-01-24T12:24:00,pay_3b9f5313c43f,processed,{}
setl_a626fb732121,setl_a626fb732121,merch_1d7b999b,6399.69,2026-02-01T18:21:00,pay_3f114fc7c068,processed,{}
setl_f4745bb3928b,setl_f4745bb3928b,merch_1d7b999b,22765.52,2026-01-02T23:09:00,pay_f62ab2977159,processed,{}
setl_36d04c99d98f,setl_36d04c99d98f,merch_1d7b999b,3833.93,2026-01-27T08:21:00,pay_c5c7032f76ef,processed,{}
setl_25590eb2e1c9,setl_25590eb2e1c9,merch_1d7b999b,38004.15,2026-01-29T17:02:00,pay_f7c42e078ff9,processed,{}
setl_9c13c3647727,setl_9c13c3647727,merch_1d7b999b,35224.15,2026-01-05T14:10:00,pay_e845876c32d9,processed,{}
setl_cd542f2cc569,setl_cd542f2cc569,merch_1d7b999b,39827.56,2026-01-11T11:23:00,pay_c51f476628c1,processed,{}
setl_b8335d5fd1ff,setl_b8335d5fd1ff,merch_1d7b999b,20671.38,2026-01-23T05:10:00,pay_0f787f1754b4,processed,{}
setl_408f7010e94f,setl_408f7010e94f,merch_1d7b999b,19188.96,2026-01-23T07:31:00,pay_40dc18d21d5b,processed,{}
setl_85eb8a331454,setl_85eb8a331454,merch_1d7b999b,12783.47,2026-01-10T21:00:00,pay_5d9c2cce5ff0,processed,{}
setl_b58ca0598680,setl_b58ca0598680,merch_1d7b999b,3991.49,2026-01-16T11:37:00,pay_07d61afe078f,processed,{}
setl_7ab40671f030,setl_7ab40671f030,merch_1d7b999b,34546.64,2026-01-16T09:12:00,pay_5442b4c7ff74,processed,{}
setl_8bd1edc857f1,setl_8bd1edc857f1,merch_1d7b999b,9565.04,2026-01-13T18:18:00,pay_5eb28c6173df,processed,{}
setl_d9e8f3b7f8f1,setl_d9e8f3b7f8f1,merch_1d7b999b,41658.66,2026-01-30T09:49:00,pay_0bca19334090,processed,{}
setl_d9e8f3b7f8f1_dup,setl_d9e8f3b7f8f1_dup,merch_1d7b999b,41658.66,2026-01-30T09:49:00,pay_0bca19334090,processed,{}
setl_bdbd41201924,setl_bdbd41201924,merch_1d7b999b,11028.33,2026-01-08T19:16:00,pay_bbdb74608c4d,processed,{}
setl_df4b4f80dc6d,setl_df4b4f80dc6d,merch_1d7b999b,31410.16,2026-01-03T09:50:00,pay_71a38b3d604b,processed,{}
setl_dcd6efa22599,setl_dcd6efa22599,merch_1d7b999b,36644.75,2026-01-04T09:20:00,pay_70dc777705d2,processed,{}
setl_b37c1ee65e75,setl_b37c1ee65e75,merch_1d7b999b,39346.99,2026-01-30T11:33:00,pay_0774a405d7cb,processed,{}
setl_b37c1ee65e75_dup,setl_b37c1ee65e75_dup,merch_1d7b999b,39346.99,2026-01-30T11:33:00,pay_0774a405d7cb,processed,{}
setl_64967db9e21a,setl_64967db9e21a,merch_1d7b999b,12922.81,2026-01-28T15:51:00,pay_b0c6af5d7d80,processed,{}
setl_64967db9e21a_dup,setl_64967db9e21a_dup,merch_1d7b999b,12922.81,2026-01-28T15:51:00,pay_b0c6af5d7d80,processed,{}
setl_64a6090dcb06,setl_64a6090dcb06,merch_1d7b999b,48999.12,2026-02-01T17:23:00,pay_2f66bd19ba64,processed,{}
setl_616494dc8520,setl_616494dc8520,merch_1d7b999b,26874.96,2026-01-16T11:43:00,pay_a3b0736e27ee,processed,{}
setl_f10a39c4c587,setl_f10a39c4c587,merch_1d7b999b,31963.61,2026-01-13T03:43:00,pay_581dab27f9b3,processed,{}
setl_0731b7ee90ec,setl_0731b7ee90ec,merch_1d7b999b,44223.32,2026-01-19T10:58:00,pay_7ab91374b8d4,processed,{}
setl_767ff0a6c924,setl_767ff0a6c924,merch_1d7b999b,41210.38,2026-01-31T22:19:00,pay_ef3b57720f79,processed,{}
setl_8633a42412d8,setl_8633a42412d8,merch_1d7b999b,46372.08,2026-01-11T15:07:00,pay_9d8d2ec716c4,processed,{}
setl_c5f2325a5971,setl_c5f2325a5971,merch_1d7b999b,6869.64,2026-01-16T11:42:00,pay_ba4b56f15737,processed,{}
setl_fc1c35d34131,setl_fc1c35d34131,merch_1d7b999b,36367.30,2026-01-30T13:41:00,pay_bd49dba8614f,processed,{}
setl_360fd4357eed,setl_360fd4357eed,merch_1d7b999b,46958.75,2026-01-10T01:44:00,pay_6fbe88a7f46c,processed,{}
setl_9857357fda85,setl_9857357fda85,merch_1d7b999b,47532.7,2026-01-29T11:06:00,wrong_pay_64c8c53d1cc3,processed,{}
setl_9059f8a1b310,setl_9059f8a1b310,merch_1d7b999b,32276.86,2026-01-07T12:17:00,pay_0a6f4f990729,processed,{}
setl_f598dc91efe6,setl_f598dc91efe6,merch_1d7b999b,41227.13,2026-01-04T21:13:00,pay_1fd90dda980f,processed,{}
setl_f598dc91efe6_dup,setl_f598dc91efe6_dup,merch_1d7b999b,41227.13,2026-01-04T21:13:00,pay_1fd90dda980f,processed,{}
setl_af616585a47a,setl_af616585a47a,merch_1d7b999b,12254.09,2026-01-06T18:13:00,pay_f73997792880,processed,{}
setl_0e4a3a072ed3,setl_0e4a3a072ed3,merch_1d7b999b,10875.97,2026-01-29T07:21:00,pay_bec7c289b336,processed,{}
setl_88e72771c80b,setl_88e72771c80b,merch_1d7b999b,42934.47,2026-01-06T04:34:00,pay_4ee6c3757aa8,processed,{}
setl_d41bfe31af8e,setl_d41bfe31af8e,merch_1d7b999b,43335.75,2026-01-06T00:22:00,pay_f55d1d2c74cb,processed,{}
setl_2a464cf1d318,setl_2a464cf1d318,merch_1d7b999b,8794.89,2026-01-03T04:47:00,pay_a7d1985087d9,processed,{}
setl_586396a0b968,setl_586396a0b968,merch_1d7b999b,3271.55,2026-01-16T11:32:00,pay_499131c0876b,processed,{}
setl_044566159790,setl_044566159790,merch_1d7b999b,47276.24,2026-01-03T23:50:00,pay_8759e04e144c,processed,{}
setl_0bc11c53324c,setl_0bc11c53324c,merch_1d7b999b,48214.91,2026-01-03T15:54:00,pay_7ca008804ac6,processed,{}
setl_2b93f2b09a0b,setl_2b93f2b09a0b,merch_1d7b999b,24574.42,2026-01-31T14:04:00,pay_6e18fbe1983e,processed,{}
setl_958e02f722e6,setl_958e02f722e6,merch_1d7b999b,3377.54,2026-01-10T19:40:00,pay_f9e5bd5940fc,processed,{}
setl_f1a82c050fc4,setl_f1a82c050fc4,merch_1d7b999b,29909.85,2026-01-11T14:32:00,pay_9bad84ea56f4,processed,{}
setl_f1a82c050fc4_dup,setl_f1a82c050fc4_dup,merch_1d7b999b,29909.85,2026-01-11T14:32:00,pay_9bad84ea56f4,processed,{}
setl_3d5c449066e9,setl_3d5c449066e9,merch_1d7b999b,5809.26,2026-01-22T20:56:00,pay_fdde06bf105d,processed,{}
setl_b1c7f785bf4f,setl_b1c7f785bf4f,merch_1d7b999b,11501.83,2026-01-12T14:25:00,pay_a33a296d7409,processed,{}
setl_147d46510c9d,setl_147d46510c9d,merch_1d7b999b,15694.93,2026-01-10T11:09:00,pay_d2cb366a0c6a,processed,{}
setl_57647ac12b70,setl_57647ac12b70,merch_1d7b999b,4359.68,2026-01-15T03:47:00,pay_af0d9b3c2b3a,processed,{}
setl_ca3c266226ac,setl_ca3c266226ac,merch_1d7b999b,29364.61,2026-01-19T17:21:00,pay_787da72c5c57,processed,{}
setl_ba9815493813,setl_ba9815493813,merch_1d7b999b,33310.49,2026-01-26T13:55:00,pay_18291ff906be,processed,{}
setl_b704ccad7175,setl_b704ccad7175,merch_1d7b999b,17647.14,2026-01-20T16:13:00,pay_cbf4832df579,processed,{}
setl_9d351df4b5ef,setl_9d351df4b5ef,merch_1d7b999b,42379.01,2026-01-13T17:23:00,pay_a2a12721270b,processed,{}
setl_ee378c7c7dba,setl_ee378c7c7dba,merch_1d7b999b,40380.35,2026-01-29T17:49:00,wrong_pay_bdb2f387f573,processed,{}
setl_64d3d3b01eb7,setl_64d3d3b01eb7,merch_1d7b999b,41490.09,2026-01-10T00:11:00,wrong_pay_d80ea44a54e9,processed,{}
setl_115ce776a0aa,setl_115ce776a0aa,merch_1d7b999b,17616.07,2026-01-07T04:36:00,pay_0aa5472e00d7,processed,{}
setl_093dde57bd47,setl_093dde57bd47,merch_1d7b999b,31695.28,2026-01-02T02:47:00,pay_1d5c4098313b,processed,{}
setl_ea4fa00c0398,setl_ea4fa00c0398,merch_1d7b999b,22736.92,2026-01-07T11:19:00,pay_736ffc3e7c97,processed,{}
setl_282c1aa18e04,setl_282c1aa18e04,merch_1d7b999b,44178.78,2026-01-06T05:48:00,pay_a5e5d99235da,processed,{}
setl_dda749fdcffe,setl_dda749fdcffe,merch_1d7b999b,22211.34,2026-01-15T15:38:00,pay_5eefb550053e,processed,{}
setl_0025f923b5a1,setl_0025f923b5a1,merch_1d7b999b,37781.66,2026-01-05T11:27:00,pay_9da990102a85,processed,{}
setl_fe00c270b813,setl_fe00c270b813,merch_1d7b999b,29697.4,2026-01-18T21:19:00,pay_9d95057803ec,processed,{}
setl_b7b8f4934b00,setl_b7b8f4934b00,merch_1d7b999b,14543.41,2026-01-05T00:31:00,pay_4ea4d98b65ac,processed,{}
setl_3e3e67c440b5,setl_3e3e67c440b5,merch_1d7b999b,26675.86,2026-01-09T16:35:00,pay_f2d07e65e650,processed,{}
setl_8b022601c862,setl_8b022601c862,merch_1d7b999b,37127.86,2026-01-15T00:29:00,pay_337938ed93e1,processed,{}
setl_3075b10ed937,setl_3075b10ed937,merch_1d7b999b,28712.64,2026-01-24T20:26:00,pay_56e88d01bd62,processed,{}
setl_47524d8420f6,setl_47524d8420f6,merch_1d7b999b,48313.36,2026-01-07T19:29:00,pay_81017e768a70,processed,{}
setl_6d9a708845d5,setl_6d9a708845d5,merch_1d7b999b,5382.57,2026-01-15T18:25:00,pay_96e33f4db629,processed,{}
setl_83453bb3d00a,setl_83453bb3d00a,merch_1d7b999b,15582.7,2026-01-12T07:21:00,pay_f3befbc12af0,processed,{}
setl_d863eb3292db,setl_d863eb3292db,merch_1d7b999b,40965.54,2026-01-28T04:15:00,pay_0b20b4de844d,processed,{}
setl_835fee8305b3,setl_835fee8305b3,merch_1d7b999b,8757.6,2026-01-06T20:04:00,pay_6ccbf8791a10,processed,{}
setl_49fd43bf88f8,setl_49fd43bf88f8,merch_1d7b999b,37746.85,2026-01-26T18:28:00,pay_cd8f4d6fb51e,processed,{}
setl_c3e6e0aae70a,setl_c3e6e0aae70a,merch_1d7b999b,22044.16,2026-01-17T14:40:00,pay_3ee46400db7b,processed,{}
setl_086316430b2e,setl_086316430b2e,merch_1d7b999b,17661.92,2026-01-04T09:29:00,pay_65ee227e85a7,processed,{}
setl_b906306195ef,setl_b906306195ef,merch_1d7b999b,41601.66,2026-01-04T20:55:00,pay_80eaa25d1e45,processed,{}
setl_4246b4fbf5ca,setl_4246b4fbf5ca,merch_1d7b999b,19285.68,2026-01-20T17:50:00,wrong_pay_8256410c0add,processed,{}
setl_42fd189faaaa,setl_42fd189faaaa,merch_1d7b999b,28625.67,2026-01-08T10:38:00,pay_311d00cff77c,processed,{}
setl_a4103b8f34ed,setl_a4103b8f34ed,merch_1d7b999b,3197.50,2026-01-05T10:45:00,pay_33ae18fb2c37,processed,{}
setl_00bafa2638bf,setl_00bafa2638bf,merch_1d7b999b,2063.19,2026-01-24T14:28:00,pay_e94740ba545a,processed,{}
setl_805420960a6d,setl_805420960a6d,merch_1d7b999b,18268.51,2026-01-31T09:24:00,pay_0e288fff4a86,processed,{}
setl_902f97496b17,setl_902f97496b17,merch_1d7b999b,2713.04,2026-01-22T20:21:00,pay_1da137c81cd0,processed,{}
setl_14941ffa1922,setl_14941ffa1922,merch_1d7b999b,33951.13,2026-01-11T08:46:00,pay_89e852977236,processed,{}
setl_43ddc04db275,setl_43ddc04db275,merch_1d7b999b,33214.24,2026-01-31T11:19:00,pay_3993865545a5,processed,{}
setl_d1793f6400ee,setl_d1793f6400ee,merch_1d7b999b,46916.31,2026-01-11T17:24:00,pay_fe1ecc7e0372,processed,{}
setl_e38842652621,setl_e38842652621,merch_1d7b999b,41475.05,2026-01-25T21:58:00,pay_76789dccd722,processed,{}
setl_a26a479134c9,setl_a26a479134c9,merch_1d7b999b,21227.98,2026-01-17T00:23:00,pay_c21c8593fdc0,processed,{}
setl_af272b7dc3e7,setl_af272b7dc3e7,merch_1d7b999b,17152.44,2026-01-26T15:12:00,pay_0f6568f7e50b,processed,{}
setl_4caeda9e25b2,setl_4caeda9e25b2,merch_1d7b999b,14860.03,2026-01-27T03:32:00,pay_99d951e541b7,processed,{}
setl_c2e0b7ff8528,setl_c2e0b7ff8528,merch_1d7b999b,16904.54,2026-01-26T19:08:00,pay_1b395c8434e1,processed,{}
setl_2195cc02528f,setl_2195cc02528f,merch_1d7b999b,41584.12,2026-01-26T19:51:00,pay_10040126c429,processed,{}
setl_e405be5669f3,setl_e405be5669f3,merch_1d7b999b,18278.54,2026-01-25T07:28:00,pay_9087a1b5c787,processed,{}
setl_71f989ca7e55,setl_71f989ca7e55,merch_1d7b999b,12044.51,2026-02-01T15:57:00,pay_3919778d4982,processed,{}
setl_bc6b813dbbe1,setl_bc6b813dbbe1,merch_1d7b999b,28563.93,2026-01-16T14:49:00,pay_ec7f1ddbf6b1,processed,{}
setl_410ee4054ac6,setl_410ee4054ac6,merch_1d7b999b,20991.18,2026-01-07T06:51:00,pay_6038cef54da5,processed,{}
setl_2967ead73ace,setl_2967ead73ace,merch_1d7b999b,23599.84,2026-01-13T17:59:00,pay_2730a1da8bd7,processed,{}
setl_7979111298aa,setl_7979111298aa,merch_1d7b999b,14324.64,2026-01-26T05:17:00,pay_05a9e80fcbf8,processed,{}
setl_752bb754b451,setl_752bb754b451,merch_1d7b999b,21929.88,2026-02-05T07:52:00,pay_683e3dc7de71,processed,{}
setl_e6e9ee3cfafd,setl_e6e9ee3cfafd,merch_1d7b999b,10401.68,2026-01-14T16:23:00,pay_df2f23d44354,processed,{}
setl_9853eff0fe54,setl_9853eff0fe54,merch_1d7b999b,18808.14,2026-01-02T10:59:00,pay_dfa4c471ea7c,processed,{}
setl_32a2599b6792,setl_32a2599b6792,merch_1d7b999b,23508.6,2026-01-21T00:57:00,pay_4c28a0108595,processed,{}
setl_2e6abac27bde,setl_2e6abac27bde,merch_1d7b999b,41764.66,2026-01-19T23:38:00,pay_9e276c3bfd74,processed,{}
setl_61a6043ce6a1,setl_61a6043ce6a1,merch_1d7b999b,14486.27,2026-01-11T03:03:00,pay_bcdaef4d5dab,processed,{}
setl_a11c556146d8,setl_a11c556146d8,merch_1d7b999b,31178.25,2026-01-04T03:53:00,pay_7a28e6a93c2f,processed,{}
setl_fd5652f3ac05,setl_fd5652f3ac05,merch_1d7b999b,31634.55,2026-01-20T07:45:00,pay_2218a6d41304,processed,{}
setl_528cc0efda0a,setl_528cc0efda0a,merch_1d7b999b,30789.00,2026-01-09T18:26:00,pay_dbfb0a9a3872,processed,{}
setl_74f189f0921a,setl_74f189f0921a,merch_1d7b999b,26221.88,2026-01-13T02:33:00,pay_fb4fca32aa63,processed,{}
setl_74f189f0921a_dup,setl_74f189f0921a_dup,merch_1d7b999b,26221.88,2026-01-13T02:33:00,pay_fb4fca32aa63,processed,{}
setl_11bded457093,setl_11bded457093,merch_1d7b999b,25440.37,2026-01-02T12:55:00,pay_e4db0726c51c,processed,{}
setl_6c73f9a90b17,setl_6c73f9a90b17,merch_1d7b999b,49053.87,2026-01-10T23:01:00,pay_32b1494e5cc5,processed,{}
setl_0ab09f3c9fd6,setl_0ab09f3c9fd6,merch_1d7b999b,36673.76,2026-01-22T03:49:00,pay_14cb4cd0d662,processed,{}
setl_879a9e0fdf32,setl_879a9e0fdf32,merch_1d7b999b,27356.09,2026-01-28T20:11:00,pay_4b84c461ab6b,processed,{}
setl_eb8dcc301b5f,setl_eb8dcc301b5f,merch_1d7b999b,40593.73,2026-01-04T22:49:00,pay_bd39498e092b,processed,{}
setl_8631df1583eb,setl_8631df1583eb,merch_1d7b999b,2285.93,2026-01-08T01:20:00,pay_99973f0f362d,processed,{}
setl_16194c101f8e,setl_16194c101f8e,merch_1d7b999b,40788.76,2026-01-17T08:02:00,pay_fa06a33e31be,processed,{}
setl_c5142a26a527,setl_c5142a26a527,merch_1d7b999b,39063.99,2026-01-29T20:21:00,pay_e1a4ecdabfbc,processed,{}
setl_c5142a26a527_dup,setl_c5142a26a527_dup,merch_1d7b999b,39063.99,2026-01-29T20:21:00,pay_e1a4ecdabfbc,processed,{}
setl_1c9e1b196c80,setl_1c9e1b196c80,merch_1d7b999b,10951.94,2026-01-14T23:28:00,pay_e024e83527d6,processed,{}
setl_22a70275050b,setl_22a70275050b,merch_1d7b999b,24860.54,2026-01-17T11:59:00,pay_b0a391fca18d,processed,{}
setl_22a70275050b_dup,setl_22a70275050b_dup,merch_1d7b999b,24860.54,2026-01-17T11:59:00,pay_b0a391fca18d,processed,{}
setl_4d3e8d69c071,setl_4d3e8d69c071,merch_1d7b999b,36381.36,2026-01-04T13:38:00,pay_029635b398fc,processed,{}
setl_60814b0482cd,setl_60814b0482cd,merch_1d7b999b,5229.64,2026-01-12T21:18:00,pay_8fba314b4307,processed,{}
setl_364268aa73de,setl_364268aa73de,merch_1d7b999b,45599.20,2026-01-21T13:17:00,pay_2b2ee3296ec1,processed,{}
setl_8a2e31f520f9,setl_8a2e31f520f9,merch_1d7b999b,20369.89,2026-01-18T23:43:00,pay_efca6eda8f1c,processed,{}
setl_5ff987811bd2,setl_5ff987811bd2,merch_1d7b999b,30417.89,2026-01-27T14:02:00,pay_f2f0042716f6,processed,{}
setl_00496155ed03,setl_00496155ed03,merch_1d7b999b,32293.63,2026-01-13T12:36:00,pay_1ca89828d299,processed,{}
setl_1db451ee9a8c,setl_1db451ee9a8c,merch_1d7b999b,22551.14,2026-01-13T11:28:00,pay_b1bcbb39d708,processed,{}
setl_794146750e70,setl_794146750e70,merch_1d7b999b,18410.8,2026-01-12T20:17:00,pay_4091a6a7ca8c,processed,{}
setl_a69254927bc3,setl_a69254927bc3,merch_1d7b999b,35231.49,2026-01-08T19:18:00,pay_86827276873c,processed,{}
setl_5db4a55596b2,setl_5db4a55596b2,merch_1d7b999b,42656.03,2026-01-16T05:57:00,pay_73c5ddd990b9,processed,{}
setl_5db4a55596b2_dup,setl_5db4a55596b2_dup,merch_1d7b999b,42656.03,2026-01-16T05:57:00,pay_73c5ddd990b9,processed,{}
setl_202128c1273a,setl_202128c1273a,merch_1d7b999b,48381.31,2026-01-12T21:22:00,pay_f7296ce16013,processed,{}
setl_46cd431b1741,setl_46cd431b1741,merch_1d7b999b,44577.45,2026-01-29T05:45:00,pay_73799fe43205,processed,{}
setl_0f93ee737f64,setl_0f93ee737f64,merch_1d7b999b,6155.99,2026-01-08T04:15:00,pay_157868b7afea,processed,{}
setl_149e6ea56a35,setl_149e6ea56a35,merch_1d7b999b,28656.64,2026-01-16T17:08:00,pay_ce3f133e36fa,processed,{}
setl_b088714c7305,setl_b088714c7305,merch_1d7b999b,49979.79,2026-01-25T15:33:00,pay_a72346635967,processed,{}
setl_b088714c7305_dup,setl_b088714c7305_dup,merch_1d7b999b,49979.79,2026-01-25T15:33:00,pay_a72346635967,processed,{}
setl_69085c09e0a4,setl_69085c09e0a4,merch_1d7b999b,3790.16,2026-01-12T20:04:00,pay_56c3b6f0430d,processed,{}
setl_aef72d062de6,setl_aef72d062de6,merch_1d7b999b,17291.29,2026-01-30T17:40:00,pay_e79a07964af6,processed,{}
setl_2baf3436d37e,setl_2baf3436d37e,merch_1d7b999b,45544.54,2026-01-03T03:33:00,pay_80e84a4ee6fa,processed,{}
setl_f3ea2cf31369,setl_f3ea2cf31369,merch_1d7b999b,15876.75,2026-01-24T07:22:00,pay_d1068a3289c9,processed,{}
setl_42c5358181e0,setl_42c5358181e0,merch_1d7b999b,12605.2,2026-01-22T17:17:00,pay_fbacb5a9652e,processed,{}
setl_32c40f198430,setl_32c40f198430,merch_1d7b999b,26730.55,2026-01-18T20:10:00,pay_d7d7b381b240,processed,{}
setl_5f808cbce586,setl_5f808cbce586,merch_1d7b999b,36059.58,2026-01-21T10:53:00,pay_0e247983a901,processed,{}
setl_c62d73386d89,setl_c62d73386d89,merch_1d7b999b,47432.49,2026-01-26T18:16:00,pay_d34eefd1bdd4,processed,{}
setl_2c9c10dbfd50,setl_2c9c10dbfd50,merch_1d7b999b,31985.66,2026-01-21T20:34:00,pay_f6356274bd71,processed,{}
setl_6831e2b87ec0,setl_6831e2b87ec0,merch_1d7b999b,24198.95,2026-01-27T21:25:00,pay_a6ec9a65bf09,processed,{}
setl_9855bb15fdd4,setl_9855bb15fdd4,merch_1d7b999b,3089.66,2026-01-16T13:30:00,pay_704eb607fc09,processed,{}
setl_b3f18afd20a6,setl_b3f18afd20a6,merch_1d7b999b,7269.07,2026-01-29T22:20:00,pay_e90711788602,processed,{}
setl_61d8b62e1a8f,setl_61d8b62e1a8f,merch_1d7b999b,18589.96,2026-01-19T03:20:00,pay_8aabdc325e6b,processed,{}
setl_1551e158e21f,setl_1551e158e21f,merch_1d7b999b,22084.14,2026-01-06T03:03:00,pay_ab7bc277e247,processed,{}
setl_eb2a4abd3e39,setl_eb2a4abd3e39,merch_1d7b999b,9381.27,2026-01-07T15:32:00,pay_270e8a1a1ee6,processed,{}
setl_ab036a6369de,setl_ab036a6369de,merch_1d7b999b,24918.78,2026-01-04T12:32:00,pay_9109cdb563e6,processed,{}
setl_fbf78aec206f,setl_fbf78aec206f,merch_1d7b999b,17709.46,2026-01-03T09:31:00,pay_8938945c94df,processed,{}
setl_6ab3229e4bec,setl_6ab3229e4bec,merch_1d7b999b,18360.27,2026-01-14T01:36:00,pay_6df485030f09,processed,{}
setl_728574f5b3b1,setl_728574f5b3b1,merch_1d7b999b,3779.23,2026-01-18T14:48:00,pay_2e82b72404bd,processed,{}
setl_d3b77ca4379f,setl_d3b77ca4379f,merch_1d7b999b,6028.67,2026-01-09T12:23:00,pay_d7cce9c72c98,processed,{}
setl_1d455142ee45,setl_1d455142ee45,merch_1d7b999b,37772.76,2026-01-08T19:32:00,pay_d4594c4b2356,processed,{}
setl_1a01a1c3ae0a,setl_1a01a1c3ae0a,merch_1d7b999b,2041.81,2026-01-24T10:51:00,pay_fde88d12e09d,processed,{}
setl_50f237f0569c,setl_50f237f0569c,merch_1d7b999b,30352.4,2026-01-18T04:20:00,pay_208380f4504c,processed,{}
setl_7e825cc3c22c,setl_7e825cc3c22c,merch_1d7b999b,30863.37,2026-01-28T09:37:00,pay_00643b594d96,processed,{}
setl_7e825cc3c22c_dup,setl_7e825cc3c22c_dup,merch_1d7b999b,30863.37,2026-01-28T09:37:00,pay_00643b594d96,processed,{}
setl_5ebecb708bcc,setl_5ebecb708bcc,merch_1d7b999b,26663.76,2026-01-24T18:19:00,pay_d93dd929e927,processed,{}
setl_b5227268e8de,setl_b5227268e8de,merch_1d7b999b,33722.94,2026-01-15T18:19:00,pay_e37dd9983f20,processed,{}
setl_f2b6518e776d,setl_f2b6518e776d,merch_1d7b999b,48356.83,2026-01-27T18:36:00,pay_4953edde38da,processed,{}
setl_d13718cf59ed,setl_d13718cf59ed,merch_1d7b999b,8608.55,2026-01-22T23:39:00,pay_951c11f0b7ef,processed,{}
setl_d13718cf59ed_dup,setl_d13718cf59ed_dup,merch_1d7b999b,8608.55,2026-01-22T23:39:00,pay_951c11f0b7ef,processed,{}
setl_8dcfc2cad7dd,setl_8dcfc2cad7dd,merch_1d7b999b,12185.61,2026-01-20T22:07:00,pay_34bf1fb69bd2,processed,{}
setl_cc06024e8eb5,setl_cc06024e8eb5,merch_1d7b999b,46034.0,2026-01-29T23:46:00,pay_46619de4b5fe,processed,{}
setl_656807ac6bc9,setl_656807ac6bc9,merch_1d7b999b,28088.25,2026-01-27T15:33:00,pay_61f175a71982,processed,{}
setl_8244594fc8c9,setl_8244594fc8c9,merch_1d7b999b,36074.14,2026-01-26T22:16:00,pay_380f90d90cb6,processed,{}
setl_2ab2b18ba874,setl_2ab2b18ba874,merch_1d7b999b,14032.42,2026-01-11T07:19:00,pay_7fa10acb58d5,processed,{}
setl_437062589056,setl_437062589056,merch_1d7b999b,24501.25,2026-01-17T11:35:00,pay_4710934e3fb4,processed,{}
setl_93bad0ed5c51,setl_93bad0ed5c51,merch_1d7b999b,33863.45,2026-01-14T12:52:00,pay_409034d1fc07,processed,{}
setl_5186d83c498b,setl_5186d83c498b,merch_1d7b999b,14452.75,2026-01-24T02:22:00,pay_e08d9d628dfe,processed,{}
setl_1d63bc153a24,setl_1d63bc153a24,merch_1d7b999b,24006.06,2026-01-08T17:17:00,pay_3783c10de80d,processed,{}
setl_d9a5cfca446a,setl_d9a5cfca446a,merch_1d7b999b,37080.46,2026-01-09T07:03:00,pay_a8cfc733c962,processed,{}
setl_a0c87f23be40,setl_a0c87f23be40,merch_1d7b999b,2729.31,2026-01-15T10:45:00,pay_eea1e498a4b0,processed,{}
setl_76cd1a59d424,setl_76cd1a59d424,merch_1d7b999b,6969.61,2026-02-01T17:59:00,pay_e0b8ba355107,processed,{}
setl_f8e50b10eef4,setl_f8e50b10eef4,merch_1d7b999b,44044.31,2026-01-17T15:41:00,pay_756d92a6f652,processed,{}
setl_6992950fe575,setl_6992950fe575,merch_1d7b999b,21265.81,2026-01-03T05:26:00,pay_2dedda436649,processed,{}
setl_359069325337,setl_359069325337,merch_1d7b999b,19910.03,2026-01-17T05:59:00,pay_83743c24e767,processed,{}
setl_04e670cebfe8,setl_04e670cebfe8,merch_1d7b999b,28441.3,2026-01-05T10:18:00,pay_1af800fde5a9,processed,{}
setl_9fc615e85002,setl_9fc615e85002,merch_1d7b999b,24746.23,2026-02-01T04:54:00,pay_8dc4391c55a6,processed,{}
setl_c8aff0350cab,setl_c8aff0350cab,merch_1d7b999b,40459.81,2026-01-12T05:46:00,pay_f13e005a30ea,processed,{}
setl_0d26d3552006,setl_0d26d3552006,merch_1d7b999b,9401.33,2026-01-25T10:50:00,pay_5fa36e705b18,processed,{}
setl_5b6a235afd29,setl_5b6a235afd29,merch_1d7b999b,9738.75,2026-01-21T20:57:00,pay_d9ad2a2f4a3a,processed,{}
setl_7c2c2823b726,setl_7c2c2823b726,merch_1d7b999b,4428.21,2026-01-23T03:11:00,pay_a025dcb5791a,processed,{}
setl_b52e4508cf4c,setl_b52e4508cf4c,merch_1d7b999b,12477.55,2026-01-14T12:15:00,pay_a5fff6898024,processed,{}
setl_015855012110,setl_015855012110,merch_1d7b999b,15167.1,2026-01-25T18:00:00,pay_773b86204553,processed,{}
setl_4cd0213dde10,setl_4cd0213dde10,merch_1d7b999b,11891.5,2026-01-23T03:29:00,pay_6a2ec40e37d9,processed,{}
setl_fcd80cfd113e,setl_fcd80cfd113e,merch_1d7b999b,25185.77,2026-01-30T22:49:00,pay_de809202d9a4,processed,{}
setl_92c6192c2553,setl_92c6192c2553,merch_1d7b999b,47037.72,2026-01-13T19:14:00,pay_c4a558a16cad,processed,{}
setl_02f517e7f37e,setl_02f517e7f37e,merch_1d7b999b,43669.44,2026-01-04T16:28:00,pay_42224a4610e7,processed,{}
setl_b2083cbd9d10,setl_b2083cbd9d10,merch_1d7b999b,28252.02,2026-01-03T17:57:00,pay_88c5848bd822,processed,{}
setl_ff70a52aa1b8,setl_ff70a52aa1b8,merch_1d7b999b,7577.63,2026-01-12T16:28:00,pay_05ae692d0a48,processed,{}
setl_88d5af246781,setl_88d5af246781,merch_1d7b999b,29199.07,2026-01-04T16:28:00,pay_81e4956472a4,processed,{}
setl_25fa7ac28426,setl_25fa7ac28426,merch_1d7b999b,20829.69,2026-01-20T01:35:00,pay_f25361c27de7,processed,{}
setl_25fa7ac28426_dup,setl_25fa7ac28426_dup,merch_1d7b999b,20829.69,2026-01-20T01:35:00,pay_f25361c27de7,processed,{}
setl_2a20ddc05473,setl_2a20ddc05473,merch_1d7b999b,36191.68,2026-01-14T08:52:00,pay_4192362a5e08,processed,{}
setl_8faca916db11,setl_8faca916db11,merch_1d7b999b,2359.96,2026-01-17T22:04:00,pay_2d9313cfda6f,processed,{}
setl_3307bf1d08b1,setl_3307bf1d08b1,merch_1d7b999b,3544.06,2026-01-31T15:02:00,pay_dd757911a8c4,processed,{}
setl_750d5b418d0d,setl_750d5b418d0d,merch_1d7b999b,3428.95,2026-01-22T23:41:00,pay_fa6ef2a8ac35,processed,{}
setl_41140d804ce6,setl_41140d804ce6,merch_1d7b999b,9592.86,2026-01-29T12:24:00,pay_92f590f908ee,processed,{}
setl_33f1ce44faf6,setl_33f1ce44faf6,merch_1d7b999b,43740.23,2026-01-06T20:55:00,pay_3f03411ee59f,processed,{}
setl_d4a7ec658446,setl_d4a7ec658446,merch_1d7b999b,48926.69,2026-01-16T21:46:00,pay_f7b81964b8a6,processed,{}
setl_5a57b6324af9,setl_5a57b6324af9,merch_1d7b999b,41185.69,2026-01-09T14:22:00,pay_7f058fac86c9,processed,{}
setl_ccab7905edf2,setl_ccab7905edf2,merch_1d7b999b,44199.46,2026-01-02T07:13:00,pay_0b1a1bf115e9,processed,{}
setl_419aec7f48fe,setl_419aec7f48fe,merch_1d7b999b,20173.04,2026-01-09T17:13:00,pay_36291fda342e,processed,{}
setl_d255d4ec4983,setl_d255d4ec4983,merch_1d7b999b,14534.25,2026-01-28T23:36:00,pay_7f937e00ec66,processed,{}
setl_b60571e09c06,setl_b60571e09c06,merch_1d7b999b,33659.34,2026-01-12T07:19:00,pay_78630abacce6,processed,{}
setl_5402222c649a,setl_5402222c649a,merch_1d7b999b,20746.65,2026-01-10T01:35:00,pay_3e09675e41e9,processed,{}
setl_f37d06245b02,setl_f37d06245b02,merch_1d7b999b,27836.95,2026-01-03T11:41:00,pay_9cd35ec26eae,processed,{}
setl_1cf024f7a25f,setl_1cf024f7a25f,merch_1d7b999b,20874.6,2026-01-06T09:24:00,pay_6a594d21d527,processed,{}
setl_5e9731601c20,setl_5e9731601c20,merch_1d7b999b,42482.11,2026-01-11T22:09:00,pay_ecd6a7d17788,processed,{}
setl_fdbf759589ad,setl_fdbf759589ad,merch_1d7b999b,48392.53,2026-01-19T16:08:00,pay_ea5353d5262b,processed,{}
setl_9e7cdfcaa09a,setl_9e7cdfcaa09a,merch_1d7b999b,16580.12,2026-01-04T14:54:00,pay_e3466a5a5906,processed,{}
setl_88d4adc0cd82,setl_88d4adc0cd82,merch_1d7b999b,41487.37,2026-01-03T08:24:00,pay_eb5f5da8a4b5,processed,{}
setl_d7f63c1f81b2,setl_d7f63c1f81b2,merch_1d7b999b,38108.65,2026-01-25T21:35:00,pay_06ea4382611f,processed,{}
setl_73213c95fa49,setl_73213c95fa49,merch_1d7b999b,37741.1,2026-01-31T07:44:00,wrong_pay_e7bc55174f49,processed,{}
setl_d30e1d8cef5d,setl_d30e1d8cef5d,merch_1d7b999b,27658.76,2026-01-26T09:24:00,pay_1255bffbbfb6,processed,{}
setl_3777b441aebf,setl_3777b441aebf,merch_1d7b999b,15490.27,2026-01-13T16:56:00,pay_b42a19513c55,processed,{}
setl_cba4539dd41d,setl_cba4539dd41d,merch_1d7b999b,49067.79,2026-01-17T10:58:00,pay_9b096a06a17b,processed,{}
setl_5b57ad17e284,setl_5b57ad17e284,merch_1d7b999b,2381.2,2026-01-29T07:47:00,pay_ba30f8c1c57a,processed,{}
setl_8a04c2ab25f7,setl_8a04c2ab25f7,merch_1d7b999b,46744.44,2026-01-20T23:26:00,pay_9a544e36b960,processed,{}
setl_d51230078a96,setl_d51230078a96,merch_1d7b999b,24482.19,2026-01-25T20:47:00,pay_733fd0ead66f,processed,{}
setl_2f9003917de4,setl_2f9003917de4,merch_1d7b999b,39769.28,2026-01-07T04:46:00,pay_4fe2d48a72cb,processed,{}
setl_4f11b5e1db49,setl_4f11b5e1db49,merch_1d7b999b,44479.29,2026-01-26T01:33:00,pay_a972ce3ffa20,processed,{}
setl_37ba37d465e2,setl_37ba37d465e2,merch_1d7b999b,33443.96,2026-01-26T00:26:00,pay_8c0d88341c78,processed,{}
setl_95212d5f9609,setl_95212d5f9609,merch_1d7b999b,35387.76,2026-01-02T06:32:00,pay_ea9317f82ce3,processed,{}
setl_98cca8499e5f,setl_98cca8499e5f,merch_1d7b999b,31922.66,2026-01-31T19:58:00,pay_8ff18eb809d4,processed,{}
setl_72de266dc1b1,setl_72de266dc1b1,merch_1d7b999b,26833.33,2026-01-11T00:32:00,pay_dde3c42cf1ca,processed,{}
setl_8a7204a5bd08,setl_8a7204a5bd08,merch_1d7b999b,4906.06,2026-01-06T07:12:00,pay_80d67ebe7673,processed,{}
setl_8a7204a5bd08_dup,setl_8a7204a5bd08_dup,merch_1d7b999b,4906.06,2026-01-06T07:12:00,pay_80d67ebe7673,processed,{}
setl_675efa4ddbe8,setl_675efa4ddbe8,merch_1d7b999b,13439.5,2026-01-14T02:23:00,pay_626cc0f293ad,processed,{}
setl_862c7736e7d3,setl_862c7736e7d3,merch_1d7b999b,24756.32,2026-01-09T09:43:00,pay_e733345b3899,processed,{}
setl_f32f64f1050b,setl_f32f64f1050b,merch_1d7b999b,32529.73,2026-01-03T02:25:00,pay_a6f4d3905b32,processed,{}
setl_8667a35a331d,setl_8667a35a331d,merch_1d7b999b,2842.14,2026-01-02T22:10:00,pay_ccc355174088,processed,{}
setl_107b92a413de,setl_107b92a413de,merch_1d7b999b,32280.87,2026-01-12T18:54:00,wrong_pay_caf31d6b9706,processed,{}
setl_eac9875310c0,setl_eac9875310c0,merch_1d7b999b,11565.35,2026-01-30T22:56:00,pay_5227c2c180d9,processed,{}
setl_7216c49526c4,setl_7216c49526c4,merch_1d7b999b,3819.97,2026-01-31T08:57:00,pay_eec63bb78a2d,processed,{}
setl_92cd7635f093,setl_92cd7635f093,merch_1d7b999b,9049.79,2026-01-29T10:01:00,pay_9e8400266fad,processed,{}
setl_8cc5885147ac,setl_8cc5885147ac,merch_1d7b999b,41052.47,2026-01-28T12:59:00,pay_69b71c63f53a,processed,{}
setl_e4eae0008169,setl_e4eae0008169,merch_1d7b999b,12099.56,2026-01-28T12:43:00,pay_8d09b19be718,processed,{}
setl_55335e95cfbf,setl_55335e95cfbf,merch_1d7b999b,17368.39,2026-01-05T13:14:00,pay_52ce2b2c45c5,processed,{}
setl_c1f191912daf,setl_c1f191912daf,merch_1d7b999b,30741.88,2026-01-21T12:49:00,pay_9dfd488a85ed,processed,{}
setl_05d58afd1d48,setl_05d58afd1d48,merch_1d7b999b,39199.05,2026-01-20T15:14:00,pay_846d7e363d5c,processed,{}
setl_e322bf1b1d2b,setl_e322bf1b1d2b,merch_1d7b999b,14839.44,2026-01-09T22:04:00,pay_bba164d52215,processed,{}
setl_cf67d54687db,setl_cf67d54687db,merch_1d7b999b,35612.69,2026-01-22T04:47:00,pay_57c06c7c2861,processed,{}
setl_ce6314dad5b1,setl_ce6314dad5b1,merch_1d7b999b,4666.87,2026-02-01T09:28:00,pay_ce40e18aac98,processed,{}
setl_f445d8297bd6,setl_f445d8297bd6,merch_1d7b999b,4456.13,2026-01-15T14:35:00,pay_1477ec63c53c,processed,{}
setl_66ddef6ce888,setl_66ddef6ce888,merch_1d7b999b,4571.98,2026-01-19T02:38:00,pay_b06457e32e10,processed,{}
setl_e9c4c1480bda,setl_e9c4c1480bda,merch_1d7b999b,20749.12,2026-01-26T02:46:00,pay_c8f16f1aa0ba,processed,{}
setl_506b1e0d0838,setl_506b1e0d0838,merch_1d7b999b,34297.27,2026-01-07T04:17:00,pay_6f6ed62dd984,processed,{}
setl_80b3c6c24874,setl_80b3c6c24874,merch_1d7b999b,3257.03,2026-01-15T08:26:00,pay_5669aaa26cff,processed,{}
setl_80b3c6c24874_dup,setl_80b3c6c24874_dup,merch_1d7b999b,3257.03,2026-01-15T08:26:00,pay_5669aaa26cff,processed,{}
setl_d39d39c30bb3,setl_d39d39c30bb3,merch_1d7b999b,18130.13,2026-02-01T07:46:00,pay_e7da276eee78,processed,{}
setl_872e9d0d3545,setl_872e9d0d3545,merch_1d7b999b,22488.35,2026-01-06T09:00:00,pay_de3ffb48b53a,processed,{}
setl_0bd9053b9ec4,setl_0bd9053b9ec4,merch_1d7b999b,19056.51,2026-01-29T10:28:00,pay_604cd5701e92,processed,{}
setl_0bd9053b9ec4_dup,setl_0bd9053b9ec4_dup,merch_1d7b999b,19056.51,2026-01-29T10:28:00,pay_604cd5701e92,processed,{}
setl_81a82a7f027a,setl_81a82a7f027a,merch_1d7b999b,42989.47,2026-01-25T04:19:00,pay_d63276520b42,processed,{}
setl_1937c89c2dfe,setl_1937c89c2dfe,merch_1d7b999b,31681.83,2026-02-01T18:50:00,pay_b170597da898,processed,{}
setl_68ed3a868cca,setl_68ed3a868cca,merch_1d7b999b,20421.54,2026-01-14T11:07:00,pay_63e242c85c10,processed,{}
setl_b489d1a351fb,setl_b489d1a351fb,merch_1d7b999b,9078.37,2026-01-26T17:01:00,pay_afb5a013efda,processed,{}
setl_4af14e678451,setl_4af14e678451,merch_1d7b999b,14637.43,2026-01-24T02:52:00,pay_aae088633c6f,processed,{}
setl_006dbbec12e6,setl_006dbbec12e6,merch_1d7b999b,31703.47,2026-01-09T08:42:00,pay_819f19a01b4f,processed,{}
setl_006dbbec12e6_dup,setl_006dbbec12e6_dup,merch_1d7b999b,31703.47,2026-01-09T08:42:00,pay_819f19a01b4f,processed,{}
setl_8698df90cae6,setl_8698df90cae6,merch_1d7b999b,3790.86,2026-01-21T15:37:00,pay_473b528126ef,processed,{}
setl_47931341a968,setl_47931341a968,merch_1d7b999b,16457.16,2026-01-13T05:41:00,pay_68dbc319226d,processed,{}
setl_1595ea109e57,setl_1595ea109e57,merch_1d7b999b,33905.85,2026-01-14T10:50:00,pay_242c49ff2fb7,processed,{}
setl_1dc0ad908e93,setl_1dc0ad908e93,merch_1d7b999b,13011.04,2026-01-18T23:33:00,pay_2a7e5ef5d28a,processed,{}
setl_276ec824b952,setl_276ec824b952,merch_1d7b999b,23206.85,2026-01-23T18:44:00,pay_befe0b9d0bf4,processed,{}
setl_6a78edc1b23b,setl_6a78edc1b23b,merch_1d7b999b,1325.68,2026-01-05T09:26:00,pay_eb9964043c3f,processed,{}
setl_6a78edc1b23b_dup,setl_6a78edc1b23b_dup,merch_1d7b999b,1325.68,2026-01-05T09:26:00,pay_eb9964043c3f,processed,{}
setl_b1ce4a0ec114,setl_b1ce4a0ec114,merch_1d7b999b,36534.52,2026-01-13T09:21:00,pay_6d87e4451e84,processed,{}
setl_f8c569b37ee6,setl_f8c569b37ee6,merch_1d7b999b,17480.18,2026-01-05T14:46:00,pay_25c56e99e963,processed,{}
setl_3049a0aca814,setl_3049a0aca814,merch_1d7b999b,2329.68,2026-01-24T03:01:00,pay_24b058a3c5b3,processed,{}
setl_67cf61ddecee,setl_67cf61ddecee,merch_1d7b999b,40022.5,2026-01-31T23:15:00,pay_5325bef586f1,processed,{}
setl_a99b5109bdb6,setl_a99b5109bdb6,merch_1d7b999b,16616.38,2026-01-15T14:14:00,pay_37553dac3965,processed,{}
setl_cb1f9e0bc9fd,setl_cb1f9e0bc9fd,merch_1d7b999b,32059.9,2026-01-15T12:01:00,pay_694ca482e9f0,processed,{}
setl_1b399f071789,setl_1b399f071789,merch_1d7b999b,19502.91,2026-01-24T06:13:00,pay_21330b1451fd,processed,{}
setl_abdf743f63be,setl_abdf743f63be,merch_1d7b999b,39995.17,2026-01-19T05:23:00,pay_20985434427c,processed,{}
setl_620ec4e5b282,setl_620ec4e5b282,merch_1d7b999b,13191.43,2026-01-29T15:33:00,pay_30b192f04ce0,processed,{}
setl_dc731cc9a2e2,setl_dc731cc9a2e2,merch_1d7b999b,19687.95,2026-01-05T11:22:00,pay_c1abcfd3f5a7,processed,{}
setl_97f8545cde82,setl_97f8545cde82,merch_1d7b999b,33712.08,2026-01-27T09:58:00,pay_65b56bdc54fb,processed,{}
setl_dbd2f013f134,setl_dbd2f013f134,merch_1d7b999b,5981.3,2026-01-11T03:11:00,pay_5d77c7fcebf2,processed,{}
setl_ffcbd801ea5d,setl_ffcbd801ea5d,merch_1d7b999b,20970.13,2026-01-06T18:24:00,pay_2d82ff730f3f,processed,{}
setl_1f11ed740d9f,setl_1f11ed740d9f,merch_1d7b999b,26915.23,2026-01-31T20:59:00,pay_5a911627154a,processed,{}
setl_7ddf00e5079f,setl_7ddf00e5079f,merch_1d7b999b,14512.86,2026-01-07T10:53:00,pay_13c80083beeb,processed,{}
setl_d707af97c19e,setl_d707af97c19e,merch_1d7b999b,9008.02,2026-01-02T15:08:00,pay_dc668fd66d4a,processed,{}
setl_62bc6dc217ea,setl_62bc6dc217ea,merch_1d7b999b,22248.2,2026-01-07T02:36:00,pay_0cecd6d52764,processed,{}
setl_0afbd1a3a744,setl_0afbd1a3a744,merch_1d7b999b,41181.81,2026-01-13T17:52:00,pay_aba0d0dcd0e6,processed,{}
setl_e0ab493a76a1,setl_e0ab493a76a1,merch_1d7b999b,48500.01,2026-01-05T23:53:00,pay_c12aed935108,processed,{}
setl_c0a500b84b6e,setl_c0a500b84b6e,merch_1d7b999b,1674.13,2026-01-10T11:55:00,pay_700a505fa101,processed,{}
setl_655e3b7cf4f3,setl_655e3b7cf4f3,merch_1d7b999b,5967.56,2026-01-27T07:13:00,pay_349a70bc1780,processed,{}
setl_93f84f369358,setl_93f84f369358,merch_1d7b999b,8382.48,2026-01-06T06:52:00,pay_cd7ba0198587,processed,{}
setl_aaa064bd663d,setl_aaa064bd663d,merch_1d7b999b,26660.81,2026-01-21T17:10:00,pay_04cfa0b41957,processed,{}
setl_095d44550599,setl_095d44550599,merch_1d7b999b,6720.21,2026-01-29T16:57:00,pay_986f310c0f02,processed,{}
setl_6ab2fd706e77,setl_6ab2fd706e77,merch_1d7b999b,39305.98,2026-01-31T01:17:00,pay_edc6735cee3b,processed,{}
setl_d970325e2fc5,setl_d970325e2fc5,merch_1d7b999b,35598.6,2026-01-28T07:48:00,pay_9153825cdeaf,processed,{}
setl_f7dfa5ad719c,setl_f7dfa5ad719c,merch_1d7b999b,31666.86,2026-01-22T13:24:00,pay_1068135cde98,processed,{}
setl_2d9211aaebdc,setl_2d9211aaebdc,merch_1d7b999b,44018.24,2026-01-04T12:32:00,pay_108011fe7e65,processed,{}
setl_93c540128a12,setl_93c540128a12,merch_1d7b999b,24463.42,2026-01-20T00:55:00,pay_9f36faec71b5,processed,{}
setl_4a91444a730a,setl_4a91444a730a,merch_1d7b999b,34894.72,2026-01-29T02:50:00,pay_ca783f2ff420,processed,{}
setl_9c51b5194a63,setl_9c51b5194a63,merch_1d7b999b,21539.19,2026-01-08T15:17:00,pay_5db7a4e39989,processed,{}
setl_cda7cc64f80b,setl_cda7cc64f80b,merch_1d7b999b,2392.55,2026-01-22T14:01:00,pay_0829f7ad67eb,processed,{}
setl_04c3ec94de01,setl_04c3ec94de01,merch_1d7b999b,133.73,2026-02-01T13:12:00,pay_26ec6e49556d,processed,{}
setl_e3405d875802,setl_e3405d875802,merch_1d7b999b,43733.73,2026-01-30T08:05:00,pay_6ec6f5e1dd03,processed,{}
setl_b98e0597af43,setl_b98e0597af43,merch_1d7b999b,33258.99,2026-01-22T05:03:00,pay_9af217e579a1,processed,{}
setl_7dd4a46f234a,setl_7dd4a46f234a,merch_1d7b999b,35002.12,2026-01-09T13:41:00,pay_46720b597317,processed,{}
setl_30ef99a79c90,setl_30ef99a79c90,merch_1d7b999b,23892.65,2026-01-06T18:14:00,pay_e4ebaae47acb,processed,{}
setl_87ed60068c9f,setl_87ed60068c9f,merch_1d7b999b,502.32,2026-01-12T03:55:00,pay_a65774363093,processed,{}
setl_384a64d57255,setl_384a64d57255,merch_1d7b999b,11524.45,2026-01-04T23:51:00,pay_451ad9dc02a9,processed,{}
setl_0ed0b1739eae,setl_0ed0b1739eae,merch_1d7b999b,22030.68,2026-01-06T12:49:00,pay_601d4a9581f4,processed,{}
setl_8a10b73e8fa1,setl_8a10b73e8fa1,merch_1d7b999b,7228.37,2026-01-18T18:00:00,pay_a51a2d12592d,processed,{}
setl_20c1f3f594f8,setl_20c1f3f594f8,merch_1d7b999b,10741.47,2026-01-25T04:58:00,pay_cb8a0ec6a2c3,processed,{}
setl_5c087e0147a4,setl_5c087e0147a4,merch_1d7b999b,17641.63,2026-01-15T10:50:00,pay_aaa9b9e4631d,processed,{}
setl_630916b4326f,setl_630916b4326f,merch_1d7b999b,4217.93,2026-01-19T19:38:00,pay_efb0611f7e0d,processed,{}
setl_1edcf467c802,setl_1edcf467c802,merch_1d7b999b,14847.55,2026-01-03T07:31:00,pay_13104cc1825a,processed,{}
setl_da94b1ca5835,setl_da94b1ca5835,merch_1d7b999b,31940.31,2026-01-08T16:56:00,pay_744819278724,processed,{}
setl_ee21177843f0,setl_ee21177843f0,merch_1d7b999b,6695.95,2026-01-29T18:26:00,pay_5e2ec3d9d644,processed,{}
setl_df9bbea1fb66,setl_df9bbea1fb66,merch_1d7b999b,38160.02,2026-02-01T02:01:00,pay_aa69fb2e54bc,processed,{}
setl_ab6a387424db,setl_ab6a387424db,merch_1d7b999b,38378.79,2026-01-15T22:25:00,pay_0045cc3fae54,processed,{}
setl_593eed40a7b7,setl_593eed40a7b7,merch_1d7b999b,30840.75,2026-01-10T02:19:00,wrong_pay_a2b33ae6a567,processed,{}
setl_c8c2d84ad684,setl_c8c2d84ad684,merch_1d7b999b,48728.24,2026-01-06T17:20:00,pay_75e1f1f8cbdd,processed,{}
setl_ef78a0bca052,setl_ef78a0bca052,merch_1d7b999b,42338.76,2026-01-03T07:05:00,pay_7fac807328cd,processed,{}
setl_a75b9ba1401b,setl_a75b9ba1401b,merch_1d7b999b,30480.74,2026-01-11T21:47:00,pay_cd145059b008,processed,{}
setl_0a6b326470cc,setl_0a6b326470cc,merch_1d7b999b,6946.87,2026-01-02T05:31:00,pay_abfccfbc50d1,processed,{}
setl_a3e861dd10dd,setl_a3e861dd10dd,merch_1d7b999b,5991.03,2026-01-30T00:21:00,pay_36474209696f,processed,{}
setl_89963b25eede,setl_89963b25eede,merch_1d7b999b,13221.19,2026-01-20T20:04:00,pay_30fee68ea09f,processed,{}
setl_69436069874e,setl_69436069874e,merch_1d7b999b,2866.41,2026-01-29T18:10:00,pay_c4c0fa619a35,processed,{}
setl_b990bf40b26d,setl_b990bf40b26d,merch_1d7b999b,228.17,2026-01-29T00:15:00,pay_da3c886ae313,processed,{}
setl_cf4732276902,setl_cf4732276902,merch_1d7b999b,46019.3,2026-01-07T01:35:00,pay_e7deac9fbcab,processed,{}
setl_64febcc77cc3,setl_64febcc77cc3,merch_1d7b999b,20871.2,2026-01-25T10:17:00,pay_bb75cab3800d,processed,{}
setl_f10f9688e534,setl_f10f9688e534,merch_1d7b999b,12575.92,2026-01-30T01:11:00,pay_3f3534f08ebf,processed,{}
setl_5713fccc0528,setl_5713fccc0528,merch_1d7b999b,47708.56,2026-01-04T14:55:00,pay_c41ea5b35556,processed,{}
setl_50d6e912eaac,setl_50d6e912eaac,merch_1d7b999b,27699.26,2026-01-02T11:12:00,pay_11209e06ec48,processed,{}
setl_50d6e912eaac_dup,setl_50d6e912eaac_dup,merch_1d7b999b,27699.26,2026-01-02T11:12:00,pay_11209e06ec48,processed,{}
setl_2dcad87cdf6c,setl_2dcad87cdf6c,merch_1d7b999b,27373.31,2026-01-27T07:09:00,pay_c96bdc88a8c4,processed,{}
setl_1bc99226e390,setl_1bc99226e390,merch_1d7b999b,27123.11,2026-01-22T22:56:00,pay_7615a7ed0a18,processed,{}
setl_df75f75d23eb,setl_df75f75d23eb,merch_1d7b999b,32899.46,2026-01-29T23:46:00,pay_da328e1198eb,processed,{}
setl_cc01ea6d341e,setl_cc01ea6d341e,merch_1d7b999b,49157.48,2026-01-15T15:03:00,pay_d56b276995cf,processed,{}
setl_1cc4bfd98084,setl_1cc4bfd98084,merch_1d7b999b,23035.80,2026-01-30T16:26:00,pay_f3cdc0404736,processed,{}
setl_19da531c4e49,setl_19da531c4e49,merch_1d7b999b,4336.63,2026-01-05T16:08:00,pay_e9c682fb02d9,processed,{}
setl_f7f42e503a13,setl_f7f42e503a13,merch_1d7b999b,3143.75,2026-01-23T04:15:00,pay_ffef920a3f3d,processed,{}
setl_89f0020dd524,setl_89f0020dd524,merch_1d7b999b,46309.49,2026-01-14T22:53:00,pay_d53b8dc7b412,processed,{}
setl_fc4f5cc32778,setl_fc4f5cc32778,merch_1d7b999b,11757.2,2026-02-01T06:08:00,pay_9f467511bbd4,processed,{}
setl_4c8174b98a8a,setl_4c8174b98a8a,merch_1d7b999b,11266.69,2026-01-12T13:07:00,pay_00049c013616,processed,{}
setl_52135c9db870,setl_52135c9db870,merch_1d7b999b,10461.05,2026-01-11T14:16:00,pay_8a56fae98133,processed,{}
setl_4449c8b8600e,setl_4449c8b8600e,merch_1d7b999b,34334.14,2026-01-28T22:44:00,pay_a9433503b7a4,processed,{}
setl_4449c8b8600e_dup,setl_4449c8b8600e_dup,merch_1d7b999b,34334.14,2026-01-28T22:44:00,pay_a9433503b7a4,processed,{}
setl_ad6f8922b69c,setl_ad6f8922b69c,merch_1d7b999b,16456.9,2026-01-04T22:15:00,pay_04db8471210d,processed,{}
setl_e10c9b528302,setl_e10c9b528302,merch_1d7b999b,33891.45,2026-01-10T05:01:00,pay_de59c96ca8be,processed,{}
setl_5a0db3a5c4e5,setl_5a0db3a5c4e5,merch_1d7b999b,27551.03,2026-01-05T14:06:00,pay_883ac8dcbb94,processed,{}
setl_01f395a62a7a,setl_01f395a62a7a,merch_1d7b999b,41545.58,2026-01-09T04:12:00,pay_9ca516c7b544,processed,{}
setl_cccaf311267e,setl_cccaf311267e,merch_1d7b999b,46884.99,2026-01-04T18:37:00,pay_9e808fb2756a,processed,{}
setl_78dab7ce60f4,setl_78dab7ce60f4,merch_1d7b999b,3317.15,2026-01-30T20:28:00,wrong_pay_a79c7fd84a17,processed,{}
setl_ff0b3d056106,setl_ff0b3d056106,merch_1d7b999b,41484.87,2026-01-12T03:02:00,pay_2f6adb7b5a76,processed,{}
setl_eb14558aed4a,setl_eb14558aed4a,merch_1d7b999b,28736.82,2026-01-28T23:25:00,pay_040d803a5187,processed,{}
setl_4a7722b9876d,setl_4a7722b9876d,merch_1d7b999b,21390.53,2026-01-13T06:58:00,pay_c621d5f478c0,processed,{}
setl_6bda51ef0e43,setl_6bda51ef0e43,merch_1d7b999b,44182.85,2026-01-03T19:39:00,pay_a98459e53039,processed,{}
setl_99ab81b3b10b,setl_99ab81b3b10b,merch_1d7b999b,20658.41,2026-01-19T15:03:00,pay_b8d882c8f407,processed,{}
setl_fcc8755a6af2,setl_fcc8755a6af2,merch_1d7b999b,10509.91,2026-01-22T16:15:00,pay_cc8c17357654,processed,{}
setl_0c341b43ac65,setl_0c341b43ac65,merch_1d7b999b,39117.6,2026-01-13T15:34:00,wrong_pay_74f6ce183e9b,processed,{}
setl_46ec29fb9362,setl_46ec29fb9362,merch_1d7b999b,25169.42,2026-01-14T08:11:00,pay_28d567e1c6b2,processed,{}
setl_b91b4184f193,setl_b91b4184f193,merch_1d7b999b,1562.24,2026-01-27T08:03:00,pay_fb17430e2ab9,processed,{}
setl_dff00bf2c93f,setl_dff00bf2c93f,merch_1d7b999b,29241.05,2026-01-09T05:06:00,pay_9693b8b5fa73,processed,{}
setl_461ecb71bcda,setl_461ecb71bcda,merch_1d7b999b,26196.49,2026-01-27T23:03:00,pay_33991c31a0c2,processed,{}
setl_fd5a18b25933,setl_fd5a18b25933,merch_1d7b999b,39889.8,2026-01-13T05:11:00,pay_cfaef8db8fff,processed,{}
setl_9e6dac219674,setl_9e6dac219674,merch_1d7b999b,36931.44,2026-01-13T18:01:00,pay_cb472c5abb12,processed,{}
setl_bb5d6ec74ce7,setl_bb5d6ec74ce7,merch_1d7b999b,28199.13,2026-01-08T15:34:00,pay_7079a97ab95c,processed,{}
setl_249a187dc34f,setl_249a187dc34f,merch_1d7b999b,4603.84,2026-01-09T19:14:00,pay_b5638fac388b,processed,{}
setl_4cbd681a8668,setl_4cbd681a8668,merch_1d7b999b,45947.16,2026-01-29T10:03:00,pay_6bbaf85284e9,processed,{}
setl_6fe5e334c2aa,setl_6fe5e334c2aa,merch_1d7b999b,22934.74,2026-01-26T03:54:00,pay_44d3c0741798,processed,{}
setl_23afc89189c3,setl_23afc89189c3,merch_1d7b999b,18742.18,2026-02-01T21:25:00,pay_66a3a13696a2,processed,{}
setl_915133c926f3,setl_915133c926f3,merch_1d7b999b,6908.94,2026-01-07T23:27:00,pay_227949b9ad8e,processed,{}
setl_720b9ac27994,setl_720b9ac27994,merch_1d7b999b,35398.43,2026-01-19T22:56:00,pay_23c3a9a54ac3,processed,{}
setl_9bb9c2d5b482,setl_9bb9c2d5b482,merch_1d7b999b,40741.27,2026-01-14T09:46:00,pay_84a96ea8a6d3,processed,{}
setl_a41e9875f8d9,setl_a41e9875f8d9,merch_1d7b999b,199.72,2026-01-24T18:25:00,pay_d645ef940fd9,processed,{}
setl_d5adb209d1db,setl_d5adb209d1db,merch_1d7b999b,46059.81,2026-02-01T19:14:00,pay_e62bb9201fe5,processed,{}
setl_550f1ff69255,setl_550f1ff69255,merch_1d7b999b,36546.78,2026-01-09T11:20:00,pay_db5b3a4aa4b5,processed,{}
setl_94db1f0c022c,setl_94db1f0c022c,merch_1d7b999b,4527.43,2026-01-24T21:40:00,pay_a6ff1ac60d0e,processed,{}
setl_593fda087d9d,setl_593fda087d9d,merch_1d7b999b,2502.56,2026-01-16T23:26:00,pay_eac4812edfea,processed,{}
setl_81057016c3b1,setl_81057016c3b1,merch_1d7b999b,19007.76,2026-01-19T12:06:00,pay_5142c4173acb,processed,{}
setl_5811c0d8a9fe,setl_5811c0d8a9fe,merch_1d7b999b,34389.3,2026-01-07T14:04:00,pay_9650018d9909,processed,{}
setl_cea3f8117c14,setl_cea3f8117c14,merch_1d7b999b,13130.27,2026-01-05T02:21:00,pay_e7855e2c9a8a,processed,{}
setl_c274ef27e117,setl_c274ef27e117,merch_1d7b999b,3842.62,2026-02-01T02:21:00,pay_3dad3811f88a,processed,{}
setl_c732869ccf7c,setl_c732869ccf7c,merch_1d7b999b,32716.4,2026-01-21T13:10:00,pay_164f4e33197c,processed,{}
setl_06be5555fed8,setl_06be5555fed8,merch_1d7b999b,48732.48,2026-01-15T22:35:00,pay_1d11a92a532b,processed,{}
setl_5eecca7d93ba,setl_5eecca7d93ba,merch_1d7b999b,14940.29,2026-01-05T01:25:00,pay_e20cabceeb93,processed,{}
setl_0b10ffaffa3d,setl_0b10ffaffa3d,merch_1d7b999b,290.4,2026-01-04T09:52:00,pay_85bb09db7322,processed,{}
setl_ace95f1bbf51,setl_ace95f1bbf51,merch_1d7b999b,10426.95,2026-01-22T09:05:00,pay_5b6557146bc5,processed,{}
setl_78e16757cf3c,setl_78e16757cf3c,merch_1d7b999b,19933.62,2026-01-17T21:16:00,pay_4bbfa3b630df,processed,{}
setl_b8fc137f2507,setl_b8fc137f2507,merch_1d7b999b,9325.57,2026-01-30T12:23:00,pay_949e6fcdcadc,processed,{}
setl_3733d70be252,setl_3733d70be252,merch_1d7b999b,22043.05,2026-01-10T07:53:00,pay_a25bac32d8bc,processed,{}
setl_701c22a7e383,setl_701c22a7e383,merch_1d7b999b,37636.53,2026-01-23T03:05:00,pay_7a48288a8987,processed,{}
setl_040d37d54edd,setl_040d37d54edd,merch_1d7b999b,37847.2,2026-01-09T17:03:00,pay_22fcf28b8720,processed,{}
setl_12bfb968b8a9,setl_12bfb968b8a9,merch_1d7b999b,26822.17,2026-01-29T15:36:00,pay_75c5bc35ee87,processed,{}
setl_bdf43586d1f9,setl_bdf43586d1f9,merch_1d7b999b,19800.74,2026-01-29T22:02:00,wrong_pay_7c53a7ea3554,processed,{}
setl_6326be1ca6ad,setl_6326be1ca6ad,merch_1d7b999b,40042.47,2026-01-23T19:09:00,pay_4cc7dd8ce177,processed,{}
setl_c2d72569474a,setl_c2d72569474a,merch_1d7b999b,49219.96,2026-01-08T06:08:00,pay_3d9e27369968,processed,{}
setl_f740780ed984,setl_f740780ed984,merch_1d7b999b,34187.96,2026-01-08T20:09:00,wrong_pay_f36147518651,processed,{}
setl_927906bbdd5b,setl_927906bbdd5b,merch_1d7b999b,45717.28,2026-01-04T02:24:00,pay_774a69e2dd91,processed,{}
setl_28e777e7260d,setl_28e777e7260d,merch_1d7b999b,13882.42,2026-01-16T00:50:00,pay_3f2eac7d933e,processed,{}
setl_70381b96c227,setl_70381b96c227,merch_1d7b999b,7567.15,2026-01-20T18:37:00,pay_037a2c7b5c41,processed,{}
setl_d8462b8a60a2,setl_d8462b8a60a2,merch_1d7b999b,5139.42,2026-01-11T17:56:00,pay_f1e3c65562e1,processed,{}
setl_6b5e331993ef,setl_6b5e331993ef,merch_1d7b999b,32773.9,2026-01-20T19:30:00,pay_458662fa9d6e,processed,{}
setl_d39989f28eec,setl_d39989f28eec,merch_1d7b999b,7278.25,2026-01-21T21:44:00,pay_a4c787053763,processed,{}
setl_878651dbbd79,setl_878651dbbd79,merch_1d7b999b,43959.99,2026-01-24T07:03:00,wrong_pay_a1e866e624d1,processed,{}
setl_edd0d9ed890a,setl_edd0d9ed890a,merch_1d7b999b,1087.43,2026-01-28T09:19:00,pay_40f36a4c3c0a,processed,{}
setl_2c27215e3a13,setl_2c27215e3a13,merch_1d7b999b,16111.33,2026-01-25T13:38:00,pay_22b678793ed3,processed,{}
setl_18e54bb74e87,setl_18e54bb74e87,merch_1d7b999b,45680.3,2026-01-15T23:31:00,pay_6f1478a01183,processed,{}
setl_18e54bb74e87_dup,setl_18e54bb74e87_dup,merch_1d7b999b,45680.3,2026-01-15T23:31:00,pay_6f1478a01183,processed,{}
setl_43f1c7bfb935,setl_43f1c7bfb935,merch_1d7b999b,25811.96,2026-01-07T02:19:00,pay_eb9a1818d3cf,processed,{}
setl_b8dc06546d95,setl_b8dc06546d95,merch_1d7b999b,41728.05,2026-01-30T18:01:00,pay_33eb70ab20b3,processed,{}
setl_8005a79cd0c2,setl_8005a79cd0c2,merch_1d7b999b,10116.27,2026-01-03T07:02:00,wrong_pay_2dcd04369011,processed,{}
setl_7999988c903d,setl_7999988c903d,merch_1d7b999b,35261.23,2026-01-10T11:52:00,pay_bde2aae8019d,processed,{}
setl_d384de1003c1,setl_d384de1003c1,merch_1d7b999b,46161.37,2026-01-23T00:15:00,pay_8f37443a580c,processed,{}
setl_5fc4f62df7bb,setl_5fc4f62df7bb,merch_1d7b999b,8961.43,2026-01-29T15:37:00,pay_77f26676b5d6,processed,{}
setl_a14a406b82c8,setl_a14a406b82c8,merch_1d7b999b,44735.15,2026-01-25T22:05:00,pay_0a494268daa7,processed,{}
setl_aa2df503b6b7,setl_aa2df503b6b7,merch_1d7b999b,8229.08,2026-01-20T06:54:00,pay_0f07814fd5e1,processed,{}
setl_2d378814e7f8,setl_2d378814e7f8,merch_1d7b999b,10415.88,2026-01-22T13:32:00,pay_e40fe4a4f93e,processed,{}
setl_88672e871ca1,setl_88672e871ca1,merch_1d7b999b,45584.62,2026-01-22T05:38:00,pay_bc36e0d48715,processed,{}
setl_57b8fc9ada45,setl_57b8fc9ada45,merch_1d7b999b,40273.77,2026-01-11T22:45:00,wrong_pay_955d12058a49,processed,{}
setl_18ed84bf16a4,setl_18ed84bf16a4,merch_1d7b999b,42604.15,2026-01-16T08:13:00,pay_906cd208cfd3,processed,{}
setl_195a3d0176c7,setl_195a3d0176c7,merch_1d7b999b,20616.56,2026-01-14T18:06:00,pay_6c0cfcf79fc7,processed,{}
setl_bd7fcfde07b5,setl_bd7fcfde07b5,merch_1d7b999b,48337.62,2026-01-28T11:35:00,pay_60130e123999,processed,{}
setl_4bca62f26450,setl_4bca62f26450,merch_1d7b999b,24138.75,2026-01-12T08:40:00,pay_4a1e2048ae52,processed,{}
setl_79d11455b44b,setl_79d11455b44b,merch_1d7b999b,35583.58,2026-01-30T20:19:00,pay_fb522b410975,processed,{}
setl_624563c5ead3,setl_624563c5ead3,merch_1d7b999b,12091.07,2026-01-03T19:25:00,pay_b5802a6644b8,processed,{}
setl_67c6bf910d35,setl_67c6bf910d35,merch_1d7b999b,1370.22,2026-01-17T09:16:00,pay_025aa011639e,processed,{}
setl_e6599a2bc4ec,setl_e6599a2bc4ec,merch_1d7b999b,11195.92,2026-01-19T20:50:00,pay_c413b0822ed0,processed,{}
setl_aa9f29d42dde,setl_aa9f29d42dde,merch_1d7b999b,15079.72,2026-01-07T21:56:00,pay_08e298340ec6,processed,{}
setl_50f1683b8a19,setl_50f1683b8a19,merch_1d7b999b,6484.41,2026-01-10T23:51:00,wrong_pay_e2a55628a108,processed,{}
setl_1c98f7188bb1,setl_1c98f7188bb1,merch_1d7b999b,32756.29,2026-01-09T11:14:00,pay_6b5155fc7300,processed,{}
setl_1c98f7188bb1_dup,setl_1c98f7188bb1_dup,merch_1d7b999b,32756.29,2026-01-09T11:14:00,pay_6b5155fc7300,processed,{}
setl_19ba205563f1,setl_19ba205563f1,merch_1d7b999b,16632.73,2026-01-10T18:18:00,pay_245f46f9d2d5,processed,{}
setl_c6c18d03621d,setl_c6c18d03621d,merch_1d7b999b,42466.37,2026-01-20T18:39:00,pay_4d47c8d0c432,processed,{}
setl_debb31fb1767,setl_debb31fb1767,merch_1d7b999b,25073.82,2026-01-29T21:24:00,pay_1b6cf9538272,processed,{}
setl_5fcbfd7ccbb7,setl_5fcbfd7ccbb7,merch_1d7b999b,21777.68,2026-01-06T04:12:00,pay_3d3e2db4d805,processed,{}
setl_63d95a28acd4,setl_63d95a28acd4,merch_1d7b999b,44652.97,2026-01-16T04:20:00,pay_0f35a671c567,processed,{}
setl_2d38f551408f,setl_2d38f551408f,merch_1d7b999b,31588.54,2026-01-07T10:40:00,pay_3c4928b4782f,processed,{}
setl_5ec7829c828d,setl_5ec7829c828d,merch_1d7b999b,10548.18,2026-01-26T05:36:00,pay_2dc562d5160b,processed,{}
setl_5ec7829c828d_dup,setl_5ec7829c828d_dup,merch_1d7b999b,10548.18,2026-01-26T05:36:00,pay_2dc562d5160b,processed,{}
setl_b17e09091960,setl_b17e09091960,merch_1d7b999b,39009.65,2026-01-06T19:27:00,pay_b10e0d152bac,processed,{}
setl_596683f6d8c4,setl_596683f6d8c4,merch_1d7b999b,23922.27,2026-01-06T01:34:00,pay_6d2e3b0deb7a,processed,{}
setl_0903d148bb14,setl_0903d148bb14,merch_1d7b999b,44611.12,2026-01-26T16:12:00,pay_fe60a4807025,processed,{}
setl_75f32dd5f338,setl_75f32dd5f338,merch_1d7b999b,36706.8,2026-01-09T22:56:00,pay_75c035ae9756,processed,{}
setl_30cbb504ac43,setl_30cbb504ac43,merch_1d7b999b,19239.17,2026-01-20T09:10:00,pay_f07e7832710a,processed,{}
setl_8ec961201a10,setl_8ec961201a10,merch_1d7b999b,14612.31,2026-01-25T16:38:00,pay_4ab9cd3bca9c,processed,{}
setl_c6b61d032b1a,setl_c6b61d032b1a,merch_1d7b999b,6647.17,2026-01-25T00:37:00,pay_4c1422d906f8,processed,{}
setl_69ab3c33b1c2,setl_69ab3c33b1c2,merch_1d7b999b,35594.39,2026-01-27T01:24:00,pay_13d782153990,processed,{}
setl_552aa465bcde,setl_552aa465bcde,merch_1d7b999b,29746.81,2026-01-03T21:06:00,pay_5da1959b21c5,processed,{}
setl_b702fe520a76,setl_b702fe520a76,merch_1d7b999b,10364.20,2026-01-23T20:00:00,pay_909435f49dfd,processed,{}
setl_f5e30965ffb5,setl_f5e30965ffb5,merch_1d7b999b,33157.9,2026-01-10T19:38:00,pay_451de0044f12,processed,{}
setl_f5e30965ffb5_dup,setl_f5e30965ffb5_dup,merch_1d7b999b,33157.9,2026-01-10T19:38:00,pay_451de0044f12,processed,{}
setl_e46db179ef5a,setl_e46db179ef5a,merch_1d7b999b,5335.22,2026-01-25T19:07:00,pay_9e154f7153e0,processed,{}
setl_e46db179ef5a_dup,setl_e46db179ef5a_dup,merch_1d7b999b,5335.22,2026-01-25T19:07:00,pay_9e154f7153e0,processed,{}
setl_f3b0f816a3f3,setl_f3b0f816a3f3,merch_1d7b999b,12468.59,2026-01-21T06:49:00,pay_32236cc0b4dd,processed,{}
setl_52ab071a5828,setl_52ab071a5828,merch_1d7b999b,17960.3,2026-01-15T09:10:00,pay_fed878342a5c,processed,{}
setl_e111396154f5,setl_e111396154f5,merch_1d7b999b,10463.93,2026-01-31T15:21:00,pay_990681bbba2f,processed,{}
setl_e1d14c3e3b0f,setl_e1d14c3e3b0f,merch_1d7b999b,4541.24,2026-01-09T18:42:00,pay_7232115bcc54,processed,{}
setl_342c4a3d02a4,setl_342c4a3d02a4,merch_1d7b999b,39008.36,2026-01-04T23:46:00,pay_6c1991c0f6be,processed,{}
setl_496cf7c84333,setl_496cf7c84333,merch_1d7b999b,22891.89,2026-01-11T08:29:00,pay_02f2dd13a8b6,processed,{}
setl_496cf7c84333_dup,setl_496cf7c84333_dup,merch_1d7b999b,22891.89,2026-01-11T08:29:00,pay_02f2dd13a8b6,processed,{}
setl_ed73f4264453,setl_ed73f4264453,merch_1d7b999b,4850.42,2026-01-26T01:00:00,pay_f9aeda167002,processed,{}
setl_d4eb6b42bccb,setl_d4eb6b42bccb,merch_1d7b999b,16500.18,2026-01-30T14:39:00,pay_4717640aa98b,processed,{}
setl_ef820a025219,setl_ef820a025219,merch_1d7b999b,17201.86,2026-01-05T12:25:00,pay_c41305c60155,processed,{}
setl_ef820a025219_dup,setl_ef820a025219_dup,merch_1d7b999b,17201.86,2026-01-05T12:25:00,pay_c41305c60155,processed,{}
setl_a04950bbae52,setl_a04950bbae52,merch_1d7b999b,34526.13,2026-01-17T13:41:00,pay_1a8ef632d73e,processed,{}
setl_bccc2f1e37b2,setl_bccc2f1e37b2,merch_1d7b999b,36347.91,2026-02-01T05:06:00,pay_5b2857ef5446,processed,{}
setl_2f4a7e37ca9f,setl_2f4a7e37ca9f,merch_1d7b999b,28500.28,2026-01-16T05:39:00,pay_7a83ccfc3fe1,processed,{}
setl_da183f370950,setl_da183f370950,merch_1d7b999b,43142.53,2026-01-30T23:57:00,wrong_pay_f7e57e206058,processed,{}
setl_46e04f5b2233,setl_46e04f5b2233,merch_1d7b999b,5745.58,2026-01-15T14:02:00,pay_a5f445dde8c2,processed,{}
setl_99fbcacd01e7,setl_99fbcacd01e7,merch_1d7b999b,702.43,2026-01-29T21:33:00,pay_1d320a642233,processed,{}
setl_0e7e3a982a69,setl_0e7e3a982a69,merch_1d7b999b,26013.07,2026-01-24T22:39:00,pay_ab18619aa622,processed,{}
setl_6a2f48c90d2e,setl_6a2f48c90d2e,merch_1d7b999b,12503.99,2026-01-13T21:43:00,pay_3f5dd365ba44,processed,{}
setl_6a2f48c90d2e_dup,setl_6a2f48c90d2e_dup,merch_1d7b999b,12503.99,2026-01-13T21:43:00,pay_3f5dd365ba44,processed,{}
setl_84070d45dd6e,setl_84070d45dd6e,merch_1d7b999b,27402.15,2026-01-21T01:00:00,pay_2307fe4e7731,processed,{}
setl_11082ab4bd09,setl_11082ab4bd09,merch_1d7b999b,42608.37,2026-01-29T05:04:00,pay_4d045c3a02ff,processed,{}
setl_54a231c8f758,setl_54a231c8f758,merch_1d7b999b,48510.24,2026-01-03T16:14:00,pay_9689f9c4849c,processed,{}
setl_54a231c8f758_dup,setl_54a231c8f758_dup,merch_1d7b999b,48510.24,2026-01-03T16:14:00,pay_9689f9c4849c,processed,{}
setl_e3c1c12aac07,setl_e3c1c12aac07,merch_1d7b999b,4033.65,2026-01-16T18:28:00,pay_8f520ceb92e2,processed,{}
setl_22ee1584473f,setl_22ee1584473f,merch_1d7b999b,6023.47,2026-01-17T23:41:00,pay_38a5696f1fb9,processed,{}
setl_0c1cbd3d57fa,setl_0c1cbd3d57fa,merch_1d7b999b,944.00,2026-01-19T00:52:00,pay_6099d63e43dd,processed,{}
setl_14b79b58df00,setl_14b79b58df00,merch_1d7b999b,31923.15,2026-01-30T16:35:00,pay_6f1c41ff63a6,processed,{}
setl_f48d32b8bf40,setl_f48d32b8bf40,merch_1d7b999b,47522.72,2026-01-13T01:52:00,pay_fa4f8f643bd3,processed,{}
setl_23889e8a856c,setl_23889e8a856c,merch_1d7b999b,38394.08,2026-01-21T15:45:00,pay_29fc260ac62b,processed,{}
setl_423ba027cd42,setl_423ba027cd42,merch_1d7b999b,18995.04,2026-01-09T00:21:00,pay_9e6f36994c25,processed,{}
setl_5de80a54ad92,setl_5de80a54ad92,merch_1d7b999b,14669.98,2026-01-18T11:44:00,wrong_pay_e1154c064396,processed,{}
setl_6c304a43dc16,setl_6c304a43dc16,merch_1d7b999b,24671.86,2026-01-28T22:47:00,pay_ef116b008d69,processed,{}
setl_4713077a9b0f,setl_4713077a9b0f,merch_1d7b999b,5477.51,2026-01-15T01:59:00,pay_3a891abd39d2,processed,{}
setl_d319bb3aa319,setl_d319bb3aa319,merch_1d7b999b,27715.99,2026-01-15T18:30:00,pay_d1fcd7fcb581,processed,{}
setl_84d9480509a1,setl_84d9480509a1,merch_1d7b999b,8775.15,2026-01-28T04:06:00,pay_7144c836240d,processed,{}
setl_598e62f92063,setl_598e62f92063,merch_1d7b999b,44146.52,2026-01-18T12:26:00,pay_bef93bc0e8a1,processed,{}
setl_b84df8c11465,setl_b84df8c11465,merch_1d7b999b,17208.65,2026-01-11T14:51:00,pay_e6f5cdf95cf3,processed,{}
setl_54b9773b2ca4,setl_54b9773b2ca4,merch_1d7b999b,34361.9,2026-01-31T21:08:00,pay_e894801f9659,processed,{}
setl_44552b610994,setl_44552b610994,merch_1d7b999b,31880.18,2026-01-24T03:48:00,pay_e815242903f8,processed,{}
setl_bc26b0b4303a,setl_bc26b0b4303a,merch_1d7b999b,28003.35,2026-01-23T22:26:00,pay_7427bff8d7d7,processed,{}
setl_c0dcc43d476f,setl_c0dcc43d476f,merch_1d7b999b,21177.08,2026-01-02T16:06:00,pay_7d5590a94a5b,processed,{}
setl_31cf43b03c1b,setl_31cf43b03c1b,merch_1d7b999b,33555.68,2026-01-08T08:48:00,pay_79e43bf685f8,processed,{}
setl_a01be82c7d81,setl_a01be82c7d81,merch_1d7b999b,1712.09,2026-01-28T14:06:00,pay_e1129456d2ca,processed,{}
setl_15305be805a9,setl_15305be805a9,merch_1d7b999b,11956.01,2026-01-27T22:18:00,pay_9a9091916024,processed,{}
setl_58c03ae5171e,setl_58c03ae5171e,merch_1d7b999b,32416.86,2026-01-26T18:34:00,pay_95d542024966,processed,{}
setl_0b94abe078d2,setl_0b94abe078d2,merch_1d7b999b,8953.55,2026-01-23T02:11:00,pay_38b9ba26fe89,processed,{}
setl_94897d926b01,setl_94897d926b01,merch_1d7b999b,2127.65,2026-01-10T17:16:00,pay_3cc9a94108bd,processed,{}
setl_4225fc42bfa7,setl_4225fc42bfa7,merch_1d7b999b,12825.31,2026-01-12T14:45:00,pay_db7e771ace3f,processed,{}
setl_7e78aea7d538,setl_7e78aea7d538,merch_1d7b999b,16199.24,2026-01-03T20:39:00,pay_1487516d3c9b,processed,{}
setl_7e78aea7d538_dup,setl_7e78aea7d538_dup,merch_1d7b999b,16199.24,2026-01-03T20:39:00,pay_1487516d3c9b,processed,{}
setl_fc4e3756bbc0,setl_fc4e3756bbc0,merch_1d7b999b,27552.99,2026-01-08T22:20:00,pay_a4f6fd89ff18,processed,{}
setl_c4af99450f41,setl_c4af99450f41,merch_1d7b999b,26078.25,2026-01-27T16:10:00,pay_c0654d75562f,processed,{}
setl_519207875306,setl_519207875306,merch_1d7b999b,4688.08,2026-01-09T06:42:00,pay_7c82e35f7da9,processed,{}
setl_a7112fb6854d,setl_a7112fb6854d,merch_1d7b999b,11000.42,2026-01-26T19:33:00,pay_96104ad5a350,processed,{}
setl_a7112fb6854d_dup,setl_a7112fb6854d_dup,merch_1d7b999b,11000.42,2026-01-26T19:33:00,pay_96104ad5a350,processed,{}
setl_9c63cd0544e8,setl_9c63cd0544e8,merch_1d7b999b,49058.55,2026-01-02T03:42:00,pay_9d6383c04e2a,processed,{}
setl_3c38904fd247,setl_3c38904fd247,merch_1d7b999b,31506.01,2026-01-31T19:15:00,pay_19a33b9b10ee,processed,{}
setl_6a07a8bd5448,setl_6a07a8bd5448,merch_1d7b999b,1332.82,2026-01-18T11:32:00,pay_93edc5771696,processed,{}
setl_737b8b37836d,setl_737b8b37836d,merch_1d7b999b,14892.06,2026-01-26T06:20:00,pay_1b894150cb5c,processed,{}
setl_c258245d8c16,setl_c258245d8c16,merch_1d7b999b,8453.0,2026-02-01T17:34:00,pay_867c6b6aa6db,processed,{}
setl_abdffd8b9da0,setl_abdffd8b9da0,merch_1d7b999b,33549.72,2026-01-26T06:55:00,pay_20ce2f86417b,processed,{}
setl_391259217506,setl_391259217506,merch_1d7b999b,41454.56,2026-01-30T23:49:00,pay_86520e11874a,processed,{}
setl_391259217506_dup,setl_391259217506_dup,merch_1d7b999b,41454.56,2026-01-30T23:49:00,pay_86520e11874a,processed,{}
setl_c27fd28fbcb8,setl_c27fd28fbcb8,merch_1d7b999b,3698.81,2026-01-23T04:01:00,pay_dd61fe96e045,processed,{}
setl_cd76267d055e,setl_cd76267d055e,merch_1d7b999b,3755.08,2026-01-07T08:35:00,pay_edcffe130ad4,processed,{}
setl_cd76267d055e_dup,setl_cd76267d055e_dup,merch_1d7b999b,3755.08,2026-01-07T08:35:00,pay_edcffe130ad4,processed,{}
setl_c1dfb37061d8,setl_c1dfb37061d8,merch_1d7b999b,45558.23,2026-01-15T12:28:00,pay_5ccf5243e9b5,processed,{}
setl_474c820dee00,setl_474c820dee00,merch_1d7b999b,19536.14,2026-01-05T17:00:00,pay_3e24248900f2,processed,{}
setl_e46b11f64cb3,setl_e46b11f64cb3,merch_1d7b999b,42427.74,2026-01-13T16:06:00,pay_90f8671a352d,processed,{}
setl_f943771a9e0d,setl_f943771a9e0d,merch_1d7b999b,4416.61,2026-01-26T14:24:00,pay_151c9dc1474f,processed,{}
setl_f05a873527fd,setl_f05a873527fd,merch_1d7b999b,7900.54,2026-01-09T04:47:00,pay_659d88f1895c,processed,{}
setl_50d1ab98a107,setl_50d1ab98a107,merch_1d7b999b,31738.88,2026-01-11T21:56:00,pay_e949506ecee5,processed,{}
setl_801048e61d12,setl_801048e61d12,merch_1d7b999b,27797.98,2026-01-05T01:00:00,pay_843a445ea7a1,processed,{}
setl_591073ca2dd5,setl_591073ca2dd5,merch_1d7b999b,4347.83,2026-01-08T23:47:00,pay_4d5b87cf938e,processed,{}
setl_0ec24ca522fa,setl_0ec24ca522fa,merch_1d7b999b,32341.98,2026-01-18T04:10:00,pay_0c03f63c5d31,processed,{}
setl_3f50c1e6ce54,setl_3f50c1e6ce54,merch_1d7b999b,12711.81,2026-01-05T05:42:00,pay_578f947ac1d6,processed,{}
setl_5215f1276585,setl_5215f1276585,merch_1d7b999b,27528.26,2026-01-11T21:04:00,pay_0d334f156b87,processed,{}
setl_81417a4974f8,setl_81417a4974f8,merch_1d7b999b,29081.72,2026-02-01T10:22:00,pay_d92bdcdfbc3f,processed,{}
setl_0260af62bb7f,setl_0260af62bb7f,merch_1d7b999b,5092.25,2026-01-21T02:57:00,pay_e72fb6d4c642,processed,{}
setl_83347544f323,setl_83347544f323,merch_1d7b999b,16484.47,2026-01-23T09:44:00,pay_539a952b50d3,processed,{}
setl_dc10eb61da1b,setl_dc10eb61da1b,merch_1d7b999b,40404.22,2026-02-01T13:10:00,pay_7e658db3cc69,processed,{}
setl_81c0b96527e8,setl_81c0b96527e8,merch_1d7b999b,11154.13,2026-01-25T20:27:00,pay_982a5114a7da,processed,{}
setl_15590ef063ab,setl_15590ef063ab,merch_1d7b999b,23911.87,2026-01-05T05:41:00,pay_a7947be5169a,processed,{}
setl_19ec0795ec8e,setl_19ec0795ec8e,merch_1d7b999b,7086.08,2026-01-19T06:16:00,wrong_pay_6136e939b656,processed,{}
setl_a57812dcd07b,setl_a57812dcd07b,merch_1d7b999b,42494.4,2026-01-22T00:52:00,pay_3efcfe84786f,processed,{}
setl_5315977e0358,setl_5315977e0358,merch_1d7b999b,1939.15,2026-01-10T17:57:00,pay_00234e7b64da,processed,{}
setl_186fe4b127f1,setl_186fe4b127f1,merch_1d7b999b,7516.79,2026-01-14T07:57:00,pay_bde0834cf19b,processed,{}
setl_ff9cf7f10324,setl_ff9cf7f10324,merch_1d7b999b,25569.56,2026-01-14T11:32:00,pay_66e1c81b43ac,processed,{}
setl_e1eeac192686,setl_e1eeac192686,merch_1d7b999b,48203.61,2026-01-21T21:10:00,pay_c7d2f5a81172,processed,{}
setl_216707e2520f,setl_216707e2520f,merch_1d7b999b,9039.34,2026-02-05T18:42:00,pay_624e4454a4d8,processed,{}
setl_a049fdb2ccc7,setl_a049fdb2ccc7,merch_1d7b999b,2116.95,2026-01-26T15:14:00,pay_874b7054ab98,processed,{}
setl_313a23548cf0,setl_313a23548cf0,merch_1d7b999b,2236.14,2026-01-08T16:58:00,pay_28fceff57b74,processed,{}
setl_c66a044513e1,setl_c66a044513e1,merch_1d7b999b,26116.51,2026-01-28T08:53:00,pay_4d2130aab113,processed,{}
setl_c36979842a3a,setl_c36979842a3a,merch_1d7b999b,8775.11,2026-01-22T12:23:00,pay_3c15dce9fea7,processed,{}
setl_569042e2aa23,setl_569042e2aa23,merch_1d7b999b,48636.44,2026-01-09T16:25:00,pay_2d91976767cb,processed,{}
setl_a55ad9e7b0c5,setl_a55ad9e7b0c5,merch_1d7b999b,24157.29,2026-01-21T00:32:00,pay_fbdd31cb26f6,processed,{}
setl_aa8a8ba95fca,setl_aa8a8ba95fca,merch_1d7b999b,3946.7,2026-01-22T08:13:00,pay_57b320f05711,processed,{}
setl_c0735864da92,setl_c0735864da92,merch_1d7b999b,30140.81,2026-01-28T03:42:00,pay_8c14ce0b48d0,processed,{}
setl_c0735864da92_dup,setl_c0735864da92_dup,merch_1d7b999b,30140.81,2026-01-28T03:42:00,pay_8c14ce0b48d0,processed,{}
setl_0e69d2ec3fe9,setl_0e69d2ec3fe9,merch_1d7b999b,36040.76,2026-01-17T21:30:00,pay_43f1d3e128de,processed,{}
setl_602ada0b71a5,setl_602ada0b71a5,merch_1d7b999b,32398.24,2026-01-15T00:15:00,pay_7f214387a24d,processed,{}
setl_b64b0b9466ca,setl_b64b0b9466ca,merch_1d7b999b,8140.34,2026-01-22T16:02:00,pay_ae1fe418c6a6,processed,{}
setl_a3e755ba19f7,setl_a3e755ba19f7,merch_1d7b999b,46130.1,2026-01-18T12:38:00,pay_1b23d5d3f7f6,processed,{}
setl_a3e755ba19f7_dup,setl_a3e755ba19f7_dup,merch_1d7b999b,46130.1,2026-01-18T12:38:00,pay_1b23d5d3f7f6,processed,{}
setl_e3f0d2616089,setl_e3f0d2616089,merch_1d7b999b,47367.97,2026-01-08T14:38:00,pay_329bfabdfbb2,processed,{}
setl_7549b59ef51c,setl_7549b59ef51c,merch_1d7b999b,41545.14,2026-01-21T04:50:00,pay_9e2943ef6602,processed,{}
setl_33b0b60be805,setl_33b0b60be805,merch_1d7b999b,13299.58,2026-01-25T21:21:00,pay_a472ebd3b358,processed,{}
setl_daef4f17c664,setl_daef4f17c664,merch_1d7b999b,11567.71,2026-01-14T04:06:00,pay_232607659499,processed,{}
setl_d6d3f4c023d9,setl_d6d3f4c023d9,merch_1d7b999b,45476.03,2026-01-23T13:52:00,pay_f3c18f59be81,processed,{}
setl_2ba71d3545b6,setl_2ba71d3545b6,merch_1d7b999b,4750.18,2026-01-23T04:57:00,wrong_pay_6878399c8270,processed,{}
setl_f87298fd8ec8,setl_f87298fd8ec8,merch_1d7b999b,37990.71,2026-01-22T13:33:00,pay_cc643ff94a2e,processed,{}
setl_2f44ea9dd3df,setl_2f44ea9dd3df,merch_1d7b999b,34912.38,2026-01-15T07:51:00,pay_1ba450900bff,processed,{}
setl_1043a95d87a2,setl_1043a95d87a2,merch_1d7b999b,40250.59,2026-01-31T22:36:00,pay_a3d170ea7839,processed,{}
setl_ea811030c458,setl_ea811030c458,merch_1d7b999b,23909.35,2026-01-09T02:18:00,pay_cb520cda17e3,processed,{}
setl_ad3b1e567f89,setl_ad3b1e567f89,merch_1d7b999b,372.93,2026-01-25T00:36:00,pay_fa715189146e,processed,{}
setl_9648de2f5975,setl_9648de2f5975,merch_1d7b999b,18813.99,2026-01-08T22:51:00,pay_d21ddeeb887e,processed,{}
setl_21e73e36d53b,setl_21e73e36d53b,merch_1d7b999b,7823.45,2026-01-22T18:16:00,pay_b974fac6778d,processed,{}
setl_13c0eee83e6d,setl_13c0eee83e6d,merch_1d7b999b,18345.64,2026-01-10T21:25:00,pay_2bff3873cdc2,processed,{}
setl_d90875e05611,setl_d90875e05611,merch_1d7b999b,13961.19,2026-01-07T11:35:00,pay_12c698ff0ff5,processed,{}
setl_50e7c0378f9e,setl_50e7c0378f9e,merch_1d7b999b,28924.79,2026-01-26T22:25:00,pay_03b583b48e24,processed,{}
setl_c10f97806a1b,setl_c10f97806a1b,merch_1d7b999b,11565.59,2026-01-27T22:10:00,pay_c131e13cbe3a,processed,{}
setl_7a266ea71944,setl_7a266ea71944,merch_1d7b999b,39325.45,2026-01-27T17:39:00,pay_5b54f564b007,processed,{}
setl_a326cf4d579f,setl_a326cf4d579f,merch_1d7b999b,31830.24,2026-01-27T02:52:00,wrong_pay_95f7d7a62111,processed,{}
setl_1e63155fb582,setl_1e63155fb582,merch_1d7b999b,21835.33,2026-01-04T08:14:00,pay_7f1c809d2bb6,processed,{}
setl_f050b015b362,setl_f050b015b362,merch_1d7b999b,29913.88,2026-02-01T05:40:00,pay_a38c740f4352,processed,{}
setl_7aa6ae4a67ff,setl_7aa6ae4a67ff,merch_1d7b999b,42543.33,2026-01-31T16:18:00,pay_db914503e85e,processed,{}
setl_7aa6ae4a67ff_dup,setl_7aa6ae4a67ff_dup,merch_1d7b999b,42543.33,2026-01-31T16:18:00,pay_db914503e85e,processed,{}
setl_fa53bd778dd5,setl_fa53bd778dd5,merch_1d7b999b,25576.34,2026-01-24T07:39:00,pay_5489760844aa,processed,{}
setl_dadb285e35a7,setl_dadb285e35a7,merch_1d7b999b,12038.91,2026-01-02T05:05:00,pay_6a94d7d254c7,processed,{}
setl_e25bf70173d9,setl_e25bf70173d9,merch_1d7b999b,19817.64,2026-01-20T06:33:00,wrong_pay_b9449aa85d0a,processed,{}
setl_522c9bc6782d,setl_522c9bc6782d,merch_1d7b999b,13762.34,2026-01-25T17:58:00,pay_02bb501bfd99,processed,{}
setl_39b5fed23dbf,setl_39b5fed23dbf,merch_1d7b999b,13897.74,2026-01-21T06:29:00,pay_a259383b8e1e,processed,{}
setl_b7f0612df6e1,setl_b7f0612df6e1,merch_1d7b999b,8834.24,2026-01-18T03:35:00,pay_da55f2d4b290,processed,{}
setl_1a79c101567f,setl_1a79c101567f,merch_1d7b999b,47356.07,2026-01-27T16:16:00,pay_3f2af6c579fb,processed,{}
setl_de58ea2f791e,setl_de58ea2f791e,merch_1d7b999b,11097.08,2026-01-14T18:30:00,pay_a588d6af2fc2,processed,{}
setl_250c6460d538,setl_250c6460d538,merch_1d7b999b,22996.54,2026-01-16T18:55:00,pay_619b61e90a3b,processed,{}
setl_38b99540248c,setl_38b99540248c,merch_1d7b999b,3470.96,2026-01-22T07:43:00,pay_9440b1a1353b,processed,{}
setl_3ce01a6bc757,setl_3ce01a6bc757,merch_1d7b999b,17719.5,2026-01-19T00:44:00,pay_b6f17c138be5,processed,{}
setl_cb7d2e785d03,setl_cb7d2e785d03,merch_1d7b999b,20006.64,2026-01-25T10:04:00,pay_4d8aea25e941,processed,{}
setl_7f21ef32d366,setl_7f21ef32d366,merch_1d7b999b,11819.58,2026-01-09T08:13:00,pay_a76024e3dfdc,processed,{}
setl_7f21ef32d366_dup,setl_7f21ef32d366_dup,merch_1d7b999b,11819.58,2026-01-09T08:13:00,pay_a76024e3dfdc,processed,{}
setl_dd1bf7620cca,setl_dd1bf7620cca,merch_1d7b999b,41833.1,2026-01-13T04:49:00,wrong_pay_055570535cd4,processed,{}
setl_147cc94502d8,setl_147cc94502d8,merch_1d7b999b,33823.03,2026-01-27T15:39:00,pay_5dff6477abb6,processed,{}
setl_5b43e43fc88b,setl_5b43e43fc88b,merch_1d7b999b,41567.42,2026-01-13T19:20:00,pay_89cb7631f240,processed,{}
setl_e1c8a070ecad,setl_e1c8a070ecad,merch_1d7b999b,6499.47,2026-01-18T13:30:00,pay_9e880aa5b9e3,processed,{}
setl_c57be6351ef8,setl_c57be6351ef8,merch_1d7b999b,19746.47,2026-01-23T05:29:00,pay_9f8c523bfdcb,processed,{}
setl_0e8de05cf2c6,setl_0e8de05cf2c6,merch_1d7b999b,34491.61,2026-01-02T21:13:00,pay_92158f96b14e,processed,{}
setl_bf259fbf7571,setl_bf259fbf7571,merch_1d7b999b,18143.96,2026-01-29T08:11:00,pay_af4552640d59,processed,{}
setl_d08b6502d4ed,setl_d08b6502d4ed,merch_1d7b999b,23620.13,2026-01-21T10:23:00,pay_edff29022514,processed,{}
setl_3b78531908be,setl_3b78531908be,merch_1d7b999b,21012.74,2026-01-26T11:23:00,pay_a29305f6ca40,processed,{}
setl_941f11f8fd55,setl_941f11f8fd55,merch_1d7b999b,28613.34,2026-01-20T21:14:00,pay_9fe0dccf28d3,processed,{}
setl_941f11f8fd55_dup,setl_941f11f8fd55_dup,merch_1d7b999b,28613.34,2026-01-20T21:14:00,pay_9fe0dccf28d3,processed,{}
setl_811ce50afe49,setl_811ce50afe49,merch_1d7b999b,27811.47,2026-01-29T12:12:00,pay_ecf484657c61,processed,{}
setl_4aa2cb9f3782,setl_4aa2cb9f3782,merch_1d7b999b,39288.11,2026-01-11T08:35:00,pay_bca93ebcd9e7,processed,{}
setl_98884e9a35f6,setl_98884e9a35f6,merch_1d7b999b,13062.48,2026-01-13T17:35:00,pay_b44eeeb830f6,processed,{}
setl_e572aad293cf,setl_e572aad293cf,merch_1d7b999b,6149.75,2026-01-29T21:38:00,pay_cf21f17c32da,processed,{}
setl_3021a64c6cff,setl_3021a64c6cff,merch_1d7b999b,32491.63,2026-01-07T09:22:00,pay_3fea83461313,processed,{}
setl_6ae09b7d528e,setl_6ae09b7d528e,merch_1d7b999b,38769.74,2026-01-16T02:24:00,pay_c593553cac86,processed,{}
setl_fde008e70abd,setl_fde008e70abd,merch_1d7b999b,7337.93,2026-01-07T20:51:00,pay_bca0d26a32a5,processed,{}
setl_4dac21d7682c,setl_4dac21d7682c,merch_1d7b999b,28624.71,2026-01-29T02:05:00,pay_3a77aafbfc90,processed,{}
setl_586044ce3ebc,setl_586044ce3ebc,merch_1d7b999b,15593.98,2026-01-11T22:17:00,pay_71018fbc0d89,processed,{}
setl_5eaf068898c0,setl_5eaf068898c0,merch_1d7b999b,39070.6,2026-02-01T11:47:00,pay_68e5e537d1fc,processed,{}
setl_09ea4a646931,setl_09ea4a646931,merch_1d7b999b,9275.92,2026-01-02T04:46:00,pay_2e4ef9e65df4,processed,{}
setl_6b1ba7b5a7ea,setl_6b1ba7b5a7ea,merch_1d7b999b,37219.38,2026-01-25T02:13:00,pay_e62527221bc1,processed,{}
setl_c46001b3ee5a,setl_c46001b3ee5a,merch_1d7b999b,26256.74,2026-01-04T03:16:00,pay_31ef5607ba7a,processed,{}
setl_cd210d765aa2,setl_cd210d765aa2,merch_1d7b999b,44295.02,2026-01-11T07:15:00,pay_7f25722636b7,processed,{}
setl_f0d7340bbfaa,setl_f0d7340bbfaa,merch_1d7b999b,6650.73,2026-01-28T05:01:00,pay_9e982391bcaf,processed,{}
setl_1d706f21c18a,setl_1d706f21c18a,merch_1d7b999b,45772.09,2026-01-29T15:29:00,pay_c952544685a2,processed,{}
setl_807c3f6aa85f,setl_807c3f6aa85f,merch_1d7b999b,6842.23,2026-02-01T22:34:00,pay_f70ef4b6e4e2,processed,{}
setl_e61cd50a63fb,setl_e61cd50a63fb,merch_1d7b999b,31599.27,2026-01-22T18:27:00,pay_b3ab5f8169a1,processed,{}
setl_805a76866547,setl_805a76866547,merch_1d7b999b,15552.1,2026-01-13T15:34:00,pay_918ad33475d4,processed,{}
setl_e8ad67b3a7a8,setl_e8ad67b3a7a8,merch_1d7b999b,18352.59,2026-01-10T04:19:00,pay_9c4ee83e65ab,processed,{}
setl_0bc73fb41883,setl_0bc73fb41883,merch_1d7b999b,37938.84,2026-01-06T11:18:00,pay_60b560d447a6,processed,{}
setl_fe6cad5ea018,setl_fe6cad5ea018,merch_1d7b999b,46112.21,2026-02-01T15:19:00,pay_6906d9a6f4d0,processed,{}
setl_fe6cad5ea018_dup,setl_fe6cad5ea018_dup,merch_1d7b999b,46112.21,2026-02-01T15:19:00,pay_6906d9a6f4d0,processed,{}
setl_167134930d8a,setl_167134930d8a,merch_1d7b999b,29890.49,2026-01-27T00:35:00,pay_be8ac8c066dd,processed,{}
setl_ec0cbc5fb889,setl_ec0cbc5fb889,merch_1d7b999b,28071.66,2026-01-14T07:10:00,pay_1584bd120c70,processed,{}
setl_3ed4f618f898,setl_3ed4f618f898,merch_1d7b999b,4062.57,2026-01-22T07:33:00,pay_602cdad01ec7,processed,{}
setl_e0ed12626f7c,setl_e0ed12626f7c,merch_1d7b999b,26644.02,2026-01-10T13:12:00,pay_c295f3111128,processed,{}
setl_299d15497003,setl_299d15497003,merch_1d7b999b,5606.78,2026-01-16T19:28:00,pay_8a6143d27ff2,processed,{}
setl_db63bffe843a,setl_db63bffe843a,merch_1d7b999b,8050.06,2026-01-06T01:34:00,pay_8a54d3608b7b,processed,{}
setl_70765f021585,setl_70765f021585,merch_1d7b999b,14177.52,2026-01-06T22:28:00,pay_e09a497f6e82,processed,{}
setl_1c5a05b33e8f,setl_1c5a05b33e8f,merch_1d7b999b,417.38,2026-01-08T10:26:00,pay_f182d94d0a6a,processed,{}
setl_800427ee6881,setl_800427ee6881,merch_1d7b999b,23237.85,2026-01-27T01:21:00,pay_6924bb0d2f6c,processed,{}
setl_cfc1fced6c37,setl_cfc1fced6c37,merch_1d7b999b,38805.08,2026-01-04T17:30:00,wrong_pay_72188563fcfc,processed,{}
setl_e0227abe527e,setl_e0227abe527e,merch_1d7b999b,22203.75,2026-01-25T01:12:00,pay_d6d12a40b18f,processed,{}
setl_c64dd5390535,setl_c64dd5390535,merch_1d7b999b,49107.58,2026-01-17T12:43:00,pay_959b54be98cc,processed,{}
setl_5af5c46acb13,setl_5af5c46acb13,merch_1d7b999b,36439.03,2026-01-25T17:33:00,pay_e229227fd874,processed,{}
setl_959da3531151,setl_959da3531151,merch_1d7b999b,15010.77,2026-01-13T01:55:00,pay_31acad3bda86,processed,{}
setl_536445e13932,setl_536445e13932,merch_1d7b999b,21764.67,2026-01-02T05:50:00,pay_ee968919cbe8,processed,{}
setl_331c6b1f7aa0,setl_331c6b1f7aa0,merch_1d7b999b,39478.27,2026-01-02T01:37:00,pay_f98ed8b13415,processed,{}
setl_b888b5c4a9af,setl_b888b5c4a9af,merch_1d7b999b,38572.77,2026-01-09T05:31:00,pay_dc71dc907129,processed,{}
setl_be63735e4436,setl_be63735e4436,merch_1d7b999b,46559.35,2026-01-26T20:03:00,pay_df3850ce9838,processed,{}
setl_c81ed9191642,setl_c81ed9191642,merch_1d7b999b,35096.27,2026-01-27T03:08:00,pay_a739e09f72f1,processed,{}
setl_5ae7afe9661b,setl_5ae7afe9661b,merch_1d7b999b,27961.69,2026-01-22T11:51:00,pay_4e9066fd3957,processed,{}
setl_cb81652ecf04,setl_cb81652ecf04,merch_1d7b999b,27995.34,2026-01-19T22:31:00,pay_9acada6f3f68,processed,{}
setl_2ec5ff9f88fa,setl_2ec5ff9f88fa,merch_1d7b999b,17448.47,2026-01-25T14:17:00,pay_e89015222b57,processed,{}
setl_3f800738ac4a,setl_3f800738ac4a,merch_1d7b999b,22524.27,2026-01-28T08:34:00,pay_9c6d6436eded,processed,{}
setl_72b9d04686fc,setl_72b9d04686fc,merch_1d7b999b,31298.75,2026-01-14T23:11:00,pay_d4c83ede9959,processed,{}
setl_afb2c4519810,setl_afb2c4519810,merch_1d7b999b,19411.62,2026-01-09T10:46:00,pay_25adb69f926f,processed,{}
setl_532c632be56c,setl_532c632be56c,merch_1d7b999b,40970.58,2026-01-08T16:43:00,pay_fc17c4c65fd4,processed,{}
setl_02c81ec1809d,setl_02c81ec1809d,merch_1d7b999b,14228.14,2026-01-15T20:20:00,pay_6361d8491618,processed,{}
setl_b66e1999a749,setl_b66e1999a749,merch_1d7b999b,3427.32,2026-01-28T04:11:00,pay_5104b835bc99,processed,{}
setl_23e2c18a36e4,setl_23e2c18a36e4,merch_1d7b999b,9661.67,2026-01-03T18:41:00,pay_0351b0eea4b4,processed,{}
setl_9695f4dedd58,setl_9695f4dedd58,merch_1d7b999b,31246.13,2026-01-20T08:03:00,pay_d3e37a70acdf,processed,{}
setl_d31eff01564d,setl_d31eff01564d,merch_1d7b999b,3636.61,2026-01-31T06:41:00,pay_0d3247c4e793,processed,{}
setl_2db79d6e5c17,setl_2db79d6e5c17,merch_1d7b999b,31981.94,2026-01-13T17:47:00,pay_5ca638b6edd8,processed,{}
setl_2db79d6e5c17_dup,setl_2db79d6e5c17_dup,merch_1d7b999b,31981.94,2026-01-13T17:47:00,pay_5ca638b6edd8,processed,{}
setl_a3957010afd2,setl_a3957010afd2,merch_1d7b999b,3009.17,2026-01-21T08:33:00,pay_9af1246cf780,processed,{}
setl_a3957010afd2_dup,setl_a3957010afd2_dup,merch_1d7b999b,3009.17,2026-01-21T08:33:00,pay_9af1246cf780,processed,{}
setl_7579d1c0b32f,setl_7579d1c0b32f,merch_1d7b999b,3988.98,2026-01-08T16:06:00,pay_4c0bc4bd1756,processed,{}
setl_621e6b93e0ec,setl_621e6b93e0ec,merch_1d7b999b,20817.71,2026-01-05T20:36:00,pay_3c5434a656ff,processed,{}
setl_9bf5fd65fbd9,setl_9bf5fd65fbd9,merch_1d7b999b,33295.59,2026-01-30T03:10:00,pay_0b5ccbde7cdc,processed,{}
setl_4a0ce256f5e6,setl_4a0ce256f5e6,merch_1d7b999b,16941.89,2026-01-07T17:38:00,wrong_pay_d784f80a4dc9,processed,{}
setl_99ed4f60b81a,setl_99ed4f60b81a,merch_1d7b999b,27559.06,2026-01-12T11:26:00,pay_a36675da6cdd,processed,{}
setl_6d57e36b2ae9,setl_6d57e36b2ae9,merch_1d7b999b,14100.46,2026-01-08T12:49:00,pay_1fbe9817750a,processed,{}
setl_035d6f24c2f4,setl_035d6f24c2f4,merch_1d7b999b,22430.24,2026-01-14T00:46:00,pay_a19245a03adf,processed,{}
setl_53a9c239b3c4,setl_53a9c239b3c4,merch_1d7b999b,25928.71,2026-01-30T09:00:00,pay_5e9000c23046,processed,{}
setl_5dc5b512cad2,setl_5dc5b512cad2,merch_1d7b999b,15813.74,2026-01-26T22:52:00,pay_04057a4470aa,processed,{}
setl_4d437e0d3e3e,setl_4d437e0d3e3e,merch_1d7b999b,28576.34,2026-01-20T04:06:00,pay_8226350eb787,processed,{}
setl_f261ff14fdba,setl_f261ff14fdba,merch_1d7b999b,7006.57,2026-01-13T18:15:00,pay_f54f592bc880,processed,{}
setl_f261ff14fdba_dup,setl_f261ff14fdba_dup,merch_1d7b999b,7006.57,2026-01-13T18:15:00,pay_f54f592bc880,processed,{}
setl_022a3d9249ba,setl_022a3d9249ba,merch_1d7b999b,39675.92,2026-01-07T15:52:00,pay_c161f291c2bd,processed,{}
setl_26cebc688b98,setl_26cebc688b98,merch_1d7b999b,1964.84,2026-01-27T18:24:00,wrong_pay_171c643f44da,processed,{}
setl_c53eb461c94a,setl_c53eb461c94a,merch_1d7b999b,42488.96,2026-01-31T00:40:00,pay_3fce18487353,processed,{}
setl_845e160b82dc,setl_845e160b82dc,merch_1d7b999b,2164.99,2026-01-19T18:09:00,pay_6a49b3a6a7fa,processed,{}
setl_b141a558edea,setl_b141a558edea,merch_1d7b999b,7744.55,2026-01-23T23:25:00,pay_e83ab4947021,processed,{}
setl_fd6c7645d2a9,setl_fd6c7645d2a9,merch_1d7b999b,4595.14,2026-01-15T09:50:00,pay_9df5aba016bd,processed,{}
setl_6a382cc182aa,setl_6a382cc182aa,merch_1d7b999b,4219.0,2026-01-20T23:03:00,pay_607cfe2cc180,processed,{}
setl_536b2c2f9947,setl_536b2c2f9947,merch_1d7b999b,19986.5,2026-01-15T22:08:00,pay_0940c1c6011d,processed,{}
setl_0f9107ec0861,setl_0f9107ec0861,merch_1d7b999b,24444.27,2026-01-22T18:12:00,pay_305f8708bcbe,processed,{}
setl_106f8ee1b484,setl_106f8ee1b484,merch_1d7b999b,13396.23,2026-01-15T10:43:00,pay_94117ab37e23,processed,{}
setl_41845efa08a8,setl_41845efa08a8,merch_1d7b999b,21244.68,2026-01-13T06:20:00,pay_bb722ea748b9,processed,{}
setl_cbe494b78679,setl_cbe494b78679,merch_1d7b999b,38507.1,2026-01-07T11:39:00,pay_e9ce8369856d,processed,{}
setl_0d36180ae369,setl_0d36180ae369,merch_1d7b999b,42652.93,2026-01-05T23:03:00,wrong_pay_fb7f30959349,processed,{}
setl_3fa51e2c0344,setl_3fa51e2c0344,merch_1d7b999b,43450.74,2026-01-28T09:00:00,pay_083f15b47e6c,processed,{}
setl_126e6c34acca,setl_126e6c34acca,merch_1d7b999b,23612.4,2026-01-12T06:47:00,pay_1ad9a2c66ca7,processed,{}
setl_1bd3ced4ff53,setl_1bd3ced4ff53,merch_1d7b999b,26210.97,2026-01-10T17:30:00,pay_8fac1efc76ae,processed,{}
setl_10851c08e7fb,setl_10851c08e7fb,merch_1d7b999b,29191.95,2026-01-23T16:02:00,pay_ba7bffc94927,processed,{}
setl_8b06dd6170e3,setl_8b06dd6170e3,merch_1d7b999b,10124.73,2026-01-24T19:17:00,pay_23581b556435,processed,{}
setl_3c3616113c37,setl_3c3616113c37,merch_1d7b999b,515.88,2026-01-14T21:17:00,pay_ce652a3c5f32,processed,{}
setl_7f521612a21e,setl_7f521612a21e,merch_1d7b999b,21691.89,2026-01-22T12:14:00,pay_f9d5c4858056,processed,{}
setl_f078928f2dd6,setl_f078928f2dd6,merch_1d7b999b,5070.23,2026-01-12T15:55:00,pay_7ecb7f3d19dd,processed,{}
setl_189c63987e81,setl_189c63987e81,merch_1d7b999b,25082.48,2026-01-16T17:59:00,pay_145ba2cf66eb,processed,{}
setl_5f79a45cc67d,setl_5f79a45cc67d,merch_1d7b999b,26517.83,2026-01-12T15:25:00,pay_bb35ca43f054,processed,{}
setl_68a7ed7684f6,setl_68a7ed7684f6,merch_1d7b999b,17660.46,2026-01-22T09:15:00,pay_61c199d4dd6a,processed,{}
setl_68a7ed7684f6_dup,setl_68a7ed7684f6_dup,merch_1d7b999b,17660.46,2026-01-22T09:15:00,pay_61c199d4dd6a,processed,{}
setl_cf1ca814b3c6,setl_cf1ca814b3c6,merch_1d7b999b,31327.04,2026-02-03T12:56:00,pay_d317dc6247ff,processed,{}
setl_08ed39390b7e,setl_08ed39390b7e,merch_1d7b999b,26083.82,2026-01-23T19:55:00,pay_bee60c37eaee,processed,{}
setl_b6eb610389a7,setl_b6eb610389a7,merch_1d7b999b,7722.18,2026-01-11T19:21:00,pay_9cdae8d1099a,processed,{}
setl_0987a66b58c4,setl_0987a66b58c4,merch_1d7b999b,32658.39,2026-01-20T17:43:00,pay_d346ab9ebcb7,processed,{}
setl_2be896e2d16c,setl_2be896e2d16c,merch_1d7b999b,35286.31,2026-01-22T04:27:00,pay_64e657c22698,processed,{}
setl_c0e61f9e1ed8,setl_c0e61f9e1ed8,merch_1d7b999b,45863.89,2026-01-12T02:35:00,pay_edaef1cefa7b,processed,{}
setl_7a4466c94ffe,setl_7a4466c94ffe,merch_1d7b999b,20996.08,2026-01-06T23:01:00,pay_5627522a3098,processed,{}
setl_7f994d97e21c,setl_7f994d97e21c,merch_1d7b999b,5427.89,2026-01-07T00:48:00,pay_c2899477ab88,processed,{}
setl_cfed53dee5e6,setl_cfed53dee5e6,merch_1d7b999b,11622.48,2026-01-09T07:43:00,pay_8efce7d9ece0,processed,{}
setl_fb6923307597,setl_fb6923307597,merch_1d7b999b,39013.33,2026-01-06T16:54:00,pay_eb72547686ea,processed,{}
setl_f10c4a9daf92,setl_f10c4a9daf92,merch_1d7b999b,42621.26,2026-01-17T15:08:00,pay_95701787416f,processed,{}
setl_da01d9d04578,setl_da01d9d04578,merch_1d7b999b,10244.30,2026-01-02T08:26:00,pay_43c304ef1548,processed,{}
setl_528e3f4236a4,setl_528e3f4236a4,merch_1d7b999b,37913.05,2026-01-04T05:59:00,pay_2b89a68058a0,processed,{}
setl_d221d18821fb,setl_d221d18821fb,merch_1d7b999b,16322.29,2026-01-16T07:27:00,pay_ff2b32ecb3bb,processed,{}
setl_22c4d3f3d837,setl_22c4d3f3d837,merch_1d7b999b,41243.99,2026-01-25T10:25:00,pay_e0d8239bd6bd,processed,{}
setl_7590b97b93a8,setl_7590b97b93a8,merch_1d7b999b,35235.22,2026-01-03T16:06:00,pay_b6eb491c75ca,processed,{}
setl_7590b97b93a8_dup,setl_7590b97b93a8_dup,merch_1d7b999b,35235.22,2026-01-03T16:06:00,pay_b6eb491c75ca,processed,{}
setl_d87fa793d207,setl_d87fa793d207,merch_1d7b999b,2216.55,2026-01-09T16:34:00,pay_e58f581b3f8d,processed,{}
setl_01cf81e45029,setl_01cf81e45029,merch_1d7b999b,25854.72,2026-01-22T01:12:00,pay_d8599558b2fd,processed,{}
setl_fb38d00ccf84,setl_fb38d00ccf84,merch_1d7b999b,15297.25,2026-01-28T09:29:00,pay_3679a6c2c85b,processed,{}
setl_0aabdb3aae71,setl_0aabdb3aae71,merch_1d7b999b,45959.74,2026-01-24T16:57:00,pay_c716f28ccbbd,processed,{}
setl_0aabdb3aae71_dup,setl_0aabdb3aae71_dup,merch_1d7b999b,45959.74,2026-01-24T16:57:00,pay_c716f28ccbbd,processed,{}
setl_8ba780eaef7e,setl_8ba780eaef7e,merch_1d7b999b,22639.73,2026-01-29T16:07:00,pay_fb3032f9f282,processed,{}
setl_1696a64b0bd1,setl_1696a64b0bd1,merch_1d7b999b,34836.1,2026-01-06T12:26:00,pay_4480d07071f4,processed,{}
setl_935c8df3b887,setl_935c8df3b887,merch_1d7b999b,22738.67,2026-01-30T22:57:00,pay_615b30e42e9b,processed,{}
setl_9f33bf7689d9,setl_9f33bf7689d9,merch_1d7b999b,16271.33,2026-01-22T22:50:00,pay_eb6f0ed245b9,processed,{}
setl_3e06e1593699,setl_3e06e1593699,merch_1d7b999b,44708.98,2026-01-20T21:55:00,pay_25bd2f257209,processed,{}
setl_1f79ecd86c6b,setl_1f79ecd86c6b,merch_1d7b999b,24026.10,2026-01-11T20:11:00,pay_41ad8e1b9e38,processed,{}
setl_ec6374e38c0b,setl_ec6374e38c0b,merch_1d7b999b,270.76,2026-01-26T08:00:00,pay_e7f5ff21970c,processed,{}
setl_e8849f8ec0d4,setl_e8849f8ec0d4,merch_1d7b999b,27220.71,2026-01-02T19:56:00,pay_b1eeef8c9697,processed,{}
setl_82f8339578a5,setl_82f8339578a5,merch_1d7b999b,33017.58,2026-01-16T13:28:00,pay_5d265dc017fa,processed,{}
setl_e5b4658118a9,setl_e5b4658118a9,merch_1d7b999b,12311.19,2026-01-19T08:39:00,pay_6ba23d602a13,processed,{}
setl_ab0af39e5664,setl_ab0af39e5664,merch_1d7b999b,2847.69,2026-01-13T01:09:00,pay_7489014c4ad4,processed,{}
setl_4b6d4675e776,setl_4b6d4675e776,merch_1d7b999b,15101.97,2026-01-12T02:03:00,pay_fe60fe11050d,processed,{}
setl_7437799322cc,setl_7437799322cc,merch_1d7b999b,18073.41,2026-01-03T02:49:00,pay_811fa9b139d1,processed,{}
setl_c21320ac050e,setl_c21320ac050e,merch_1d7b999b,19009.07,2026-01-04T13:53:00,pay_a0b16175d306,processed,{}
setl_8671db848704,setl_8671db848704,merch_1d7b999b,6188.96,2026-01-29T08:21:00,pay_6dea5ba65128,processed,{}
setl_6cefc89aa5b9,setl_6cefc89aa5b9,merch_1d7b999b,34821.89,2026-01-21T01:06:00,pay_4aa3ba6d1236,processed,{}
setl_6fab16902744,setl_6fab16902744,merch_1d7b999b,33774.57,2026-01-31T22:18:00,pay_465b7b103d31,processed,{}
setl_a12288190db0,setl_a12288190db0,merch_1d7b999b,13057.04,2026-01-20T19:22:00,pay_2771e3886d85,processed,{}
setl_9965c8adecf2,setl_9965c8adecf2,merch_1d7b999b,26033.32,2026-01-22T15:31:00,pay_27ab87b3b19f,processed,{}
setl_105551df5674,setl_105551df5674,merch_1d7b999b,14605.35,2026-01-08T00:07:00,pay_c9e6c5fcca54,processed,{}
setl_e1fb8d90def1,setl_e1fb8d90def1,merch_1d7b999b,5984.49,2026-01-29T06:51:00,pay_596195aecc0a,processed,{}
setl_38cc8df0682f,setl_38cc8df0682f,merch_1d7b999b,17547.54,2026-01-27T20:13:00,pay_b742164c7a7c,processed,{}
setl_d18097086a5f,setl_d18097086a5f,merch_1d7b999b,14153.17,2026-01-27T02:19:00,pay_c12b7c4f2865,processed,{}
setl_d2a523925506,setl_d2a523925506,merch_1d7b999b,30838.07,2026-01-02T05:12:00,wrong_pay_67f162a60007,processed,{}
setl_0f5200508ced,setl_0f5200508ced,merch_1d7b999b,24007.5,2026-01-17T01:41:00,pay_4954ed9b008e,processed,{}
setl_a772b61ef78e,setl_a772b61ef78e,merch_1d7b999b,23084.84,2026-01-29T17:57:00,pay_a5db365a879e,processed,{}
setl_a772b61ef78e_dup,setl_a772b61ef78e_dup,merch_1d7b999b,23084.84,2026-01-29T17:57:00,pay_a5db365a879e,processed,{}
setl_1c51306f3584,setl_1c51306f3584,merch_1d7b999b,20756.26,2026-01-25T01:53:00,pay_d01c6cd55c6d,processed,{}
setl_69f884734c41,setl_69f884734c41,merch_1d7b999b,33952.06,2026-01-19T17:01:00,pay_f83889970372,processed,{}
setl_1b23c147874d,setl_1b23c147874d,merch_1d7b999b,39196.87,2026-01-30T11:04:00,pay_942a9d0a19da,processed,{}
setl_7a2f2ff5608b,setl_7a2f2ff5608b,merch_1d7b999b,17033.71,2026-01-14T20:34:00,pay_068e25a13de6,processed,{}
setl_8a233cafe568,setl_8a233cafe568,merch_1d7b999b,9450.21,2026-01-05T09:45:00,pay_99250b27cf14,processed,{}
setl_7b370fe0cc98,setl_7b370fe0cc98,merch_1d7b999b,4431.21,2026-01-30T07:23:00,pay_bcb7b2a68b56,processed,{}
setl_b14eec98c0e5,setl_b14eec98c0e5,merch_1d7b999b,15185.68,2026-01-05T11:50:00,wrong_pay_75f4db28d0ad,processed,{}
setl_7c2d93b0af54,setl_7c2d93b0af54,merch_1d7b999b,22244.33,2026-01-02T15:57:00,pay_0ebcb7148e5b,processed,{}
setl_9bc1f772ef49,setl_9bc1f772ef49,merch_1d7b999b,23022.48,2026-01-28T16:07:00,pay_adb9be51846c,processed,{}
setl_7ac19fe60bf3,setl_7ac19fe60bf3,merch_1d7b999b,34383.91,2026-01-21T02:21:00,pay_6ee4a53903d8,processed,{}
setl_0a7d833cac3e,setl_0a7d833cac3e,merch_1d7b999b,38332.39,2026-01-25T09:01:00,wrong_pay_bfd74cee9d52,processed,{}
setl_ba845bc996e5,setl_ba845bc996e5,merch_1d7b999b,33589.09,2026-01-10T04:10:00,pay_21bc211836f9,processed,{}
setl_e39e4760ef5d,setl_e39e4760ef5d,merch_1d7b999b,31184.95,2026-01-18T03:13:00,pay_de8d9ed1ec5f,processed,{}
setl_87a896e042b6,setl_87a896e042b6,merch_1d7b999b,13625.5,2026-02-01T22:51:00,pay_fae4be6ff2dd,processed,{}
setl_2efd86e12554,setl_2efd86e12554,merch_1d7b999b,3655.02,2026-01-21T10:34:00,pay_39243333e7e1,processed,{}
setl_5c5ab771569f,setl_5c5ab771569f,merch_1d7b999b,23589.71,2026-01-23T01:06:00,pay_047d9f926bb9,processed,{}
setl_c43a0011100e,setl_c43a0011100e,merch_1d7b999b,19656.65,2026-01-24T19:57:00,pay_86b3b6078f3c,processed,{}
setl_fa2652dba310,setl_fa2652dba310,merch_1d7b999b,8341.68,2026-01-08T22:48:00,pay_d9868451f57e,processed,{}
setl_e7b0131877dd,setl_e7b0131877dd,merch_1d7b999b,37811.57,2026-01-16T18:08:00,pay_4ec99c1700ff,processed,{}
setl_9c3da0ec09de,setl_9c3da0ec09de,merch_1d7b999b,15588.55,2026-01-22T22:49:00,pay_a62a31e608cb,processed,{}
setl_a466753572ed,setl_a466753572ed,merch_1d7b999b,11267.34,2026-01-29T19:16:00,pay_27305f02e596,processed,{}
setl_210d291efdc8,setl_210d291efdc8,merch_1d7b999b,45871.49,2026-01-12T10:29:00,pay_2ba730c092c2,processed,{}
setl_5a4f2a13ecc4,setl_5a4f2a13ecc4,merch_1d7b999b,30261.57,2026-01-06T16:06:00,pay_07d908053636,processed,{}
setl_2d080421dcd1,setl_2d080421dcd1,merch_1d7b999b,32507.63,2026-01-27T09:34:00,pay_4510fee16176,processed,{}
setl_b3342839e084,setl_b3342839e084,merch_1d7b999b,12004.91,2026-01-09T17:10:00,pay_7af0ac668813,processed,{}
setl_21819761675e,setl_21819761675e,merch_1d7b999b,10491.08,2026-01-24T18:27:00,pay_16d9eb4c571d,processed,{}
setl_21819761675e_dup,setl_21819761675e_dup,merch_1d7b999b,10491.08,2026-01-24T18:27:00,pay_16d9eb4c571d,processed,{}
setl_a0f817f3ad7b,setl_a0f817f3ad7b,merch_1d7b999b,27271.89,2026-01-09T05:42:00,pay_a19e89e4a0f6,processed,{}
setl_a0f817f3ad7b_dup,setl_a0f817f3ad7b_dup,merch_1d7b999b,27271.89,2026-01-09T05:42:00,pay_a19e89e4a0f6,processed,{}
setl_de79cfe1e970,setl_de79cfe1e970,merch_1d7b999b,5804.71,2026-01-21T14:20:00,pay_b40a94bf975f,processed,{}
setl_910fb0a774e9,setl_910fb0a774e9,merch_1d7b999b,47798.58,2026-01-04T19:06:00,pay_e0285e16c1f0,processed,{}
setl_ee0920986ce5,setl_ee0920986ce5,merch_1d7b999b,33042.22,2026-01-04T06:52:00,wrong_pay_37c932062709,processed,{}
setl_7b894e1aedb0,setl_7b894e1aedb0,merch_1d7b999b,31843.03,2026-01-02T04:42:00,pay_fd3f4376d27d,processed,{}
setl_a9dc986e7d85,setl_a9dc986e7d85,merch_1d7b999b,19168.93,2026-01-20T14:12:00,pay_2b9aa6b5757c,processed,{}
setl_8c7259876bf9,setl_8c7259876bf9,merch_1d7b999b,7528.40,2026-01-27T21:19:00,pay_28fd5c34a5c4,processed,{}
setl_4393633788ec,setl_4393633788ec,merch_1d7b999b,29178.08,2026-01-21T16:25:00,pay_05913eecc47f,processed,{}
setl_bd51efb919f7,setl_bd51efb919f7,merch_1d7b999b,44162.41,2026-02-01T01:00:00,pay_aaf1efd39f28,processed,{}
setl_77f897d68f89,setl_77f897d68f89,merch_1d7b999b,43297.41,2026-01-09T13:44:00,pay_0278a64dc737,processed,{}
setl_45b543338bc0,setl_45b543338bc0,merch_1d7b999b,19201.2,2026-01-14T13:34:00,pay_65b89c8878f8,processed,{}
setl_09ae59dacf5a,setl_09ae59dacf5a,merch_1d7b999b,7039.54,2026-01-19T12:53:00,pay_e2257186f1b5,processed,{}
setl_231a00b62c5b,setl_231a00b62c5b,merch_1d7b999b,49883.06,2026-01-23T04:08:00,pay_fc1fa4775221,processed,{}
setl_ec55dadba5b5,setl_ec55dadba5b5,merch_1d7b999b,7285.39,2026-01-30T15:42:00,pay_2e7e6c348027,processed,{}
setl_bac42605a586,setl_bac42605a586,merch_1d7b999b,32147.92,2026-01-15T14:57:00,pay_39502ae73e1e,processed,{}
setl_3277528ba657,setl_3277528ba657,merch_1d7b999b,25519.8,2026-01-19T14:24:00,pay_8b603ece20a2,processed,{}
setl_75351404465c,setl_75351404465c,merch_1d7b999b,30268.21,2026-01-20T15:54:00,pay_983a679aad78,processed,{}
setl_b2f34254bb67,setl_b2f34254bb67,merch_1d7b999b,46335.57,2026-01-20T11:02:00,pay_12ae55f12aa1,processed,{}
setl_ac96c7380440,setl_ac96c7380440,merch_1d7b999b,26367.76,2026-01-29T08:29:00,pay_f57237669e81,processed,{}
setl_821e3a6237f1,setl_821e3a6237f1,merch_1d7b999b,30552.52,2026-01-09T15:40:00,pay_582e814b80c1,processed,{}
setl_ff1792dc6bfc,setl_ff1792dc6bfc,merch_1d7b999b,23496.55,2026-01-18T15:36:00,pay_480b64320207,processed,{}
setl_8ad0e5590d8e,setl_8ad0e5590d8e,merch_1d7b999b,36375.89,2026-01-20T08:03:00,pay_19efbd0e43a5,processed,{}
setl_e60818eccf9c,setl_e60818eccf9c,merch_1d7b999b,2675.83,2026-01-11T23:39:00,pay_338e22588a07,processed,{}
setl_8460f3f57110,setl_8460f3f57110,merch_1d7b999b,6428.38,2026-01-04T08:16:00,pay_810c4d99566a,processed,{}
setl_fa6405b663fd,setl_fa6405b663fd,merch_1d7b999b,32991.87,2026-01-13T05:16:00,pay_3dc83f235da7,processed,{}
setl_6198865db60e,setl_6198865db60e,merch_1d7b999b,26416.7,2026-01-07T10:05:00,pay_ea09a0bb82ba,processed,{}
setl_c61c2a96e3b3,setl_c61c2a96e3b3,merch_1d7b999b,7802.10,2026-01-17T13:49:00,pay_36e2cc9decef,processed,{}
